MISMATCH /usr/bin/perl
  expected: {"gid": 0, "mode": 493, "path": "/usr/bin/perl", "sha256": "a61c60246402a7bf6c63d26bfb0ca8fd23490825a7460439a489bbf8957f0b1f", "size": 21680, "type": "file", "uid": 0}
  actual:   {"gid": 0, "mode": 493, "path": "/usr/bin/perl", "sha256": "204face01d47c24bc662afe4e85992a494ed571749e7ee91e7cb6f731d2f2b0c", "size": 4128984, "type": "file", "uid": 0}
MISMATCH /usr/bin/perl5.42.0
  expected: {"gid": 0, "mode": 493, "path": "/usr/bin/perl5.42.0", "sha256": "a61c60246402a7bf6c63d26bfb0ca8fd23490825a7460439a489bbf8957f0b1f", "size": 21680, "type": "file", "uid": 0}
  actual:   {"gid": 0, "mode": 493, "path": "/usr/bin/perl5.42.0", "sha256": "204face01d47c24bc662afe4e85992a494ed571749e7ee91e7cb6f731d2f2b0c", "size": 4128984, "type": "file", "uid": 0}
MISMATCH /usr/bin/perlbug
  expected: {"gid": 0, "mode": 493, "path": "/usr/bin/perlbug", "sha256": "934c056c73f5d9060e68094e00f8470ba3271540aa1650d9a0807654aad1502e", "size": 45589, "type": "file", "uid": 0}
  actual:   {"gid": 0, "mode": 493, "path": "/usr/bin/perlbug", "sha256": "f32c74bdf2bc3daddd0d652e7e7827786f3018741c01b7716222b538a509868e", "size": 45589, "type": "file", "uid": 0}
MISMATCH /usr/bin/perlivp
  expected: {"gid": 0, "mode": 493, "path": "/usr/bin/perlivp", "sha256": "2264bdf2e037d3f419b2335b897699b4d8589d015142ce7d7e40a010777ad112", "size": 10816, "type": "file", "uid": 0}
  actual:   {"gid": 0, "mode": 493, "path": "/usr/bin/perlivp", "sha256": "6309971cb44339e8dd6ae3446d1be6208141c38d94cd4eadf768dd182e71d92d", "size": 10810, "type": "file", "uid": 0}
MISMATCH /usr/bin/perlthanks
  expected: {"gid": 0, "mode": 493, "path": "/usr/bin/perlthanks", "sha256": "934c056c73f5d9060e68094e00f8470ba3271540aa1650d9a0807654aad1502e", "size": 45589, "type": "file", "uid": 0}
  actual:   {"gid": 0, "mode": 493, "path": "/usr/bin/perlthanks", "sha256": "f32c74bdf2bc3daddd0d652e7e7827786f3018741c01b7716222b538a509868e", "size": 45589, "type": "file", "uid": 0}
MISMATCH /usr/lib/perl5/5.42/core_perl/.packlist
  expected: {"gid": 0, "mode": 420, "path": "/usr/lib/perl5/5.42/core_perl/.packlist", "sha256": "4273263032bfd6b9190b1d27003752c9c977bc1a7b03d18bfaeaf6dd2a4f6a6f", "size": 161535, "type": "file", "uid": 0}
  actual:   {"gid": 0, "mode": 420, "path": "/usr/lib/perl5/5.42/core_perl/.packlist", "sha256": "a5ab0dbddc103ff933ecb356b2da7176397563b07cb32df04f5dbbf27a1269b4", "size": 115299, "type": "file", "uid": 0}
MISMATCH /usr/lib/perl5/5.42/core_perl/CORE/config.h
  expected: {"gid": 0, "mode": 292, "path": "/usr/lib/perl5/5.42/core_perl/CORE/config.h", "sha256": "117ec50c091c53e89425942a7f3c9a2da538c12ca71fba7d09f0445f971cf7ee", "size": 169702, "type": "file", "uid": 0}
  actual:   {"gid": 0, "mode": 292, "path": "/usr/lib/perl5/5.42/core_perl/CORE/config.h", "sha256": "3ec337eb4729b8edbe74f687c3fe44e251f09a63cc49032622600185139e7e65", "size": 169126, "type": "file", "uid": 0}
MISMATCH /usr/lib/perl5/5.42/core_perl/CORE/libperl.so
  expected: {"gid": 0, "mode": 365, "path": "/usr/lib/perl5/5.42/core_perl/CORE/libperl.so", "sha256": "28e77d6426f95267aef6c4af47b9fdc68136a65c824b3c20bcbf4061558d5ed0", "size": 4277376, "type": "file", "uid": 0}
  actual:   {"gid": 0, "mode": 365, "path": "/usr/lib/perl5/5.42/core_perl/CORE/libperl.so", "sha256": "0306f28a55abfe18fa720cec098bf6ed93f6e1f8caaa212eb0feea25a1cfd0dd", "size": 4185688, "type": "file", "uid": 0}
MISMATCH /usr/lib/perl5/5.42/core_perl/Config.pm
  expected: {"gid": 0, "mode": 292, "path": "/usr/lib/perl5/5.42/core_perl/Config.pm", "sha256": "58998ef8dc67959b0c693f60f374c8681876200c1289311872c83e4b04a1994b", "size": 3240, "type": "file", "uid": 0}
  actual:   {"gid": 0, "mode": 292, "path": "/usr/lib/perl5/5.42/core_perl/Config.pm", "sha256": "ff5160804e91f904aa760a62b395867d761bd71da2b070358ed28a1d6062640b", "size": 3224, "type": "file", "uid": 0}
MISMATCH /usr/lib/perl5/5.42/core_perl/Config_heavy.pl
  expected: {"gid": 0, "mode": 292, "path": "/usr/lib/perl5/5.42/core_perl/Config_heavy.pl", "sha256": "289d05fb40c91a900ade6f70d829b62cb24affc6566f622b5cc32fcf10b58ba8", "size": 56791, "type": "file", "uid": 0}
  actual:   {"gid": 0, "mode": 292, "path": "/usr/lib/perl5/5.42/core_perl/Config_heavy.pl", "sha256": "8bfe420e6403b7a5902efe791bd9b345e9a5540a295d256d1a12fce378ff0304", "size": 54706, "type": "file", "uid": 0}
MISMATCH /usr/lib/perl5/5.42/core_perl/Errno.pm
  expected: {"gid": 0, "mode": 292, "path": "/usr/lib/perl5/5.42/core_perl/Errno.pm", "sha256": "c8320166f8b59819fdc43ca679a4fc488f3d8618c0466d67acf42df3f46eb23b", "size": 6839, "type": "file", "uid": 0}
  actual:   {"gid": 0, "mode": 292, "path": "/usr/lib/perl5/5.42/core_perl/Errno.pm", "sha256": "3f4f11a52231a2d218587353131de032e5b18ea3b8b4956d69c328e23cc5bae4", "size": 6809, "type": "file", "uid": 0}
MISMATCH /usr/lib/perl5/5.42/core_perl/auto/B/B.so
  expected: {"gid": 0, "mode": 365, "path": "/usr/lib/perl5/5.42/core_perl/auto/B/B.so", "sha256": "887ae6f509a7aec1b3da7bcd005cd3143927a35074046111f4d9617dbc110924", "size": 110792, "type": "file", "uid": 0}
  actual:   {"gid": 0, "mode": 365, "path": "/usr/lib/perl5/5.42/core_perl/auto/B/B.so", "sha256": "5b92be5f813f87c99f0c4cb756abf32e36efed8c865515d01060a91d79e35874", "size": 115832, "type": "file", "uid": 0}
MISMATCH /usr/lib/perl5/5.42/core_perl/auto/Compress/Raw/Bzip2/Bzip2.so
  expected: {"gid": 0, "mode": 365, "path": "/usr/lib/perl5/5.42/core_perl/auto/Compress/Raw/Bzip2/Bzip2.so", "sha256": "07294eb6c194584d289807aa3fb925384b206045bc299572f544149c00ea94bb", "size": 44864, "type": "file", "uid": 0}
  actual:   {"gid": 0, "mode": 365, "path": "/usr/lib/perl5/5.42/core_perl/auto/Compress/Raw/Bzip2/Bzip2.so", "sha256": "5b07f2478bbe6e64ef4aebdc27005c115e80c201005a7ab0997fdabbc9fada9c", "size": 99760, "type": "file", "uid": 0}
MISMATCH /usr/lib/perl5/5.42/core_perl/auto/Compress/Raw/Zlib/Zlib.so
  expected: {"gid": 0, "mode": 365, "path": "/usr/lib/perl5/5.42/core_perl/auto/Compress/Raw/Zlib/Zlib.so", "sha256": "f90f759d2361c30ad9f07dbb19132013be9584eba18f8a67609cec1d47b37ce3", "size": 82448, "type": "file", "uid": 0}
  actual:   {"gid": 0, "mode": 365, "path": "/usr/lib/perl5/5.42/core_perl/auto/Compress/Raw/Zlib/Zlib.so", "sha256": "551b053d1cc475f8a4d6a29563b9156ff53492d91c96f71093834114c8c38ffa", "size": 157000, "type": "file", "uid": 0}
MISMATCH /usr/lib/perl5/5.42/core_perl/auto/Cwd/Cwd.so
  expected: {"gid": 0, "mode": 365, "path": "/usr/lib/perl5/5.42/core_perl/auto/Cwd/Cwd.so", "sha256": "c4a6d47c01d6d79a04e82590189e451ae690d3017b5686885284578bf2ad723b", "size": 22984, "type": "file", "uid": 0}
  actual:   {"gid": 0, "mode": 365, "path": "/usr/lib/perl5/5.42/core_perl/auto/Cwd/Cwd.so", "sha256": "fe07ec44f366534f05aa23c53977d2931a34257cbe1ed0c521dffbf312810676", "size": 27392, "type": "file", "uid": 0}
MISMATCH /usr/lib/perl5/5.42/core_perl/auto/Data/Dumper/Dumper.so
  expected: {"gid": 0, "mode": 365, "path": "/usr/lib/perl5/5.42/core_perl/auto/Data/Dumper/Dumper.so", "sha256": "fda8aa1c59a3b856529903d9b3bf834f1cf8f4daf68e81655d6369ea51c56d22", "size": 49400, "type": "file", "uid": 0}
  actual:   {"gid": 0, "mode": 365, "path": "/usr/lib/perl5/5.42/core_perl/auto/Data/Dumper/Dumper.so", "sha256": "ac48253aa1515f37449afeeb8479ef1e6f9baa4b35c9510cf924da86c2cc5413", "size": 49936, "type": "file", "uid": 0}
MISMATCH /usr/lib/perl5/5.42/core_perl/auto/Devel/Peek/Peek.so
  expected: {"gid": 0, "mode": 365, "path": "/usr/lib/perl5/5.42/core_perl/auto/Devel/Peek/Peek.so", "sha256": "20ae98297901daee800e53c3ce7c96aa7b955f13cfef3b72af1cdf9b857ffbb8", "size": 23192, "type": "file", "uid": 0}
  actual:   {"gid": 0, "mode": 365, "path": "/usr/lib/perl5/5.42/core_perl/auto/Devel/Peek/Peek.so", "sha256": "815667b9533f74a0ad3397d96f0f37aec6fe6d3ff4718c3bcacffe165773b588", "size": 27704, "type": "file", "uid": 0}
MISMATCH /usr/lib/perl5/5.42/core_perl/auto/Digest/MD5/MD5.so
  expected: {"gid": 0, "mode": 365, "path": "/usr/lib/perl5/5.42/core_perl/auto/Digest/MD5/MD5.so", "sha256": "0ae038c83309f9b44f155ba4494c043218b17d341bab12ac23985d91efccfde0", "size": 27016, "type": "file", "uid": 0}
  actual:   {"gid": 0, "mode": 365, "path": "/usr/lib/perl5/5.42/core_perl/auto/Digest/MD5/MD5.so", "sha256": "56f63268a97447b81101b2068ef3c05eb6aa439bb5ad9ac51af6748b61b9f578", "size": 27144, "type": "file", "uid": 0}
MISMATCH /usr/lib/perl5/5.42/core_perl/auto/Digest/SHA/SHA.so
  expected: {"gid": 0, "mode": 365, "path": "/usr/lib/perl5/5.42/core_perl/auto/Digest/SHA/SHA.so", "sha256": "cea4a6cc5e729731e0a79a5b64268bae7ccc17428b5f1e07622f23d50441c5ed", "size": 51840, "type": "file", "uid": 0}
  actual:   {"gid": 0, "mode": 365, "path": "/usr/lib/perl5/5.42/core_perl/auto/Digest/SHA/SHA.so", "sha256": "1af21f1254a6cab791838a25525b1d90df853e9c7d8b14871ce47c7f9c27ac82", "size": 52088, "type": "file", "uid": 0}
MISMATCH /usr/lib/perl5/5.42/core_perl/auto/Encode/Byte/Byte.so
  expected: {"gid": 0, "mode": 365, "path": "/usr/lib/perl5/5.42/core_perl/auto/Encode/Byte/Byte.so", "sha256": "0891a84bf8f4989f4490fa39dd3d4497816d7ade5155ac5c6e0753e9392ad646", "size": 414576, "type": "file", "uid": 0}
  actual:   {"gid": 0, "mode": 365, "path": "/usr/lib/perl5/5.42/core_perl/auto/Encode/Byte/Byte.so", "sha256": "7db2562f50e91cb381e4d3c11a294871776e3ee2c15befa2a3f2fb9ec0673ac9", "size": 414840, "type": "file", "uid": 0}
MISMATCH /usr/lib/perl5/5.42/core_perl/auto/Encode/CN/CN.so
  expected: {"gid": 0, "mode": 365, "path": "/usr/lib/perl5/5.42/core_perl/auto/Encode/CN/CN.so", "sha256": "66da203f5004947647fc631f90feb8069c562d229dacd8485c9f6e7b1655357a", "size": 2226440, "type": "file", "uid": 0}
  actual:   {"gid": 0, "mode": 365, "path": "/usr/lib/perl5/5.42/core_perl/auto/Encode/CN/CN.so", "sha256": "c30aa1ce863e77b2c56cb80d7f9464048a98d58fe6623fc0a609f8cbc664619c", "size": 2226704, "type": "file", "uid": 0}
MISMATCH /usr/lib/perl5/5.42/core_perl/auto/Encode/EBCDIC/EBCDIC.so
  expected: {"gid": 0, "mode": 365, "path": "/usr/lib/perl5/5.42/core_perl/auto/Encode/EBCDIC/EBCDIC.so", "sha256": "c851c5e883e475ed406d2447a2890aba8055491a8b0da507c2373db130138ace", "size": 52040, "type": "file", "uid": 0}
  actual:   {"gid": 0, "mode": 365, "path": "/usr/lib/perl5/5.42/core_perl/auto/Encode/EBCDIC/EBCDIC.so", "sha256": "cf4767e3ed224373c96c9c60b8379977a07e092b6869a6342f07b7f8157bb6d8", "size": 52304, "type": "file", "uid": 0}
MISMATCH /usr/lib/perl5/5.42/core_perl/auto/Encode/Encode.so
  expected: {"gid": 0, "mode": 365, "path": "/usr/lib/perl5/5.42/core_perl/auto/Encode/Encode.so", "sha256": "cf849cdc841c22c92b4fbd13c6785eeb84997231ec8cc8652dfd525972075543", "size": 55544, "type": "file", "uid": 0}
  actual:   {"gid": 0, "mode": 365, "path": "/usr/lib/perl5/5.42/core_perl/auto/Encode/Encode.so", "sha256": "6e7446a125f3954209cd72146779adef4b31fe5664ce4f7d7caf6bbe8905e625", "size": 56032, "type": "file", "uid": 0}
MISMATCH /usr/lib/perl5/5.42/core_perl/auto/Encode/JP/JP.so
  expected: {"gid": 0, "mode": 365, "path": "/usr/lib/perl5/5.42/core_perl/auto/Encode/JP/JP.so", "sha256": "562164f508bf4f791a5968af4fbfc30c4c657822c5bafb406d5de07b5788bbf3", "size": 2872944, "type": "file", "uid": 0}
  actual:   {"gid": 0, "mode": 365, "path": "/usr/lib/perl5/5.42/core_perl/auto/Encode/JP/JP.so", "sha256": "9f6fc3acb4fcebddf378524bacbc9fd64107ea587825c5e6bd6fc361bae2fef0", "size": 2873208, "type": "file", "uid": 0}
MISMATCH /usr/lib/perl5/5.42/core_perl/auto/Encode/KR/KR.so
  expected: {"gid": 0, "mode": 365, "path": "/usr/lib/perl5/5.42/core_perl/auto/Encode/KR/KR.so", "sha256": "55c9d1af23cd59ed8e96d7750fb548e9da04c53aea1197a7a53c32c36bf5e4aa", "size": 2560360, "type": "file", "uid": 0}
  actual:   {"gid": 0, "mode": 365, "path": "/usr/lib/perl5/5.42/core_perl/auto/Encode/KR/KR.so", "sha256": "5051b80f42d42c6947d9e4af7bc2222065081cd93f29531502a97eb7e6c858d3", "size": 2560624, "type": "file", "uid": 0}
MISMATCH /usr/lib/perl5/5.42/core_perl/auto/Encode/Symbol/Symbol.so
  expected: {"gid": 0, "mode": 365, "path": "/usr/lib/perl5/5.42/core_perl/auto/Encode/Symbol/Symbol.so", "sha256": "1073ceb25921436fa8b2a1cf6184e5dfa721485c121887c3563c36b6ee81df5c", "size": 68160, "type": "file", "uid": 0}
  actual:   {"gid": 0, "mode": 365, "path": "/usr/lib/perl5/5.42/core_perl/auto/Encode/Symbol/Symbol.so", "sha256": "5b12b7e4e08a828acf41f531e49ceb493af4af39238acc2d810e10f48f482a8c", "size": 68424, "type": "file", "uid": 0}
MISMATCH /usr/lib/perl5/5.42/core_perl/auto/Encode/TW/TW.so
  expected: {"gid": 0, "mode": 365, "path": "/usr/lib/perl5/5.42/core_perl/auto/Encode/TW/TW.so", "sha256": "39d4c6379b16676f3faa14327be306955b225aa2b17b5db03011f1488e278684", "size": 2158032, "type": "file", "uid": 0}
  actual:   {"gid": 0, "mode": 365, "path": "/usr/lib/perl5/5.42/core_perl/auto/Encode/TW/TW.so", "sha256": "7a85583438c6be520befcfdc1a77b3a6907dd291d3b98a7c3346a64ed46d5d13", "size": 2158296, "type": "file", "uid": 0}
MISMATCH /usr/lib/perl5/5.42/core_perl/auto/Encode/Unicode/Unicode.so
  expected: {"gid": 0, "mode": 365, "path": "/usr/lib/perl5/5.42/core_perl/auto/Encode/Unicode/Unicode.so", "sha256": "e419a7ad4e6913a7301f7d2b4f25f099d03c6436039a810069299e3be9193a86", "size": 26648, "type": "file", "uid": 0}
  actual:   {"gid": 0, "mode": 365, "path": "/usr/lib/perl5/5.42/core_perl/auto/Encode/Unicode/Unicode.so", "sha256": "b1647cb1ce15bec755933a295f9ce64b608d384c009c1f0f89e4fe64b73bec27", "size": 26760, "type": "file", "uid": 0}
MISMATCH /usr/lib/perl5/5.42/core_perl/auto/Fcntl/Fcntl.so
  expected: {"gid": 0, "mode": 365, "path": "/usr/lib/perl5/5.42/core_perl/auto/Fcntl/Fcntl.so", "sha256": "6237c6154f1c81f716e268f9e562178303ffbf83a4649c15f20057d0b3efd7aa", "size": 26440, "type": "file", "uid": 0}
  actual:   {"gid": 0, "mode": 365, "path": "/usr/lib/perl5/5.42/core_perl/auto/Fcntl/Fcntl.so", "sha256": "f0a85cf397e89a3df2959f6793f5049cdfcebc2c56331d2ee25e5f5e4a14edf7", "size": 26856, "type": "file", "uid": 0}
MISMATCH /usr/lib/perl5/5.42/core_perl/auto/File/DosGlob/DosGlob.so
  expected: {"gid": 0, "mode": 365, "path": "/usr/lib/perl5/5.42/core_perl/auto/File/DosGlob/DosGlob.so", "sha256": "b997682be18ee483e4c2f5a1e452433594bc1d35c57129edb42ea58ef9b3b002", "size": 17032, "type": "file", "uid": 0}
  actual:   {"gid": 0, "mode": 365, "path": "/usr/lib/perl5/5.42/core_perl/auto/File/DosGlob/DosGlob.so", "sha256": "068ffef70d270440faa8dc311f44a074984235cc03b18dcb8be4cdc244f578e7", "size": 17216, "type": "file", "uid": 0}
MISMATCH /usr/lib/perl5/5.42/core_perl/auto/File/Glob/Glob.so
  expected: {"gid": 0, "mode": 365, "path": "/usr/lib/perl5/5.42/core_perl/auto/File/Glob/Glob.so", "sha256": "4028c1cce6cba91c129e8386f7f344ce051bdec614dd818bd5300dacf86139f8", "size": 37544, "type": "file", "uid": 0}
  actual:   {"gid": 0, "mode": 365, "path": "/usr/lib/perl5/5.42/core_perl/auto/File/Glob/Glob.so", "sha256": "a8899792de17e6233f81952ebf44c2ea51329882826b238804717c22177fadee", "size": 37808, "type": "file", "uid": 0}
MISMATCH /usr/lib/perl5/5.42/core_perl/auto/Filter/Util/Call/Call.so
  expected: {"gid": 0, "mode": 365, "path": "/usr/lib/perl5/5.42/core_perl/auto/Filter/Util/Call/Call.so", "sha256": "9117bc7b629fac154e25d4fabb2e2508395403935e9bb02813334726ca2b5769", "size": 18576, "type": "file", "uid": 0}
  actual:   {"gid": 0, "mode": 365, "path": "/usr/lib/perl5/5.42/core_perl/auto/Filter/Util/Call/Call.so", "sha256": "1e9b5ae4918115b8fab1fbf248bfb5c2766758181a7722ce71061ad204b28ba1", "size": 23040, "type": "file", "uid": 0}
MISMATCH /usr/lib/perl5/5.42/core_perl/auto/GDBM_File/GDBM_File.so
  expected: {"gid": 0, "mode": 365, "path": "/usr/lib/perl5/5.42/core_perl/auto/GDBM_File/GDBM_File.so", "sha256": "58cf35c904c06cbbb06ccf63da4bb16624c08de4cd440d49e932eeac374fcb48", "size": 63424, "type": "file", "uid": 0}
  actual:   {"gid": 0, "mode": 365, "path": "/usr/lib/perl5/5.42/core_perl/auto/GDBM_File/GDBM_File.so", "sha256": "181af4903042dff7c69f1175ee003f2a5ca228a0e1c4b0efb7c24acfe92c552b", "size": 63824, "type": "file", "uid": 0}
MISMATCH /usr/lib/perl5/5.42/core_perl/auto/Hash/Util/FieldHash/FieldHash.so
  expected: {"gid": 0, "mode": 365, "path": "/usr/lib/perl5/5.42/core_perl/auto/Hash/Util/FieldHash/FieldHash.so", "sha256": "89a1f288ceec90620760f02604ffd1a40081e01ccbdc3904b75e5ee6b73ebfe1", "size": 27744, "type": "file", "uid": 0}
  actual:   {"gid": 0, "mode": 365, "path": "/usr/lib/perl5/5.42/core_perl/auto/Hash/Util/FieldHash/FieldHash.so", "sha256": "63401b570ec1e558f2a88cbb690ff225e0bfa708920312164f0c435fd299f67b", "size": 28240, "type": "file", "uid": 0}
MISMATCH /usr/lib/perl5/5.42/core_perl/auto/Hash/Util/Util.so
  expected: {"gid": 0, "mode": 365, "path": "/usr/lib/perl5/5.42/core_perl/auto/Hash/Util/Util.so", "sha256": "97db806ecbe97e137c714766437af360224c6b9891b9922c905cd40f30a3ed74", "size": 27320, "type": "file", "uid": 0}
  actual:   {"gid": 0, "mode": 365, "path": "/usr/lib/perl5/5.42/core_perl/auto/Hash/Util/Util.so", "sha256": "ff203c86618e68873a21863c8adb8816bfaf3d149cf40cff2ce5f31e80162400", "size": 31688, "type": "file", "uid": 0}
MISMATCH /usr/lib/perl5/5.42/core_perl/auto/I18N/Langinfo/Langinfo.so
  expected: {"gid": 0, "mode": 365, "path": "/usr/lib/perl5/5.42/core_perl/auto/I18N/Langinfo/Langinfo.so", "sha256": "913b79127ce5f05aec360338b8322a122548f2cffc34f903993afb1e45e8b946", "size": 25840, "type": "file", "uid": 0}
  actual:   {"gid": 0, "mode": 365, "path": "/usr/lib/perl5/5.42/core_perl/auto/I18N/Langinfo/Langinfo.so", "sha256": "50d7da42b8bf61a06197c1304f713057dd2388ad065a8980c1b5fea84ac298fa", "size": 25968, "type": "file", "uid": 0}
MISMATCH /usr/lib/perl5/5.42/core_perl/auto/IO/IO.so
  expected: {"gid": 0, "mode": 365, "path": "/usr/lib/perl5/5.42/core_perl/auto/IO/IO.so", "sha256": "c8c667929a552872a9ae68f97e91759621e45318c8cc02b6b72d75cf2b17e414", "size": 27776, "type": "file", "uid": 0}
  actual:   {"gid": 0, "mode": 365, "path": "/usr/lib/perl5/5.42/core_perl/auto/IO/IO.so", "sha256": "f0be9c4e745bf9eb2741406b0a6c57a3f2dd5dc631bad53feee2a65bdef8c941", "size": 28080, "type": "file", "uid": 0}
MISMATCH /usr/lib/perl5/5.42/core_perl/auto/IPC/SysV/SysV.so
  expected: {"gid": 0, "mode": 365, "path": "/usr/lib/perl5/5.42/core_perl/auto/IPC/SysV/SysV.so", "sha256": "5eaac380724d753a04a3916c3025736f7d107c4d3de7fddfe4fa2a1ca9276f69", "size": 31016, "type": "file", "uid": 0}
  actual:   {"gid": 0, "mode": 365, "path": "/usr/lib/perl5/5.42/core_perl/auto/IPC/SysV/SysV.so", "sha256": "7188cb21186ea19533e4d16aaa5125b3cd892363e7f50e4382bcfa445246b3b2", "size": 27136, "type": "file", "uid": 0}
MISMATCH /usr/lib/perl5/5.42/core_perl/auto/List/Util/Util.so
  expected: {"gid": 0, "mode": 365, "path": "/usr/lib/perl5/5.42/core_perl/auto/List/Util/Util.so", "sha256": "af1c0dcb59221dc5c2a9d8b92d20de1e64b974c25f7c4cb652412faebcf78802", "size": 67432, "type": "file", "uid": 0}
  actual:   {"gid": 0, "mode": 365, "path": "/usr/lib/perl5/5.42/core_perl/auto/List/Util/Util.so", "sha256": "955ef7bd3ab91a68d84bd33d6fac41ddd45b66bd5fc900241c15efcf9c341920", "size": 76640, "type": "file", "uid": 0}
MISMATCH /usr/lib/perl5/5.42/core_perl/auto/MIME/Base64/Base64.so
  expected: {"gid": 0, "mode": 365, "path": "/usr/lib/perl5/5.42/core_perl/auto/MIME/Base64/Base64.so", "sha256": "e89bb2eaa206fee3e53a7bff6f3fbb17fbbbede8f7bf9aea1bb640943f3d0381", "size": 22088, "type": "file", "uid": 0}
  actual:   {"gid": 0, "mode": 365, "path": "/usr/lib/perl5/5.42/core_perl/auto/MIME/Base64/Base64.so", "sha256": "608896ad0cab28ae4a5118eecc83dc1d109bfdffe5b4209b02787c1533918bc5", "size": 22336, "type": "file", "uid": 0}
MISMATCH /usr/lib/perl5/5.42/core_perl/auto/Math/BigInt/FastCalc/FastCalc.so
  expected: {"gid": 0, "mode": 365, "path": "/usr/lib/perl5/5.42/core_perl/auto/Math/BigInt/FastCalc/FastCalc.so", "sha256": "2dac7b7997eea909bdff5a26519b459e080ed1399f96ed5ed9615b4293f97159", "size": 22504, "type": "file", "uid": 0}
  actual:   {"gid": 0, "mode": 365, "path": "/usr/lib/perl5/5.42/core_perl/auto/Math/BigInt/FastCalc/FastCalc.so", "sha256": "4895466d68f0ddb2f213d28b4fc8bb82efed04884558788c63c774cbc7b4937e", "size": 22760, "type": "file", "uid": 0}
MISMATCH /usr/lib/perl5/5.42/core_perl/auto/NDBM_File/NDBM_File.so
  expected: {"gid": 0, "mode": 365, "path": "/usr/lib/perl5/5.42/core_perl/auto/NDBM_File/NDBM_File.so", "sha256": "c8e28a4c214ca8f4c5240f85c84a8942d1fcac35a7d63198b62e144dd3f66927", "size": 27152, "type": "file", "uid": 0}
  actual:   {"gid": 0, "mode": 365, "path": "/usr/lib/perl5/5.42/core_perl/auto/NDBM_File/NDBM_File.so", "sha256": "fe952da0b32a901e57d17ad25a973e465bdfc5ee4e182e883d04bdfdfef80f53", "size": 31640, "type": "file", "uid": 0}
MISMATCH /usr/lib/perl5/5.42/core_perl/auto/ODBM_File/ODBM_File.so
  expected: {"gid": 0, "mode": 365, "path": "/usr/lib/perl5/5.42/core_perl/auto/ODBM_File/ODBM_File.so", "sha256": "80d8739a7c0e61722b3e0857c5646a424dfcbb11e5a0ec82fae6619afd56b1fc", "size": 27312, "type": "file", "uid": 0}
  actual:   {"gid": 0, "mode": 365, "path": "/usr/lib/perl5/5.42/core_perl/auto/ODBM_File/ODBM_File.so", "sha256": "1324eb331c89885e4dc272e973e0e1f02e7ef53da01e03f6ef884384fd9e17ee", "size": 31744, "type": "file", "uid": 0}
MISMATCH /usr/lib/perl5/5.42/core_perl/auto/Opcode/Opcode.so
  expected: {"gid": 0, "mode": 365, "path": "/usr/lib/perl5/5.42/core_perl/auto/Opcode/Opcode.so", "sha256": "7dbe8671f118cfb9c3c83d3a00e1ec4698a7c65ea48248d3a1628dde74000293", "size": 27664, "type": "file", "uid": 0}
  actual:   {"gid": 0, "mode": 365, "path": "/usr/lib/perl5/5.42/core_perl/auto/Opcode/Opcode.so", "sha256": "11456e9686f40eabcb3e319b20a58817ce95cd48f92f3e86c8c351aa778caa38", "size": 32520, "type": "file", "uid": 0}
MISMATCH /usr/lib/perl5/5.42/core_perl/auto/POSIX/POSIX.so
  expected: {"gid": 0, "mode": 365, "path": "/usr/lib/perl5/5.42/core_perl/auto/POSIX/POSIX.so", "sha256": "d8438b92567d302273d2cd79bcf9f40551fbe84fcf46e2c613aab196da017a6c", "size": 121280, "type": "file", "uid": 0}
  actual:   {"gid": 0, "mode": 365, "path": "/usr/lib/perl5/5.42/core_perl/auto/POSIX/POSIX.so", "sha256": "762fb08b54cff30141dc8a708ae46af6a45898ba2c395498b47562360eda1187", "size": 125872, "type": "file", "uid": 0}
MISMATCH /usr/lib/perl5/5.42/core_perl/auto/PerlIO/encoding/encoding.so
  expected: {"gid": 0, "mode": 365, "path": "/usr/lib/perl5/5.42/core_perl/auto/PerlIO/encoding/encoding.so", "sha256": "30a47690a5b9f87f41fa716023a8356f6ac36e50e4be09d68d3e161159d23f8b", "size": 33216, "type": "file", "uid": 0}
  actual:   {"gid": 0, "mode": 365, "path": "/usr/lib/perl5/5.42/core_perl/auto/PerlIO/encoding/encoding.so", "sha256": "f308d07d948e5746b0e27cdc1f6c102a2eaa1be4404fe3d74e5d96908e6102dc", "size": 33808, "type": "file", "uid": 0}
MISMATCH /usr/lib/perl5/5.42/core_perl/auto/PerlIO/mmap/mmap.so
  expected: {"gid": 0, "mode": 365, "path": "/usr/lib/perl5/5.42/core_perl/auto/PerlIO/mmap/mmap.so", "sha256": "a63e7d7cdff33d9ae2640562099d4842a4fd3dd780ae3838df2bcffd0d09b8f3", "size": 18808, "type": "file", "uid": 0}
  actual:   {"gid": 0, "mode": 365, "path": "/usr/lib/perl5/5.42/core_perl/auto/PerlIO/mmap/mmap.so", "sha256": "62d5ca03d8fc12b0cb9a2258f913bf6ee9a4f35848f582b176923790d8ac6ea8", "size": 18808, "type": "file", "uid": 0}
MISMATCH /usr/lib/perl5/5.42/core_perl/auto/PerlIO/via/via.so
  expected: {"gid": 0, "mode": 365, "path": "/usr/lib/perl5/5.42/core_perl/auto/PerlIO/via/via.so", "sha256": "aa159b6b90fe62d082a1e63365d61a2b1410a377441225dc37fb2038247bdda6", "size": 33008, "type": "file", "uid": 0}
  actual:   {"gid": 0, "mode": 365, "path": "/usr/lib/perl5/5.42/core_perl/auto/PerlIO/via/via.so", "sha256": "195a9a24af8ffcb2d6105685880524bac490a31ddf139ccde7ee794cfc887e91", "size": 29272, "type": "file", "uid": 0}
MISMATCH /usr/lib/perl5/5.42/core_perl/auto/SDBM_File/SDBM_File.so
  expected: {"gid": 0, "mode": 365, "path": "/usr/lib/perl5/5.42/core_perl/auto/SDBM_File/SDBM_File.so", "sha256": "bd8b63992227ce442232191d2ddbdf7ac7cb29892ba3a78fb7b0f38637e0f665", "size": 36800, "type": "file", "uid": 0}
  actual:   {"gid": 0, "mode": 365, "path": "/usr/lib/perl5/5.42/core_perl/auto/SDBM_File/SDBM_File.so", "sha256": "34f324d14fc43720f0906ff77a1ad5f5420d1d97c7fd6294150b4719ce85562c", "size": 41288, "type": "file", "uid": 0}
MISMATCH /usr/lib/perl5/5.42/core_perl/auto/Socket/Socket.so
  expected: {"gid": 0, "mode": 365, "path": "/usr/lib/perl5/5.42/core_perl/auto/Socket/Socket.so", "sha256": "cbdbe551ea75ff78fde43e40d7c45729c208eb95e339076becc1bf06502eb97c", "size": 52936, "type": "file", "uid": 0}
  actual:   {"gid": 0, "mode": 365, "path": "/usr/lib/perl5/5.42/core_perl/auto/Socket/Socket.so", "sha256": "4def37d815d694aa86bcb88749dcb4a9cb650bbf2773b6ba60cc9de518f98a5c", "size": 53272, "type": "file", "uid": 0}
MISMATCH /usr/lib/perl5/5.42/core_perl/auto/Storable/Storable.so
  expected: {"gid": 0, "mode": 365, "path": "/usr/lib/perl5/5.42/core_perl/auto/Storable/Storable.so", "sha256": "69a9d9688b8d134cb3e9aea53a2e82b5fa98f692751ac105a213eeebc1ec4772", "size": 127704, "type": "file", "uid": 0}
  actual:   {"gid": 0, "mode": 365, "path": "/usr/lib/perl5/5.42/core_perl/auto/Storable/Storable.so", "sha256": "6d6fb88000dcd55d2de7bc9fc6d566371199b04e0538983abf67e7d9051b3983", "size": 127984, "type": "file", "uid": 0}
MISMATCH /usr/lib/perl5/5.42/core_perl/auto/Sys/Hostname/Hostname.so
  expected: {"gid": 0, "mode": 365, "path": "/usr/lib/perl5/5.42/core_perl/auto/Sys/Hostname/Hostname.so", "sha256": "70e4b7229ef036a1430535b7954bb7deea550a0ff63a4c7091e1102c4df3caf2", "size": 17032, "type": "file", "uid": 0}
  actual:   {"gid": 0, "mode": 365, "path": "/usr/lib/perl5/5.42/core_perl/auto/Sys/Hostname/Hostname.so", "sha256": "75c48fda4fd34bc8e42d31c3ceccc6834145300538e85efc2941c716c396092e", "size": 17224, "type": "file", "uid": 0}
MISMATCH /usr/lib/perl5/5.42/core_perl/auto/Sys/Syslog/Syslog.so
  expected: {"gid": 0, "mode": 365, "path": "/usr/lib/perl5/5.42/core_perl/auto/Sys/Syslog/Syslog.so", "sha256": "8b9b5519834ace9e6cd33c0cdf3a41120d765626e60e45ba92ce66febedc874f", "size": 26776, "type": "file", "uid": 0}
  actual:   {"gid": 0, "mode": 365, "path": "/usr/lib/perl5/5.42/core_perl/auto/Sys/Syslog/Syslog.so", "sha256": "39219d330e18237874e6da5acc9bc8992dd8419f072adc8e88d1dcaea44cf231", "size": 26872, "type": "file", "uid": 0}
MISMATCH /usr/lib/perl5/5.42/core_perl/auto/Time/HiRes/HiRes.so
  expected: {"gid": 0, "mode": 365, "path": "/usr/lib/perl5/5.42/core_perl/auto/Time/HiRes/HiRes.so", "sha256": "e3df0f6320036793d614b2203336389cdae5a175fb0221615a27dbdeeeaf4297", "size": 40104, "type": "file", "uid": 0}
  actual:   {"gid": 0, "mode": 365, "path": "/usr/lib/perl5/5.42/core_perl/auto/Time/HiRes/HiRes.so", "sha256": "be7a26ead40a261d3eeb64857d99c4bd85576ef8160060940629eacf26440e9c", "size": 40456, "type": "file", "uid": 0}
MISMATCH /usr/lib/perl5/5.42/core_perl/auto/Time/Piece/Piece.so
  expected: {"gid": 0, "mode": 365, "path": "/usr/lib/perl5/5.42/core_perl/auto/Time/Piece/Piece.so", "sha256": "6e0d5318ccea7c5906c0f66e062e3916421d62879f4512388a11459904de0ce4", "size": 27152, "type": "file", "uid": 0}
  actual:   {"gid": 0, "mode": 365, "path": "/usr/lib/perl5/5.42/core_perl/auto/Time/Piece/Piece.so", "sha256": "48f7d915448155d6da2deafd5b6be6cee0df7e4077b0a9bb9b0ff45f84d4d482", "size": 31472, "type": "file", "uid": 0}
MISMATCH /usr/lib/perl5/5.42/core_perl/auto/Unicode/Collate/Collate.so
  expected: {"gid": 0, "mode": 365, "path": "/usr/lib/perl5/5.42/core_perl/auto/Unicode/Collate/Collate.so", "sha256": "bb220486b8cbb2c380f5e60556fcbe24ca247c28e5fb8cf7a5fb460bbc36fc27", "size": 1590264, "type": "file", "uid": 0}
  actual:   {"gid": 0, "mode": 365, "path": "/usr/lib/perl5/5.42/core_perl/auto/Unicode/Collate/Collate.so", "sha256": "c9ddd6fb2a03ee6f2180fe6f759dbbe05bcc7b9c622540c7e6cf3c7a479fbd8c", "size": 1586352, "type": "file", "uid": 0}
MISMATCH /usr/lib/perl5/5.42/core_perl/auto/Unicode/Normalize/Normalize.so
  expected: {"gid": 0, "mode": 365, "path": "/usr/lib/perl5/5.42/core_perl/auto/Unicode/Normalize/Normalize.so", "sha256": "b73fd407e6e3f852f2472affaf25490e1d50839a4f9ef95ae4a728fb36c9a3e2", "size": 663136, "type": "file", "uid": 0}
  actual:   {"gid": 0, "mode": 365, "path": "/usr/lib/perl5/5.42/core_perl/auto/Unicode/Normalize/Normalize.so", "sha256": "0ab5b081834198aaba05ebf6c26cebdc63f83055da6a29de6a5cd2f09c3f86f9", "size": 663416, "type": "file", "uid": 0}
MISMATCH /usr/lib/perl5/5.42/core_perl/auto/attributes/attributes.so
  expected: {"gid": 0, "mode": 365, "path": "/usr/lib/perl5/5.42/core_perl/auto/attributes/attributes.so", "sha256": "a7f8e6daab1b421bb110aa4bf4dfe91e9a36ccce8221b885a05b97db2aeb8f62", "size": 17856, "type": "file", "uid": 0}
  actual:   {"gid": 0, "mode": 365, "path": "/usr/lib/perl5/5.42/core_perl/auto/attributes/attributes.so", "sha256": "8ef948fd7e37d8ee0479f1cce52c1a94e63f3caf9242ab0fb329ee977f391a5b", "size": 18112, "type": "file", "uid": 0}
MISMATCH /usr/lib/perl5/5.42/core_perl/auto/mro/mro.so
  expected: {"gid": 0, "mode": 365, "path": "/usr/lib/perl5/5.42/core_perl/auto/mro/mro.so", "sha256": "790bb3ec2ab12853335c96b80c0d8440a7005e1d63760dd6df858a2ca599bd69", "size": 32024, "type": "file", "uid": 0}
  actual:   {"gid": 0, "mode": 365, "path": "/usr/lib/perl5/5.42/core_perl/auto/mro/mro.so", "sha256": "2eb67a4913fb864ab511f3b2f2b28344ffb1f79f2e790283177e0ba8af59fe17", "size": 32520, "type": "file", "uid": 0}
MISMATCH /usr/lib/perl5/5.42/core_perl/auto/re/re.so
  expected: {"gid": 0, "mode": 365, "path": "/usr/lib/perl5/5.42/core_perl/auto/re/re.so", "sha256": "a8b879ef88afdceb5b2383685d99a59f251f60056b99b29d094f2e54831c3741", "size": 727320, "type": "file", "uid": 0}
  actual:   {"gid": 0, "mode": 365, "path": "/usr/lib/perl5/5.42/core_perl/auto/re/re.so", "sha256": "14daf6d00e779c73d1cbeb2d3eb92e2b133b37cf5b474192641c54644b8aae81", "size": 716416, "type": "file", "uid": 0}
MISMATCH /usr/lib/perl5/5.42/core_perl/auto/threads/shared/shared.so
  expected: {"gid": 0, "mode": 365, "path": "/usr/lib/perl5/5.42/core_perl/auto/threads/shared/shared.so", "sha256": "9fa54b39da4477f48f3f51765ae55dcc2b7e0ce592e520e2e0a60db9692467c3", "size": 52224, "type": "file", "uid": 0}
  actual:   {"gid": 0, "mode": 365, "path": "/usr/lib/perl5/5.42/core_perl/auto/threads/shared/shared.so", "sha256": "44a33871c10dc5456fceedc116de6bd62c756a90e0697310e844e45459997a0c", "size": 16616, "type": "file", "uid": 0}
MISMATCH /usr/lib/perl5/5.42/core_perl/auto/threads/threads.so
  expected: {"gid": 0, "mode": 365, "path": "/usr/lib/perl5/5.42/core_perl/auto/threads/threads.so", "sha256": "89e6b857dbd083f604f2e403742e2d1c3e2651650ebc54a6f5335e8a25b2a29e", "size": 51856, "type": "file", "uid": 0}
  actual:   {"gid": 0, "mode": 365, "path": "/usr/lib/perl5/5.42/core_perl/auto/threads/threads.so", "sha256": "44aa17dd45fb174165ca8998dff258fa0ab83fc3648d1847eca5371be6200827", "size": 16608, "type": "file", "uid": 0}
MISMATCH /usr/share/man/man1/corelist.1
  expected: {"gid": 0, "mode": 420, "path": "/usr/share/man/man1/corelist.1", "sha256": "06705a721ec5ee50e8991cc2446e82da3c0f78d819d706d4dd5316a1b46ff814", "size": 7396, "type": "file", "uid": 0}
  actual:   MISSING
MISMATCH /usr/share/man/man1/cpan.1
  expected: {"gid": 0, "mode": 420, "path": "/usr/share/man/man1/cpan.1", "sha256": "2144a6ed55183e0eadf5e33ddd2fbe6a32e395be85c5f1be8c65bd23d24f436c", "size": 11348, "type": "file", "uid": 0}
  actual:   MISSING
MISMATCH /usr/share/man/man1/enc2xs.1
  expected: {"gid": 0, "mode": 420, "path": "/usr/share/man/man1/enc2xs.1", "sha256": "097976c06c4c4aa3cddf1fe5e46160fbb1d0bd3e4c48e0d55265c59d1bddaff7", "size": 10347, "type": "file", "uid": 0}
  actual:   MISSING
MISMATCH /usr/share/man/man1/encguess.1
  expected: {"gid": 0, "mode": 420, "path": "/usr/share/man/man1/encguess.1", "sha256": "8d9b8920bd4fa9bfce5eef714e305033f7cc6d0471671865c3d3935201e08bf8", "size": 3780, "type": "file", "uid": 0}
  actual:   MISSING
MISMATCH /usr/share/man/man1/h2ph.1
  expected: {"gid": 0, "mode": 420, "path": "/usr/share/man/man1/h2ph.1", "sha256": "728dfea40a7512b9196f2e5a5e0a861e95e4f23673091a58f7d2e0e4bbcfdd9b", "size": 5376, "type": "file", "uid": 0}
  actual:   MISSING
MISMATCH /usr/share/man/man1/h2xs.1
  expected: {"gid": 0, "mode": 420, "path": "/usr/share/man/man1/h2xs.1", "sha256": "2b3ffcdd08ee5f1f704fe64999252afbbca11fe426928f86c9dcb991f8507300", "size": 18283, "type": "file", "uid": 0}
  actual:   MISSING
MISMATCH /usr/share/man/man1/instmodsh.1
  expected: {"gid": 0, "mode": 420, "path": "/usr/share/man/man1/instmodsh.1", "sha256": "7cb67ac942edbb49670bc1df632e143d4232f8815d80f0e961cda75a389e2055", "size": 2002, "type": "file", "uid": 0}
  actual:   MISSING
MISMATCH /usr/share/man/man1/json_pp.1
  expected: {"gid": 0, "mode": 420, "path": "/usr/share/man/man1/json_pp.1", "sha256": "5d7c0147eca089222172879ed3847b994d523361a2a2fae79115e92c79c25326", "size": 4613, "type": "file", "uid": 0}
  actual:   MISSING
MISMATCH /usr/share/man/man1/libnetcfg.1
  expected: {"gid": 0, "mode": 420, "path": "/usr/share/man/man1/libnetcfg.1", "sha256": "18ed068053b433947fe8baad021fa9e61172be61b231132ab15c7875cc86d831", "size": 3462, "type": "file", "uid": 0}
  actual:   MISSING
MISMATCH /usr/share/man/man1/perl.1
  expected: {"gid": 0, "mode": 420, "path": "/usr/share/man/man1/perl.1", "sha256": "1485a655109a49aa286003efcc80ebd90a1ad9909c7f4109cbac336e53c45f5c", "size": 22359, "type": "file", "uid": 0}
  actual:   MISSING
MISMATCH /usr/share/man/man1/perl5004delta.1
  expected: {"gid": 0, "mode": 420, "path": "/usr/share/man/man1/perl5004delta.1", "sha256": "0bf3cdb3ddbeb94b9b17a12421b50c6a2da4a61d89bdde3e77bd4757171dabee", "size": 70865, "type": "file", "uid": 0}
  actual:   MISSING
MISMATCH /usr/share/man/man1/perl5005delta.1
  expected: {"gid": 0, "mode": 420, "path": "/usr/share/man/man1/perl5005delta.1", "sha256": "94f6b9de49ca16327a30487fddaa5194baa6fb492b8686bce938aaa058d48442", "size": 44498, "type": "file", "uid": 0}
  actual:   MISSING
MISMATCH /usr/share/man/man1/perl5100delta.1
  expected: {"gid": 0, "mode": 420, "path": "/usr/share/man/man1/perl5100delta.1", "sha256": "5111cf2761b952c0fffd2843b39e30011ac4867a7e5ad85fd013c847229c9e50", "size": 73155, "type": "file", "uid": 0}
  actual:   MISSING
MISMATCH /usr/share/man/man1/perl5101delta.1
  expected: {"gid": 0, "mode": 420, "path": "/usr/share/man/man1/perl5101delta.1", "sha256": "cc49b1d0579c2d186108d4f85e6729509e530830abc15e3b05b4e1443aa89435", "size": 61408, "type": "file", "uid": 0}
  actual:   MISSING
MISMATCH /usr/share/man/man1/perl5120delta.1
  expected: {"gid": 0, "mode": 420, "path": "/usr/share/man/man1/perl5120delta.1", "sha256": "5905640b1c82f0ba4cde034d04c7fd64dd07b95e12ec0c9b1913c51ab8dcd6f0", "size": 112634, "type": "file", "uid": 0}
  actual:   MISSING
MISMATCH /usr/share/man/man1/perl5121delta.1
  expected: {"gid": 0, "mode": 420, "path": "/usr/share/man/man1/perl5121delta.1", "sha256": "3cedfd4e3e466e60316322eb303a0114a120ac43866aade6967348c9f973593b", "size": 12515, "type": "file", "uid": 0}
  actual:   MISSING
MISMATCH /usr/share/man/man1/perl5122delta.1
  expected: {"gid": 0, "mode": 420, "path": "/usr/share/man/man1/perl5122delta.1", "sha256": "9c455f6bc1b801fa9cc22fc7b3df49bc224f707df04412ab4f6b18176b14bba5", "size": 12670, "type": "file", "uid": 0}
  actual:   MISSING
MISMATCH /usr/share/man/man1/perl5123delta.1
  expected: {"gid": 0, "mode": 420, "path": "/usr/share/man/man1/perl5123delta.1", "sha256": "c18187b39c94c3ad0a7ead1df69ec55ebf58de2a7a4a2ad0731bbf92a466cc48", "size": 6203, "type": "file", "uid": 0}
  actual:   MISSING
MISMATCH /usr/share/man/man1/perl5124delta.1
  expected: {"gid": 0, "mode": 420, "path": "/usr/share/man/man1/perl5124delta.1", "sha256": "6ad82c3d99ff7ae93c6d52ba7834428ebd331cb8434c42a987d7c250611af1e4", "size": 5758, "type": "file", "uid": 0}
  actual:   MISSING
MISMATCH /usr/share/man/man1/perl5125delta.1
  expected: {"gid": 0, "mode": 420, "path": "/usr/share/man/man1/perl5125delta.1", "sha256": "d262137a892a0171b3973ec0eca9b048bdb6dcd8949a336e67535474dbcf865a", "size": 10878, "type": "file", "uid": 0}
  actual:   MISSING
MISMATCH /usr/share/man/man1/perl5140delta.1
  expected: {"gid": 0, "mode": 420, "path": "/usr/share/man/man1/perl5140delta.1", "sha256": "b1913f224bcc8e78d21b3d24927143fbaad007c79bb6a1aadd88f8714ef21a4a", "size": 170677, "type": "file", "uid": 0}
  actual:   MISSING
MISMATCH /usr/share/man/man1/perl5141delta.1
  expected: {"gid": 0, "mode": 420, "path": "/usr/share/man/man1/perl5141delta.1", "sha256": "e175a593f1158efc0333a1922e86bf9d09cfbd8b17a9f23babd40eac4333f430", "size": 10947, "type": "file", "uid": 0}
  actual:   MISSING
MISMATCH /usr/share/man/man1/perl5142delta.1
  expected: {"gid": 0, "mode": 420, "path": "/usr/share/man/man1/perl5142delta.1", "sha256": "6c787c2d24d2a3f89c532f740bc6723abd8039dc184f04ace0bb660ac8ff6785", "size": 9836, "type": "file", "uid": 0}
  actual:   MISSING
MISMATCH /usr/share/man/man1/perl5143delta.1
  expected: {"gid": 0, "mode": 420, "path": "/usr/share/man/man1/perl5143delta.1", "sha256": "3995aec465866502835ef6e03b7448ba20ffef717a93a4daea2ef86f666b7cd3", "size": 10600, "type": "file", "uid": 0}
  actual:   MISSING
MISMATCH /usr/share/man/man1/perl5144delta.1
  expected: {"gid": 0, "mode": 420, "path": "/usr/share/man/man1/perl5144delta.1", "sha256": "2c0f327d4ee1695b8fe1a45d1f5763a68d3380f4216c52a22ec0eaa683728981", "size": 9434, "type": "file", "uid": 0}
  actual:   MISSING
MISMATCH /usr/share/man/man1/perl5160delta.1
  expected: {"gid": 0, "mode": 420, "path": "/usr/share/man/man1/perl5160delta.1", "sha256": "67c23d76e78e98c3b7304ae81fdc2fa61ff160547143ada6923607bdb73e4b86", "size": 154578, "type": "file", "uid": 0}
  actual:   MISSING
MISMATCH /usr/share/man/man1/perl5161delta.1
  expected: {"gid": 0, "mode": 420, "path": "/usr/share/man/man1/perl5161delta.1", "sha256": "e585932791f5cb312796335efef6fa1a9809c425dc0a0ee040f6e533d210890d", "size": 8518, "type": "file", "uid": 0}
  actual:   MISSING
MISMATCH /usr/share/man/man1/perl5162delta.1
  expected: {"gid": 0, "mode": 420, "path": "/usr/share/man/man1/perl5162delta.1", "sha256": "8d7edcc316da105b36ff8bf4af18311806e27dec631136a0c308991b31f11672", "size": 5594, "type": "file", "uid": 0}
  actual:   MISSING
MISMATCH /usr/share/man/man1/perl5163delta.1
  expected: {"gid": 0, "mode": 420, "path": "/usr/share/man/man1/perl5163delta.1", "sha256": "b5f50e7464ae8164e3dd19392636e23abd3de24ccd9095a68269807eec5cc1fc", "size": 6216, "type": "file", "uid": 0}
  actual:   MISSING
MISMATCH /usr/share/man/man1/perl5180delta.1
  expected: {"gid": 0, "mode": 420, "path": "/usr/share/man/man1/perl5180delta.1", "sha256": "686a89b5f34d208dee81c4986b8d07c28a135c17b88a2d39ecf4cb82d3d6ed02", "size": 138912, "type": "file", "uid": 0}
  actual:   MISSING
MISMATCH /usr/share/man/man1/perl5181delta.1
  expected: {"gid": 0, "mode": 420, "path": "/usr/share/man/man1/perl5181delta.1", "sha256": "ecd817c78bf5df7a53c36aad6bbd1b378f4621e2552f40831dd5a743e63afb56", "size": 8799, "type": "file", "uid": 0}
  actual:   MISSING
MISMATCH /usr/share/man/man1/perl5182delta.1
  expected: {"gid": 0, "mode": 420, "path": "/usr/share/man/man1/perl5182delta.1", "sha256": "bd9d787e0fbe42cc4eed75324f730d9d501ad07168342390e0ec7a13e181b792", "size": 7486, "type": "file", "uid": 0}
  actual:   MISSING
MISMATCH /usr/share/man/man1/perl5184delta.1
  expected: {"gid": 0, "mode": 420, "path": "/usr/share/man/man1/perl5184delta.1", "sha256": "23feb9047b8a47aa4fcdf0bfa18dbe465ae9c9048bd0add05cd4d970d9cd60ed", "size": 6630, "type": "file", "uid": 0}
  actual:   MISSING
MISMATCH /usr/share/man/man1/perl5200delta.1
  expected: {"gid": 0, "mode": 420, "path": "/usr/share/man/man1/perl5200delta.1", "sha256": "df12ef29b16ab75f1a4baf7a85093b7bbeb4a950d4e633d36daef895c08a1ca6", "size": 128734, "type": "file", "uid": 0}
  actual:   MISSING
MISMATCH /usr/share/man/man1/perl5201delta.1
  expected: {"gid": 0, "mode": 420, "path": "/usr/share/man/man1/perl5201delta.1", "sha256": "60672e7360084700f1b59d005ae0b0782952e601c35045bca6859461b86013cf", "size": 13517, "type": "file", "uid": 0}
  actual:   MISSING
MISMATCH /usr/share/man/man1/perl5202delta.1
  expected: {"gid": 0, "mode": 420, "path": "/usr/share/man/man1/perl5202delta.1", "sha256": "134bc90832d9ff5232f507f973946994bda3614352c16fc3a96c80a7da47b5cd", "size": 14763, "type": "file", "uid": 0}
  actual:   MISSING
MISMATCH /usr/share/man/man1/perl5203delta.1
  expected: {"gid": 0, "mode": 420, "path": "/usr/share/man/man1/perl5203delta.1", "sha256": "a4fd804120f3a868c7059da480ef1f3c9e56c3ad6e0b4a1b914c98a4b512e0b8", "size": 11640, "type": "file", "uid": 0}
  actual:   MISSING
MISMATCH /usr/share/man/man1/perl5220delta.1
  expected: {"gid": 0, "mode": 420, "path": "/usr/share/man/man1/perl5220delta.1", "sha256": "c136e64a85d15135d1a3f8dd3e83d8910cc1656e204a122d99ade5e698374aed", "size": 147450, "type": "file", "uid": 0}
  actual:   MISSING
MISMATCH /usr/share/man/man1/perl5221delta.1
  expected: {"gid": 0, "mode": 420, "path": "/usr/share/man/man1/perl5221delta.1", "sha256": "b1b848fcb57c4ee045aa59a5cd01dddb466d9681c15804ee4613de9a9537f030", "size": 13289, "type": "file", "uid": 0}
  actual:   MISSING
MISMATCH /usr/share/man/man1/perl5222delta.1
  expected: {"gid": 0, "mode": 420, "path": "/usr/share/man/man1/perl5222delta.1", "sha256": "2f6f3dae993c449ef5e0f4149fbb96d4312bcce65288c1f8f72a1c6d185d2bf8", "size": 15322, "type": "file", "uid": 0}
  actual:   MISSING
MISMATCH /usr/share/man/man1/perl5223delta.1
  expected: {"gid": 0, "mode": 420, "path": "/usr/share/man/man1/perl5223delta.1", "sha256": "5ce64ae04ace9f98b77e0fc53524923c67bb367604a1acc9986fdae951897fe6", "size": 10880, "type": "file", "uid": 0}
  actual:   MISSING
MISMATCH /usr/share/man/man1/perl5224delta.1
  expected: {"gid": 0, "mode": 420, "path": "/usr/share/man/man1/perl5224delta.1", "sha256": "2b76c22328580fff0065a27baaa20ce38028e28fc7670e60f813484638d13633", "size": 6602, "type": "file", "uid": 0}
  actual:   MISSING
MISMATCH /usr/share/man/man1/perl5240delta.1
  expected: {"gid": 0, "mode": 420, "path": "/usr/share/man/man1/perl5240delta.1", "sha256": "7665a6087a72ad90f338b5970548ba3ee2b6d38774cf9c2023f355f2379ee621", "size": 74293, "type": "file", "uid": 0}
  actual:   MISSING
MISMATCH /usr/share/man/man1/perl5241delta.1
  expected: {"gid": 0, "mode": 420, "path": "/usr/share/man/man1/perl5241delta.1", "sha256": "d929c7d49025b8825880a1569a1fcc94cad308869d114dfecb835bb49d5ee8c2", "size": 10637, "type": "file", "uid": 0}
  actual:   MISSING
MISMATCH /usr/share/man/man1/perl5242delta.1
  expected: {"gid": 0, "mode": 420, "path": "/usr/share/man/man1/perl5242delta.1", "sha256": "7ccfffb8f4f4b5b0738e39af8262257f567343faae12f3c877ea528c764e7d5e", "size": 6252, "type": "file", "uid": 0}
  actual:   MISSING
MISMATCH /usr/share/man/man1/perl5243delta.1
  expected: {"gid": 0, "mode": 420, "path": "/usr/share/man/man1/perl5243delta.1", "sha256": "ef46d474dfd61ebf38cc8b92ac9cd6289239d47b8b91f576af4cf981546056b0", "size": 13797, "type": "file", "uid": 0}
  actual:   MISSING
MISMATCH /usr/share/man/man1/perl5244delta.1
  expected: {"gid": 0, "mode": 420, "path": "/usr/share/man/man1/perl5244delta.1", "sha256": "0f27fe67b6bf2cdb94ca50fd706851690304236cd04d3a0f7c74e7f8f528d88a", "size": 6706, "type": "file", "uid": 0}
  actual:   MISSING
MISMATCH /usr/share/man/man1/perl5260delta.1
  expected: {"gid": 0, "mode": 420, "path": "/usr/share/man/man1/perl5260delta.1", "sha256": "cedd450823977478ad4f38f78faa80bac798201cd1caaa88dff42294e932db29", "size": 108486, "type": "file", "uid": 0}
  actual:   MISSING
MISMATCH /usr/share/man/man1/perl5261delta.1
  expected: {"gid": 0, "mode": 420, "path": "/usr/share/man/man1/perl5261delta.1", "sha256": "20543100b62e029302bb85d97b836a9f2540a6b691689a7e5fe5d47c88aafe91", "size": 10311, "type": "file", "uid": 0}
  actual:   MISSING
MISMATCH /usr/share/man/man1/perl5262delta.1
  expected: {"gid": 0, "mode": 420, "path": "/usr/share/man/man1/perl5262delta.1", "sha256": "7a0c69ec6c6de8cc74bda012a528819fc4c66617c00167f5647e3c17681a08b1", "size": 10350, "type": "file", "uid": 0}
  actual:   MISSING
MISMATCH /usr/share/man/man1/perl5263delta.1
  expected: {"gid": 0, "mode": 420, "path": "/usr/share/man/man1/perl5263delta.1", "sha256": "ab14dcf35d0cf6c07f7bd525ebf56ea3065f212af585d66022b86f2a7d552961", "size": 9122, "type": "file", "uid": 0}
  actual:   MISSING
MISMATCH /usr/share/man/man1/perl5280delta.1
  expected: {"gid": 0, "mode": 420, "path": "/usr/share/man/man1/perl5280delta.1", "sha256": "96a9a58c293f85c78bf2ba3b921a94c27a8bb4b952e63dec761fe7b6e6a6221e", "size": 81940, "type": "file", "uid": 0}
  actual:   MISSING
MISMATCH /usr/share/man/man1/perl5281delta.1
  expected: {"gid": 0, "mode": 420, "path": "/usr/share/man/man1/perl5281delta.1", "sha256": "313760f1bdf6ccc49eb8901c4781e12fa9f196381c0a90417894f04ac64efc58", "size": 6821, "type": "file", "uid": 0}
  actual:   MISSING
MISMATCH /usr/share/man/man1/perl5282delta.1
  expected: {"gid": 0, "mode": 420, "path": "/usr/share/man/man1/perl5282delta.1", "sha256": "fdea7a66b321aca30043952bae8633ecb92a06ae7f95f2ebb3c738d45d1a4d1d", "size": 8547, "type": "file", "uid": 0}
  actual:   MISSING
MISMATCH /usr/share/man/man1/perl5283delta.1
  expected: {"gid": 0, "mode": 420, "path": "/usr/share/man/man1/perl5283delta.1", "sha256": "17cfc9f1365503b19b34acb5900e0fbac9e326de0f8278951448e08827cd16e9", "size": 7427, "type": "file", "uid": 0}
  actual:   MISSING
MISMATCH /usr/share/man/man1/perl5300delta.1
  expected: {"gid": 0, "mode": 420, "path": "/usr/share/man/man1/perl5300delta.1", "sha256": "582a8f3046c3e8dd8f3a828231d9a7fbcf45bd79bcea2fd02b4ab76e4e471bed", "size": 47609, "type": "file", "uid": 0}
  actual:   MISSING
MISMATCH /usr/share/man/man1/perl5301delta.1
  expected: {"gid": 0, "mode": 420, "path": "/usr/share/man/man1/perl5301delta.1", "sha256": "aa34e698a540df0c9676864909db7bf1d18091a4d712d2165b33eb0c25913667", "size": 7993, "type": "file", "uid": 0}
  actual:   MISSING
MISMATCH /usr/share/man/man1/perl5302delta.1
  expected: {"gid": 0, "mode": 420, "path": "/usr/share/man/man1/perl5302delta.1", "sha256": "5d25c9c0c0b7def4d440781e7b1a5121b5fb11c19efdacfffcab0d5ca52fa9b0", "size": 6867, "type": "file", "uid": 0}
  actual:   MISSING
MISMATCH /usr/share/man/man1/perl5303delta.1
  expected: {"gid": 0, "mode": 420, "path": "/usr/share/man/man1/perl5303delta.1", "sha256": "4e780e3ef7a1ade65dbaf502e22a43276f04d7f5a011f2d1e82165a41fd7daf7", "size": 7296, "type": "file", "uid": 0}
  actual:   MISSING
MISMATCH /usr/share/man/man1/perl5320delta.1
  expected: {"gid": 0, "mode": 420, "path": "/usr/share/man/man1/perl5320delta.1", "sha256": "4fc6924f8c2a29640095041403d03d88e865abb7642268b7402d94fb42034b5b", "size": 62665, "type": "file", "uid": 0}
  actual:   MISSING
MISMATCH /usr/share/man/man1/perl5321delta.1
  expected: {"gid": 0, "mode": 420, "path": "/usr/share/man/man1/perl5321delta.1", "sha256": "55804d9f82730f03dc740411022b0c8b94decbd6f47de65dcaf27983fcfb4426", "size": 9277, "type": "file", "uid": 0}
  actual:   MISSING
MISMATCH /usr/share/man/man1/perl5340delta.1
  expected: {"gid": 0, "mode": 420, "path": "/usr/share/man/man1/perl5340delta.1", "sha256": "d6a9721c6286eb9882b665131f918b82d9ea1de179eda3cd65050d7bd258335f", "size": 42040, "type": "file", "uid": 0}
  actual:   MISSING
MISMATCH /usr/share/man/man1/perl5341delta.1
  expected: {"gid": 0, "mode": 420, "path": "/usr/share/man/man1/perl5341delta.1", "sha256": "2719b74c9c1fd32609450b262275c78d72d041742b1eaa50ea8d8a1f8a703a38", "size": 6213, "type": "file", "uid": 0}
  actual:   MISSING
MISMATCH /usr/share/man/man1/perl5342delta.1
  expected: {"gid": 0, "mode": 420, "path": "/usr/share/man/man1/perl5342delta.1", "sha256": "c6587ecd042aac959bbc3dde4263d61787e0653aa1c3617e3c6b57a536c563fe", "size": 6055, "type": "file", "uid": 0}
  actual:   MISSING
MISMATCH /usr/share/man/man1/perl5343delta.1
  expected: {"gid": 0, "mode": 420, "path": "/usr/share/man/man1/perl5343delta.1", "sha256": "065325cdebb6ff1788ae52853488ff874e93f20a3774a3836889bc89ec420a34", "size": 6168, "type": "file", "uid": 0}
  actual:   MISSING
MISMATCH /usr/share/man/man1/perl5360delta.1
  expected: {"gid": 0, "mode": 420, "path": "/usr/share/man/man1/perl5360delta.1", "sha256": "92b5b8c9ccdbcf222058dfacfe0da54444df73ad967dce0dab84a0044d969581", "size": 50582, "type": "file", "uid": 0}
  actual:   MISSING
MISMATCH /usr/share/man/man1/perl5361delta.1
  expected: {"gid": 0, "mode": 420, "path": "/usr/share/man/man1/perl5361delta.1", "sha256": "5eeda44e1a0d5759dd0e53f4fc1ae8cb5c698347567740c8ad3c66c572cf0167", "size": 6895, "type": "file", "uid": 0}
  actual:   MISSING
MISMATCH /usr/share/man/man1/perl5362delta.1
  expected: {"gid": 0, "mode": 420, "path": "/usr/share/man/man1/perl5362delta.1", "sha256": "1f2a4fc40a592ed4e13f76357b1ec449e9a6c118158a9b9863215777a6917536", "size": 6055, "type": "file", "uid": 0}
  actual:   MISSING
MISMATCH /usr/share/man/man1/perl5363delta.1
  expected: {"gid": 0, "mode": 420, "path": "/usr/share/man/man1/perl5363delta.1", "sha256": "eae5cc039fc0dffb9e71f506b101b4608c80ccf475897a1935f4c7d3a92c00eb", "size": 6168, "type": "file", "uid": 0}
  actual:   MISSING
MISMATCH /usr/share/man/man1/perl5380delta.1
  expected: {"gid": 0, "mode": 420, "path": "/usr/share/man/man1/perl5380delta.1", "sha256": "e1d054c1c11d4f974078571199a433a309529b50e7f4af13800f50425c82d095", "size": 76977, "type": "file", "uid": 0}
  actual:   MISSING
MISMATCH /usr/share/man/man1/perl5381delta.1
  expected: {"gid": 0, "mode": 420, "path": "/usr/share/man/man1/perl5381delta.1", "sha256": "9712338f2ccf77d4114c610c56571a3299717788ca783b0156f8879f8d84e9eb", "size": 6056, "type": "file", "uid": 0}
  actual:   MISSING
MISMATCH /usr/share/man/man1/perl5382delta.1
  expected: {"gid": 0, "mode": 420, "path": "/usr/share/man/man1/perl5382delta.1", "sha256": "d771617ac2e27e05631f5c3fbe52899272cdf7fe8a409d32fcfb6250c3928e6a", "size": 6169, "type": "file", "uid": 0}
  actual:   MISSING
MISMATCH /usr/share/man/man1/perl5383delta.1
  expected: {"gid": 0, "mode": 420, "path": "/usr/share/man/man1/perl5383delta.1", "sha256": "2319812df7d210679fc07f83a91f05db322a2fd0a2fdf903bd53cf163691d081", "size": 8278, "type": "file", "uid": 0}
  actual:   MISSING
MISMATCH /usr/share/man/man1/perl5384delta.1
  expected: {"gid": 0, "mode": 420, "path": "/usr/share/man/man1/perl5384delta.1", "sha256": "f2bff2917415fe49b9c52dab13bb881d76a3e64995583a12b1e297e8596ae92d", "size": 5661, "type": "file", "uid": 0}
  actual:   MISSING
MISMATCH /usr/share/man/man1/perl5400delta.1
  expected: {"gid": 0, "mode": 420, "path": "/usr/share/man/man1/perl5400delta.1", "sha256": "4f5a76835d45308aa9de76ca424b773033ebf762da178cfc451f32278b6da8f8", "size": 59030, "type": "file", "uid": 0}
  actual:   MISSING
MISMATCH /usr/share/man/man1/perl5401delta.1
  expected: {"gid": 0, "mode": 420, "path": "/usr/share/man/man1/perl5401delta.1", "sha256": "3a316a8bc40963d9f0ca240d4933f190d85340b6f74da61303f4f40f29d1daf3", "size": 7827, "type": "file", "uid": 0}
  actual:   MISSING
MISMATCH /usr/share/man/man1/perl5402delta.1
  expected: {"gid": 0, "mode": 420, "path": "/usr/share/man/man1/perl5402delta.1", "sha256": "736afef6252a2bfc2dc85d94b0fbe1223b286dd6e377e78ba7d7eac3cdd1c99b", "size": 5661, "type": "file", "uid": 0}
  actual:   MISSING
MISMATCH /usr/share/man/man1/perl5420delta.1
  expected: {"gid": 0, "mode": 420, "path": "/usr/share/man/man1/perl5420delta.1", "sha256": "e3509451531122c26765b6b5880b9027c5e45dc9f18ad92ca090080147dce9a7", "size": 57638, "type": "file", "uid": 0}
  actual:   MISSING
MISMATCH /usr/share/man/man1/perl561delta.1
  expected: {"gid": 0, "mode": 420, "path": "/usr/share/man/man1/perl561delta.1", "sha256": "09a5d09f94f54bae483ddf3a75059d508c698dba14e0aa8e3bb87489a1a64535", "size": 154474, "type": "file", "uid": 0}
  actual:   MISSING
MISMATCH /usr/share/man/man1/perl56delta.1
  expected: {"gid": 0, "mode": 420, "path": "/usr/share/man/man1/perl56delta.1", "sha256": "17e129f39b8ea8914a33e0b91f6a073bf6b5443b38bb84b3b8cc0e507171e705", "size": 134187, "type": "file", "uid": 0}
  actual:   MISSING
MISMATCH /usr/share/man/man1/perl581delta.1
  expected: {"gid": 0, "mode": 420, "path": "/usr/share/man/man1/perl581delta.1", "sha256": "b85c25f9addef4c0d77510a3728134da5301406d8d6e1d4b906f43ad18c8c096", "size": 46017, "type": "file", "uid": 0}
  actual:   MISSING
MISMATCH /usr/share/man/man1/perl582delta.1
  expected: {"gid": 0, "mode": 420, "path": "/usr/share/man/man1/perl582delta.1", "sha256": "b9d58c4aaa10d306cfdf9cb93ac53f9aca09d45b4a78da1b2c4adcdf1e365d93", "size": 6795, "type": "file", "uid": 0}
  actual:   MISSING
MISMATCH /usr/share/man/man1/perl583delta.1
  expected: {"gid": 0, "mode": 420, "path": "/usr/share/man/man1/perl583delta.1", "sha256": "10d429b2c4960c6d9af99512ccde891c0e455e4b5c679a42790eae82ae5ff416", "size": 9277, "type": "file", "uid": 0}
  actual:   MISSING
MISMATCH /usr/share/man/man1/perl584delta.1
  expected: {"gid": 0, "mode": 420, "path": "/usr/share/man/man1/perl584delta.1", "sha256": "2895e7a7e221a452c74765afe74a11a9f9fc510ccf13c134d5e81125b490319d", "size": 10779, "type": "file", "uid": 0}
  actual:   MISSING
MISMATCH /usr/share/man/man1/perl585delta.1
  expected: {"gid": 0, "mode": 420, "path": "/usr/share/man/man1/perl585delta.1", "sha256": "bf8210c8c6f210fd340f795d31e7d10fa1f8c043ce0ca76c2a6bcebbeb7123be", "size": 8180, "type": "file", "uid": 0}
  actual:   MISSING
MISMATCH /usr/share/man/man1/perl586delta.1
  expected: {"gid": 0, "mode": 420, "path": "/usr/share/man/man1/perl586delta.1", "sha256": "61bc2383d4656e7516393f136d3292038a1584e3c0c6678322543c43bbfad3a9", "size": 6955, "type": "file", "uid": 0}
  actual:   MISSING
MISMATCH /usr/share/man/man1/perl587delta.1
  expected: {"gid": 0, "mode": 420, "path": "/usr/share/man/man1/perl587delta.1", "sha256": "dfe1eb21b40dc3342e6d41dfdf9ffdb5f19b6400083b13815d35c72a4d3fa630", "size": 11597, "type": "file", "uid": 0}
  actual:   MISSING
MISMATCH /usr/share/man/man1/perl588delta.1
  expected: {"gid": 0, "mode": 420, "path": "/usr/share/man/man1/perl588delta.1", "sha256": "7951bc44803c66dd724eb8d6f73a0ce98d6f31333a40bd5458f5d9c438a3347a", "size": 32305, "type": "file", "uid": 0}
  actual:   MISSING
MISMATCH /usr/share/man/man1/perl589delta.1
  expected: {"gid": 0, "mode": 420, "path": "/usr/share/man/man1/perl589delta.1", "sha256": "8988a7c7ce274aa58089fe484781f4c5fcb7ebcf601d65a1dbf865ed2242b855", "size": 67934, "type": "file", "uid": 0}
  actual:   MISSING
MISMATCH /usr/share/man/man1/perl58delta.1
  expected: {"gid": 0, "mode": 420, "path": "/usr/share/man/man1/perl58delta.1", "sha256": "d23cf9315c05627f9428520b888e84344ba36b9ac3b3e9028cd18febfca997fb", "size": 129472, "type": "file", "uid": 0}
  actual:   MISSING
MISMATCH /usr/share/man/man1/perlaix.1
  expected: {"gid": 0, "mode": 420, "path": "/usr/share/man/man1/perlaix.1", "sha256": "b480c4166d9b89892f861eb7326256169a30bc945d497435236621e54cd0464f", "size": 24266, "type": "file", "uid": 0}
  actual:   MISSING
MISMATCH /usr/share/man/man1/perlamiga.1
  expected: {"gid": 0, "mode": 420, "path": "/usr/share/man/man1/perlamiga.1", "sha256": "ae1aeedf71270f25dc79aa760db6c86a9d5afb7fdcff3791da9025c8dd658956", "size": 9171, "type": "file", "uid": 0}
  actual:   MISSING
MISMATCH /usr/share/man/man1/perlandroid.1
  expected: {"gid": 0, "mode": 420, "path": "/usr/share/man/man1/perlandroid.1", "sha256": "8ad0913676ff5bc534bd7ccf42980e79ed14e276f0dced0845e0fb0207fe497a", "size": 10896, "type": "file", "uid": 0}
  actual:   MISSING
MISMATCH /usr/share/man/man1/perlapi.1
  expected: {"gid": 0, "mode": 420, "path": "/usr/share/man/man1/perlapi.1", "sha256": "b89f009978a50da6125de9129d5193183854231e8c8704b1dab4da60b3e82119", "size": 1161431, "type": "file", "uid": 0}
  actual:   MISSING
MISMATCH /usr/share/man/man1/perlapio.1
  expected: {"gid": 0, "mode": 420, "path": "/usr/share/man/man1/perlapio.1", "sha256": "11976aac5d5d37a129dd9cac9b7779ddd3cee799a6bd675d339fd52b062d2b31", "size": 24780, "type": "file", "uid": 0}
  actual:   MISSING
MISMATCH /usr/share/man/man1/perlartistic.1
  expected: {"gid": 0, "mode": 420, "path": "/usr/share/man/man1/perlartistic.1", "sha256": "16c72d47ac5b7ab5bf8465e310aee8fc2093bef2c474ae5c3d7015608f646d2c", "size": 9102, "type": "file", "uid": 0}
  actual:   MISSING
MISMATCH /usr/share/man/man1/perlbook.1
  expected: {"gid": 0, "mode": 420, "path": "/usr/share/man/man1/perlbook.1", "sha256": "5e4b7bc964a6fae1633e40e90bb48957d2f3a96eb50d71e41d93aed4ef036e17", "size": 12340, "type": "file", "uid": 0}
  actual:   MISSING
MISMATCH /usr/share/man/man1/perlboot.1
  expected: {"gid": 0, "mode": 420, "path": "/usr/share/man/man1/perlboot.1", "sha256": "6396e8e72b1e51560e276baafe5c29572fbe50eddcb80ec47f51f36e9c66c1bc", "size": 1921, "type": "file", "uid": 0}
  actual:   MISSING
MISMATCH /usr/share/man/man1/perlbot.1
  expected: {"gid": 0, "mode": 420, "path": "/usr/share/man/man1/perlbot.1", "sha256": "8cb045e5861e9047fc1ea083c164f6551293ddb144189e9deb3a6e00562549f4", "size": 1929, "type": "file", "uid": 0}
  actual:   MISSING
MISMATCH /usr/share/man/man1/perlbs2000.1
  expected: {"gid": 0, "mode": 420, "path": "/usr/share/man/man1/perlbs2000.1", "sha256": "80fa2e8a16708301c67b43ed7e48488ef3e9fa0246f260be5b7eb65ea3822e0c", "size": 10586, "type": "file", "uid": 0}
  actual:   MISSING
MISMATCH /usr/share/man/man1/perlbug.1
  expected: {"gid": 0, "mode": 420, "path": "/usr/share/man/man1/perlbug.1", "sha256": "acba9e36bfb788fd077c440cd03194a1a304f9ccc50d4f7495f13a8018195a3b", "size": 13892, "type": "file", "uid": 0}
  actual:   MISSING
MISMATCH /usr/share/man/man1/perlcall.1
  expected: {"gid": 0, "mode": 420, "path": "/usr/share/man/man1/perlcall.1", "sha256": "001075c86579d244c51b70021ae17b3f37fac8bc72de6f73321fc53066c963b3", "size": 65796, "type": "file", "uid": 0}
  actual:   MISSING
MISMATCH /usr/share/man/man1/perlcheat.1
  expected: {"gid": 0, "mode": 420, "path": "/usr/share/man/man1/perlcheat.1", "sha256": "77932b773c70d89c4cd5147c548bf87c470860b2f4011b1ae6c53860f5e8c1b6", "size": 6427, "type": "file", "uid": 0}
  actual:   MISSING
MISMATCH /usr/share/man/man1/perlclass.1
  expected: {"gid": 0, "mode": 420, "path": "/usr/share/man/man1/perlclass.1", "sha256": "8d1b6fb2c383b81b16b70600573da7a2deb9d9782d564c3a6b7751a14319b6c5", "size": 18221, "type": "file", "uid": 0}
  actual:   MISSING
MISMATCH /usr/share/man/man1/perlclassguts.1
  expected: {"gid": 0, "mode": 420, "path": "/usr/share/man/man1/perlclassguts.1", "sha256": "8d7808c2ce8e85277bee0745b9e63395662e268e299c1a58cb553baa817a765a", "size": 19636, "type": "file", "uid": 0}
  actual:   MISSING
MISMATCH /usr/share/man/man1/perlclib.1
  expected: {"gid": 0, "mode": 420, "path": "/usr/share/man/man1/perlclib.1", "sha256": "bbd522f5941e2b20eb7c2df1eb50a07ab38a587032963347ca7408a849621d7f", "size": 60507, "type": "file", "uid": 0}
  actual:   MISSING
MISMATCH /usr/share/man/man1/perlcn.1
  expected: {"gid": 0, "mode": 420, "path": "/usr/share/man/man1/perlcn.1", "sha256": "9d8aebcb932e35d9d86559e064be61ff9c49165af117c59f59d1bd1d7ee4a297", "size": 6939, "type": "file", "uid": 0}
  actual:   MISSING
MISMATCH /usr/share/man/man1/perlcommunity.1
  expected: {"gid": 0, "mode": 420, "path": "/usr/share/man/man1/perlcommunity.1", "sha256": "b3ca0bfab9c0c1c7bcaed2da3deef6c52b492ffe8f9bc8218dd7fca12005b37b", "size": 8592, "type": "file", "uid": 0}
  actual:   MISSING
MISMATCH /usr/share/man/man1/perlcygwin.1
  expected: {"gid": 0, "mode": 420, "path": "/usr/share/man/man1/perlcygwin.1", "sha256": "0b5fc77a1813fd29b86c653009ac142ae09f59fc96fafd5e38d29ba70b5429a0", "size": 31480, "type": "file", "uid": 0}
  actual:   MISSING
MISMATCH /usr/share/man/man1/perldata.1
  expected: {"gid": 0, "mode": 420, "path": "/usr/share/man/man1/perldata.1", "sha256": "979630a3e6321f39d4463429b0bbc79e0e03c57b26de7f08f219361b7544e76c", "size": 62004, "type": "file", "uid": 0}
  actual:   MISSING
MISMATCH /usr/share/man/man1/perldbmfilter.1
  expected: {"gid": 0, "mode": 420, "path": "/usr/share/man/man1/perldbmfilter.1", "sha256": "cc728879b5abe3e63c709732d02a5ac9b6449aea743068917deb6cb088f7b802", "size": 7220, "type": "file", "uid": 0}
  actual:   MISSING
MISMATCH /usr/share/man/man1/perldebguts.1
  expected: {"gid": 0, "mode": 420, "path": "/usr/share/man/man1/perldebguts.1", "sha256": "0ff506af2ae665f6d4fd8cea9b0d82d8d95be01dcc88016a787ed5a98309b4d9", "size": 51250, "type": "file", "uid": 0}
  actual:   MISSING
MISMATCH /usr/share/man/man1/perldebtut.1
  expected: {"gid": 0, "mode": 420, "path": "/usr/share/man/man1/perldebtut.1", "sha256": "c810959c7fc0fe9e5b35f9e8c91f94658a5504e8a06372b18cb8412ad7b7c6d0", "size": 28603, "type": "file", "uid": 0}
  actual:   MISSING
MISMATCH /usr/share/man/man1/perldebug.1
  expected: {"gid": 0, "mode": 420, "path": "/usr/share/man/man1/perldebug.1", "sha256": "67081750956ba5bfd3866f74eabc0a4420cd50e94e800353bf4ccb31842be182", "size": 50257, "type": "file", "uid": 0}
  actual:   MISSING
MISMATCH /usr/share/man/man1/perldelta.1
  expected: {"gid": 0, "mode": 420, "path": "/usr/share/man/man1/perldelta.1", "sha256": "29ee09dc726256af23f2911b5d8c5c7487b47c4aec2f804fbc38c1cfe98bc735", "size": 57630, "type": "file", "uid": 0}
  actual:   MISSING
MISMATCH /usr/share/man/man1/perldeprecation.1
  expected: {"gid": 0, "mode": 420, "path": "/usr/share/man/man1/perldeprecation.1", "sha256": "268bcd27f8dbf396c9b27b606b2c5c27018f4ac745614d0ea338c10dada70859", "size": 31251, "type": "file", "uid": 0}
  actual:   MISSING
MISMATCH /usr/share/man/man1/perldiag.1
  expected: {"gid": 0, "mode": 420, "path": "/usr/share/man/man1/perldiag.1", "sha256": "16a7db261b6055afbe4f331dce34889b8a464d84fef7d92f5ba3a238bf8d8b9c", "size": 431385, "type": "file", "uid": 0}
  actual:   MISSING
MISMATCH /usr/share/man/man1/perldoc.1
  expected: {"gid": 0, "mode": 420, "path": "/usr/share/man/man1/perldoc.1", "sha256": "0c86f2bac4c621835a0487ebfaf3c6233423c6cf787202eaef5b10d50f4fbbd0", "size": 13170, "type": "file", "uid": 0}
  actual:   MISSING
MISMATCH /usr/share/man/man1/perldocstyle.1
  expected: {"gid": 0, "mode": 420, "path": "/usr/share/man/man1/perldocstyle.1", "sha256": "dc70372d961cfb68ff42a8d7cb0b233908cd64c8a9ea6b3387f87cc289570d55", "size": 51971, "type": "file", "uid": 0}
  actual:   MISSING
MISMATCH /usr/share/man/man1/perldsc.1
  expected: {"gid": 0, "mode": 420, "path": "/usr/share/man/man1/perldsc.1", "sha256": "17242cdb87cf7d4b6e81d874d998570b84705587e64413cd146b0667db055d7b", "size": 32376, "type": "file", "uid": 0}
  actual:   MISSING
MISMATCH /usr/share/man/man1/perldtrace.1
  expected: {"gid": 0, "mode": 420, "path": "/usr/share/man/man1/perldtrace.1", "sha256": "64ff5bf3d06fbae315c520035bed6b5205f7e3b0f609a6b3b932899e6b5d3ed2", "size": 11188, "type": "file", "uid": 0}
  actual:   MISSING
MISMATCH /usr/share/man/man1/perlebcdic.1
  expected: {"gid": 0, "mode": 420, "path": "/usr/share/man/man1/perlebcdic.1", "sha256": "bba797bc349df669047b79d8bbe6ee438a95a0d3755716229b23852e3117a7b8", "size": 94351, "type": "file", "uid": 0}
  actual:   MISSING
MISMATCH /usr/share/man/man1/perlembed.1
  expected: {"gid": 0, "mode": 420, "path": "/usr/share/man/man1/perlembed.1", "sha256": "146cbae8f5246d98a9ca1becd1c8bfa9ff257bd93068f2b5d631177e96516b32", "size": 45373, "type": "file", "uid": 0}
  actual:   MISSING
MISMATCH /usr/share/man/man1/perlexperiment.1
  expected: {"gid": 0, "mode": 420, "path": "/usr/share/man/man1/perlexperiment.1", "sha256": "2a40477b3342ba6a071bf1c90d0fe2834372055b5ae346a505028bbdf5797b0d", "size": 16918, "type": "file", "uid": 0}
  actual:   MISSING
MISMATCH /usr/share/man/man1/perlfaq.1
  expected: {"gid": 0, "mode": 420, "path": "/usr/share/man/man1/perlfaq.1", "sha256": "568e36f8c41f8b5855b06699637587bd45456dce41c5b66fccdffdf25373e98e", "size": 26267, "type": "file", "uid": 0}
  actual:   MISSING
MISMATCH /usr/share/man/man1/perlfaq1.1
  expected: {"gid": 0, "mode": 420, "path": "/usr/share/man/man1/perlfaq1.1", "sha256": "01340163e5a768effde359bd0cbe73659c1aab17c83d0496e8c5b3f03a17c09e", "size": 16062, "type": "file", "uid": 0}
  actual:   MISSING
MISMATCH /usr/share/man/man1/perlfaq2.1
  expected: {"gid": 0, "mode": 420, "path": "/usr/share/man/man1/perlfaq2.1", "sha256": "afe91729440e3aefe01a31527a21426122f21c38866d79a775fe0abfd6770661", "size": 13433, "type": "file", "uid": 0}
  actual:   MISSING
MISMATCH /usr/share/man/man1/perlfaq3.1
  expected: {"gid": 0, "mode": 420, "path": "/usr/share/man/man1/perlfaq3.1", "sha256": "d31ec32933490e9320414f5434625359ad677fca098f200d188e8c35c8f24506", "size": 45524, "type": "file", "uid": 0}
  actual:   MISSING
MISMATCH /usr/share/man/man1/perlfaq4.1
  expected: {"gid": 0, "mode": 420, "path": "/usr/share/man/man1/perlfaq4.1", "sha256": "b60fbb635aff95a525c2bfd6554324dc64183b49ba993e27b9152d2f8190ec3e", "size": 111556, "type": "file", "uid": 0}
  actual:   MISSING
MISMATCH /usr/share/man/man1/perlfaq5.1
  expected: {"gid": 0, "mode": 420, "path": "/usr/share/man/man1/perlfaq5.1", "sha256": "58b3b4b9f87e42c9c0455fa3568d30a644c35eb07b5a2e3e1d9eb106fdabe320", "size": 67143, "type": "file", "uid": 0}
  actual:   MISSING
MISMATCH /usr/share/man/man1/perlfaq6.1
  expected: {"gid": 0, "mode": 420, "path": "/usr/share/man/man1/perlfaq6.1", "sha256": "f47976a5d305bedcd18dc787595221fc83ac4d1cd35f00b06a80cecc1b4bc7b1", "size": 47819, "type": "file", "uid": 0}
  actual:   MISSING
MISMATCH /usr/share/man/man1/perlfaq7.1
  expected: {"gid": 0, "mode": 420, "path": "/usr/share/man/man1/perlfaq7.1", "sha256": "cd72e69114f86962eab70e56bfddfef80010eee3bbd42a0c07963cb4423a537b", "size": 45400, "type": "file", "uid": 0}
  actual:   MISSING
MISMATCH /usr/share/man/man1/perlfaq8.1
  expected: {"gid": 0, "mode": 420, "path": "/usr/share/man/man1/perlfaq8.1", "sha256": "55126050da9f929917d9827f109aff363abdaad1c6cab5589b18921801ba9fed", "size": 60072, "type": "file", "uid": 0}
  actual:   MISSING
MISMATCH /usr/share/man/man1/perlfaq9.1
  expected: {"gid": 0, "mode": 420, "path": "/usr/share/man/man1/perlfaq9.1", "sha256": "6b2eaa1ee7c4c05ef0d475a4eec1725c6ca232fc83fbb3a20208fc61ec7d104a", "size": 19036, "type": "file", "uid": 0}
  actual:   MISSING
MISMATCH /usr/share/man/man1/perlfilter.1
  expected: {"gid": 0, "mode": 420, "path": "/usr/share/man/man1/perlfilter.1", "sha256": "f4f75779b2fc030dcd3ce1c78490b1f0c27023493dc8c0904a0552fad90126c3", "size": 26329, "type": "file", "uid": 0}
  actual:   MISSING
MISMATCH /usr/share/man/man1/perlfork.1
  expected: {"gid": 0, "mode": 420, "path": "/usr/share/man/man1/perlfork.1", "sha256": "2b6813fb04094554e7ac570c01a2e18add1ab19f46f0815f7c98feb4d8d8c413", "size": 16853, "type": "file", "uid": 0}
  actual:   MISSING
MISMATCH /usr/share/man/man1/perlform.1
  expected: {"gid": 0, "mode": 420, "path": "/usr/share/man/man1/perlform.1", "sha256": "d3930702f0a30835ebbb6452ff7717b89dc38a944516313bccbc979eec63b2dc", "size": 20211, "type": "file", "uid": 0}
  actual:   MISSING
MISMATCH /usr/share/man/man1/perlfreebsd.1
  expected: {"gid": 0, "mode": 420, "path": "/usr/share/man/man1/perlfreebsd.1", "sha256": "83460539d13ab308f860060c21f562ae27915b22fcecb7fe4a5d325d6eab1693", "size": 3414, "type": "file", "uid": 0}
  actual:   MISSING
MISMATCH /usr/share/man/man1/perlfunc.1
  expected: {"gid": 0, "mode": 420, "path": "/usr/share/man/man1/perlfunc.1", "sha256": "91150160cfbdfe198a0ff1b1c69154040cfc45a4e4b6e973f3d7f9664ab582b4", "size": 462295, "type": "file", "uid": 0}
  actual:   MISSING
MISMATCH /usr/share/man/man1/perlgit.1
  expected: {"gid": 0, "mode": 420, "path": "/usr/share/man/man1/perlgit.1", "sha256": "4fe4124764477c11183438431ba293793b8670eb69be3b95c0f4c5aa85b4e580", "size": 37614, "type": "file", "uid": 0}
  actual:   MISSING
MISMATCH /usr/share/man/man1/perlglossary.1
  expected: {"gid": 0, "mode": 420, "path": "/usr/share/man/man1/perlglossary.1", "sha256": "d49abb2328ed4edc650042a1f82684ad63eca01fe9ee80aee6f6c2897b93f0c6", "size": 162206, "type": "file", "uid": 0}
  actual:   MISSING
MISMATCH /usr/share/man/man1/perlgov.1
  expected: {"gid": 0, "mode": 420, "path": "/usr/share/man/man1/perlgov.1", "sha256": "1e4f80b91e4ef05c1631543083c11f8d229fa4cdb2c1beb20640e2467440fe17", "size": 20644, "type": "file", "uid": 0}
  actual:   MISSING
MISMATCH /usr/share/man/man1/perlgpl.1
  expected: {"gid": 0, "mode": 420, "path": "/usr/share/man/man1/perlgpl.1", "sha256": "4dd2053be135c777555b6833dcf74c6fc04f805ab04ef9f2c4fa157a1a7b5be7", "size": 15883, "type": "file", "uid": 0}
  actual:   MISSING
MISMATCH /usr/share/man/man1/perlguts.1
  expected: {"gid": 0, "mode": 420, "path": "/usr/share/man/man1/perlguts.1", "sha256": "d04edc90545301691d91229ed57d0c4c61d4e47de09ca0ad9767fd135d3acaaf", "size": 233132, "type": "file", "uid": 0}
  actual:   MISSING
MISMATCH /usr/share/man/man1/perlhack.1
  expected: {"gid": 0, "mode": 420, "path": "/usr/share/man/man1/perlhack.1", "sha256": "f0fb95852b4b9512d60d389a923156d969b18790d7dd12816f45dad2c88d2eb6", "size": 50902, "type": "file", "uid": 0}
  actual:   MISSING
MISMATCH /usr/share/man/man1/perlhacktips.1
  expected: {"gid": 0, "mode": 420, "path": "/usr/share/man/man1/perlhacktips.1", "sha256": "2c1512e558c415b1fa6d2244ed83b37108671b85d7b792900a63e3f33aefd653", "size": 85880, "type": "file", "uid": 0}
  actual:   MISSING
MISMATCH /usr/share/man/man1/perlhacktut.1
  expected: {"gid": 0, "mode": 420, "path": "/usr/share/man/man1/perlhacktut.1", "sha256": "b8385352af6dcc259e8921e890fe13d7dd494e6fb684126a6f37700eefeda9ac", "size": 8848, "type": "file", "uid": 0}
  actual:   MISSING
MISMATCH /usr/share/man/man1/perlhaiku.1
  expected: {"gid": 0, "mode": 420, "path": "/usr/share/man/man1/perlhaiku.1", "sha256": "f319a0e8ab7250e64a6b66d78155f6c0f53088585abfc4b5d4514b2cae368f4e", "size": 3134, "type": "file", "uid": 0}
  actual:   MISSING
MISMATCH /usr/share/man/man1/perlhist.1
  expected: {"gid": 0, "mode": 420, "path": "/usr/share/man/man1/perlhist.1", "sha256": "72fddb4105a4b511e69346cc12e18014f55cb87c3be694d7c29755b4585ea747", "size": 67507, "type": "file", "uid": 0}
  actual:   MISSING
MISMATCH /usr/share/man/man1/perlhpux.1
  expected: {"gid": 0, "mode": 420, "path": "/usr/share/man/man1/perlhpux.1", "sha256": "e9f1cd45c8dc0ffffefc5e8fc7b392195f2b000ed7851246f6596f6788a824d7", "size": 35054, "type": "file", "uid": 0}
  actual:   MISSING
MISMATCH /usr/share/man/man1/perlhurd.1
  expected: {"gid": 0, "mode": 420, "path": "/usr/share/man/man1/perlhurd.1", "sha256": "f450e4ef416a3ab0ee9384f38bb4d918cdc4ac61e3dab45edf1bea12257c8fcc", "size": 3650, "type": "file", "uid": 0}
  actual:   MISSING
MISMATCH /usr/share/man/man1/perlintern.1
  expected: {"gid": 0, "mode": 420, "path": "/usr/share/man/man1/perlintern.1", "sha256": "05e9239847a5ff438bdc7d4a4cbb0a77d903cf221d5a3a3030fca69d6dd5ff32", "size": 169708, "type": "file", "uid": 0}
  actual:   MISSING
MISMATCH /usr/share/man/man1/perlinterp.1
  expected: {"gid": 0, "mode": 420, "path": "/usr/share/man/man1/perlinterp.1", "sha256": "a3c1b932bce1223170d1c5de642b8a5cb1e8c88196ad1cb1dcf5035e7e57c1d4", "size": 44228, "type": "file", "uid": 0}
  actual:   MISSING
MISMATCH /usr/share/man/man1/perlintro.1
  expected: {"gid": 0, "mode": 420, "path": "/usr/share/man/man1/perlintro.1", "sha256": "703e5e8ec99396a45fa86b376631f0c4a2c1e0ae320a4dc975a9dc0c183678b7", "size": 31372, "type": "file", "uid": 0}
  actual:   MISSING
MISMATCH /usr/share/man/man1/perliol.1
  expected: {"gid": 0, "mode": 420, "path": "/usr/share/man/man1/perliol.1", "sha256": "1912aacadb1db3779709c3605a609257d912e4e0fb4dfca8e5f9765d9128df15", "size": 42058, "type": "file", "uid": 0}
  actual:   MISSING
MISMATCH /usr/share/man/man1/perlipc.1
  expected: {"gid": 0, "mode": 420, "path": "/usr/share/man/man1/perlipc.1", "sha256": "145657bd58c9525117ed64a8651902c1b0dce9c785d5ce1fb0cc89db1a35636b", "size": 80594, "type": "file", "uid": 0}
  actual:   MISSING
MISMATCH /usr/share/man/man1/perlirix.1
  expected: {"gid": 0, "mode": 420, "path": "/usr/share/man/man1/perlirix.1", "sha256": "fe5aa8264fee55f830e5b630cb955e016dfa0ca544239646ef672c4b1b3586c1", "size": 6621, "type": "file", "uid": 0}
  actual:   MISSING
MISMATCH /usr/share/man/man1/perlivp.1
  expected: {"gid": 0, "mode": 420, "path": "/usr/share/man/man1/perlivp.1", "sha256": "2b7270aa56d8d709a78a7621f77d8128ef658556f71ef51b082da757c02bb28f", "size": 4844, "type": "file", "uid": 0}
  actual:   MISSING
MISMATCH /usr/share/man/man1/perljp.1
  expected: {"gid": 0, "mode": 420, "path": "/usr/share/man/man1/perljp.1", "sha256": "01af358defabe309b2dc70d96e025791a5a9c712584d98b736a10074e81ff991", "size": 11016, "type": "file", "uid": 0}
  actual:   MISSING
MISMATCH /usr/share/man/man1/perlko.1
  expected: {"gid": 0, "mode": 420, "path": "/usr/share/man/man1/perlko.1", "sha256": "d8d588fb6e8e7e5a8a5a80bb73c1517132c947f017232b04802bcb520dc1eeda", "size": 14467, "type": "file", "uid": 0}
  actual:   MISSING
MISMATCH /usr/share/man/man1/perllexwarn.1
  expected: {"gid": 0, "mode": 420, "path": "/usr/share/man/man1/perllexwarn.1", "sha256": "06279338fdeb934a18714bd5a1fdff3f148f95f6a3a9fd1c4dabcea190bbb0bd", "size": 2029, "type": "file", "uid": 0}
  actual:   MISSING
MISMATCH /usr/share/man/man1/perllinux.1
  expected: {"gid": 0, "mode": 420, "path": "/usr/share/man/man1/perllinux.1", "sha256": "9ea1a4b69be4527fb1b007e9c3d9ce69bb84eb5ebd63205a6077445d78a94e6b", "size": 3773, "type": "file", "uid": 0}
  actual:   MISSING
MISMATCH /usr/share/man/man1/perllocale.1
  expected: {"gid": 0, "mode": 420, "path": "/usr/share/man/man1/perllocale.1", "sha256": "0a1fcaf5506d1b0f4959e44c66954c72413d8ca3f08d04b90470d0354128d5ed", "size": 88193, "type": "file", "uid": 0}
  actual:   MISSING
MISMATCH /usr/share/man/man1/perllol.1
  expected: {"gid": 0, "mode": 420, "path": "/usr/share/man/man1/perllol.1", "sha256": "042e159d083a18588874a2e55d2841bb6ffb3deb8f7658ff3522fdc934048f70", "size": 12775, "type": "file", "uid": 0}
  actual:   MISSING
MISMATCH /usr/share/man/man1/perlmacosx.1
  expected: {"gid": 0, "mode": 420, "path": "/usr/share/man/man1/perlmacosx.1", "sha256": "21e75e2497a202c0df8c8ef87bede34e421c34c7d16e49ccd687e9a63468847b", "size": 14630, "type": "file", "uid": 0}
  actual:   MISSING
MISMATCH /usr/share/man/man1/perlmod.1
  expected: {"gid": 0, "mode": 420, "path": "/usr/share/man/man1/perlmod.1", "sha256": "aee36db610cfc48c8a956467096d3cf951ae2c3c0c7bd04232a7722ff3d22153", "size": 32241, "type": "file", "uid": 0}
  actual:   MISSING
MISMATCH /usr/share/man/man1/perlmodinstall.1
  expected: {"gid": 0, "mode": 420, "path": "/usr/share/man/man1/perlmodinstall.1", "sha256": "9770c846463eb6138193be8384407afd969dbddc1b14aed5ed05ff05321ad9ff", "size": 12562, "type": "file", "uid": 0}
  actual:   MISSING
MISMATCH /usr/share/man/man1/perlmodlib.1
  expected: {"gid": 0, "mode": 420, "path": "/usr/share/man/man1/perlmodlib.1", "sha256": "eded35ddaf4275f76100f9c1388b25c8b803c1c1bde0799ce2ac8bf4a2b90b99", "size": 91961, "type": "file", "uid": 0}
  actual:   MISSING
MISMATCH /usr/share/man/man1/perlmodstyle.1
  expected: {"gid": 0, "mode": 420, "path": "/usr/share/man/man1/perlmodstyle.1", "sha256": "f06e6aa0ca8c2ebbdcbf1f8e4f8c73a7982005ec7703da5047d30b72302aa2a0", "size": 26292, "type": "file", "uid": 0}
  actual:   MISSING
MISMATCH /usr/share/man/man1/perlmroapi.1
  expected: {"gid": 0, "mode": 420, "path": "/usr/share/man/man1/perlmroapi.1", "sha256": "dce9013ac52c3ed0c89f50a31127de7fe2f0fcc13be672c2593bc1dd6c9ebb66", "size": 5331, "type": "file", "uid": 0}
  actual:   MISSING
MISMATCH /usr/share/man/man1/perlnewmod.1
  expected: {"gid": 0, "mode": 420, "path": "/usr/share/man/man1/perlnewmod.1", "sha256": "a042588c8dc20db066494043522f2c440e1cc239283aae8c5e6926c109909f19", "size": 13972, "type": "file", "uid": 0}
  actual:   MISSING
MISMATCH /usr/share/man/man1/perlnumber.1
  expected: {"gid": 0, "mode": 420, "path": "/usr/share/man/man1/perlnumber.1", "sha256": "2b63336a151b1a9d6fabcdcea6a1a69b50bbf282ee9b3451f851948a32870e0d", "size": 11457, "type": "file", "uid": 0}
  actual:   MISSING
MISMATCH /usr/share/man/man1/perlobj.1
  expected: {"gid": 0, "mode": 420, "path": "/usr/share/man/man1/perlobj.1", "sha256": "4bdad1746b7be23f5fd355c5b59e6fe26212552e7fc20c997b95c26f147ca574", "size": 43433, "type": "file", "uid": 0}
  actual:   MISSING
MISMATCH /usr/share/man/man1/perlootut.1
  expected: {"gid": 0, "mode": 420, "path": "/usr/share/man/man1/perlootut.1", "sha256": "12fc3072fd59e00d2b8360cc70e243c8e5d8638dba0f4ad97f38a61de2061289", "size": 32282, "type": "file", "uid": 0}
  actual:   MISSING
MISMATCH /usr/share/man/man1/perlop.1
  expected: {"gid": 0, "mode": 420, "path": "/usr/share/man/man1/perlop.1", "sha256": "5b3a692a62642e823f6538c79a86407c7384dbd23c261fea0489b13dfef5cd35", "size": 211078, "type": "file", "uid": 0}
  actual:   MISSING
MISMATCH /usr/share/man/man1/perlopenbsd.1
  expected: {"gid": 0, "mode": 420, "path": "/usr/share/man/man1/perlopenbsd.1", "sha256": "81ca50133cd4271cfcb72d1799727ca5a0846b2a810ff660a92c84e5524c1bdb", "size": 2860, "type": "file", "uid": 0}
  actual:   MISSING
MISMATCH /usr/share/man/man1/perlopentut.1
  expected: {"gid": 0, "mode": 420, "path": "/usr/share/man/man1/perlopentut.1", "sha256": "e2e97f17c10bd386515e33aeada01fdb8fff38dd564df98217e738cf7fa9c540", "size": 19191, "type": "file", "uid": 0}
  actual:   MISSING
MISMATCH /usr/share/man/man1/perlos2.1
  expected: {"gid": 0, "mode": 420, "path": "/usr/share/man/man1/perlos2.1", "sha256": "20a62cc6ff3f9a99fdd53732184a02e56842d3e39d852a4f646f778c6b25b116", "size": 109615, "type": "file", "uid": 0}
  actual:   MISSING
MISMATCH /usr/share/man/man1/perlos390.1
  expected: {"gid": 0, "mode": 420, "path": "/usr/share/man/man1/perlos390.1", "sha256": "cb12b7aefd1cf45fc8d1b4ef8516ec114d349cbb65abae6ae788a64fcca2dc7a", "size": 17334, "type": "file", "uid": 0}
  actual:   MISSING
MISMATCH /usr/share/man/man1/perlos400.1
  expected: {"gid": 0, "mode": 420, "path": "/usr/share/man/man1/perlos400.1", "sha256": "d9323fbf4f6aa42aa776fff631d6e3f955702ba189613ef051ecc2dc4edf30a1", "size": 6593, "type": "file", "uid": 0}
  actual:   MISSING
MISMATCH /usr/share/man/man1/perlpacktut.1
  expected: {"gid": 0, "mode": 420, "path": "/usr/share/man/man1/perlpacktut.1", "sha256": "36dcca2fc7bfd617573c995eb30f9f0b88ce035c7d0c0f92a97bd61a6b3e531a", "size": 61529, "type": "file", "uid": 0}
  actual:   MISSING
MISMATCH /usr/share/man/man1/perlperf.1
  expected: {"gid": 0, "mode": 420, "path": "/usr/share/man/man1/perlperf.1", "sha256": "a91ffec0d2e293315e43b79f64d08eb95adef7ab8050dc53950ebb1d7d52c383", "size": 56691, "type": "file", "uid": 0}
  actual:   MISSING
MISMATCH /usr/share/man/man1/perlplan9.1
  expected: {"gid": 0, "mode": 420, "path": "/usr/share/man/man1/perlplan9.1", "sha256": "8c548f2e0cbb2f4ff101e798a02898816699cbec252039a32fe72f92470016fb", "size": 7238, "type": "file", "uid": 0}
  actual:   MISSING
MISMATCH /usr/share/man/man1/perlpod.1
  expected: {"gid": 0, "mode": 420, "path": "/usr/share/man/man1/perlpod.1", "sha256": "4684d703ff5be2c43d69129518a68606e50b9988d73d51154dad6321e21361bc", "size": 29239, "type": "file", "uid": 0}
  actual:   MISSING
MISMATCH /usr/share/man/man1/perlpodspec.1
  expected: {"gid": 0, "mode": 420, "path": "/usr/share/man/man1/perlpodspec.1", "sha256": "f7cab4214ba47e396b0a2e39f1c809ba94db0651982e0a12a3d7867ac1b8af7b", "size": 74215, "type": "file", "uid": 0}
  actual:   MISSING
MISMATCH /usr/share/man/man1/perlpodstyle.1
  expected: {"gid": 0, "mode": 420, "path": "/usr/share/man/man1/perlpodstyle.1", "sha256": "e30b3154cb64aba29e43bf2e047cd16a9fed485750a8605a1273e154cf016beb", "size": 14644, "type": "file", "uid": 0}
  actual:   MISSING
MISMATCH /usr/share/man/man1/perlpolicy.1
  expected: {"gid": 0, "mode": 420, "path": "/usr/share/man/man1/perlpolicy.1", "sha256": "b3d80ed1007683a44b720d70e94cee8c875c4739a505f35e6b844ee6e7d265a2", "size": 29002, "type": "file", "uid": 0}
  actual:   MISSING
MISMATCH /usr/share/man/man1/perlport.1
  expected: {"gid": 0, "mode": 420, "path": "/usr/share/man/man1/perlport.1", "sha256": "fac96afa0355b61d1884a3bcc2e7833b87b1d352cb060b775b8fde009a358cee", "size": 100076, "type": "file", "uid": 0}
  actual:   MISSING
MISMATCH /usr/share/man/man1/perlpragma.1
  expected: {"gid": 0, "mode": 420, "path": "/usr/share/man/man1/perlpragma.1", "sha256": "885afabe79a0c15d2778e525ebf7e88fc8135f5a383df2734973d9d3022a165d", "size": 7638, "type": "file", "uid": 0}
  actual:   MISSING
MISMATCH /usr/share/man/man1/perlqnx.1
  expected: {"gid": 0, "mode": 420, "path": "/usr/share/man/man1/perlqnx.1", "sha256": "3527abc5b4674843a59977291a724773eb1585aa55bf38ad0e1345885c790358", "size": 8968, "type": "file", "uid": 0}
  actual:   MISSING
MISMATCH /usr/share/man/man1/perlre.1
  expected: {"gid": 0, "mode": 420, "path": "/usr/share/man/man1/perlre.1", "sha256": "e173d91a2169b32d3a0943622486b6187c382cb6467308fe8e0e6314c06d5dd9", "size": 163790, "type": "file", "uid": 0}
  actual:   MISSING
MISMATCH /usr/share/man/man1/perlreapi.1
  expected: {"gid": 0, "mode": 420, "path": "/usr/share/man/man1/perlreapi.1", "sha256": "5ed51ccffa6ace4c0ec4ab62b35001f4cc43efc7f0b55d339d1e34d3d365ccbb", "size": 42587, "type": "file", "uid": 0}
  actual:   MISSING
MISMATCH /usr/share/man/man1/perlrebackslash.1
  expected: {"gid": 0, "mode": 420, "path": "/usr/share/man/man1/perlrebackslash.1", "sha256": "fa4754b281e43e80be20fc141902a176c6f022ff5662b75cb5af94512b6295c5", "size": 40456, "type": "file", "uid": 0}
  actual:   MISSING
MISMATCH /usr/share/man/man1/perlrecharclass.1
  expected: {"gid": 0, "mode": 420, "path": "/usr/share/man/man1/perlrecharclass.1", "sha256": "96517f10a373b0cd2819669bd04f142ffaab8f06c83ed123343d3aa4b1c9f664", "size": 59563, "type": "file", "uid": 0}
  actual:   MISSING
MISMATCH /usr/share/man/man1/perlref.1
  expected: {"gid": 0, "mode": 420, "path": "/usr/share/man/man1/perlref.1", "sha256": "e41e90efceda95a4ed298702929d15496b2492c4c7679afe142293bd6350f455", "size": 42305, "type": "file", "uid": 0}
  actual:   MISSING
MISMATCH /usr/share/man/man1/perlreftut.1
  expected: {"gid": 0, "mode": 420, "path": "/usr/share/man/man1/perlreftut.1", "sha256": "f0bd181cae4db8a99cd1821ed6f1212a0046a7a7429de2074ef4be1b78b9a0e1", "size": 23108, "type": "file", "uid": 0}
  actual:   MISSING
MISMATCH /usr/share/man/man1/perlreguts.1
  expected: {"gid": 0, "mode": 420, "path": "/usr/share/man/man1/perlreguts.1", "sha256": "57735b38319871e6aeb7a448ca9396db17dd3cec70e88911cad3cc3a9d2be57d", "size": 50497, "type": "file", "uid": 0}
  actual:   MISSING
MISMATCH /usr/share/man/man1/perlrepository.1
  expected: {"gid": 0, "mode": 420, "path": "/usr/share/man/man1/perlrepository.1", "sha256": "1dff9c6811611dd4d1909fd4bd5cf98854dffc27d4451f138542f19a82561aeb", "size": 2131, "type": "file", "uid": 0}
  actual:   MISSING
MISMATCH /usr/share/man/man1/perlrequick.1
  expected: {"gid": 0, "mode": 420, "path": "/usr/share/man/man1/perlrequick.1", "sha256": "be51b95a528a344424135a8b9050f41ecba45cd97c1705a07e8b2cd02af52c63", "size": 25089, "type": "file", "uid": 0}
  actual:   MISSING
MISMATCH /usr/share/man/man1/perlreref.1
  expected: {"gid": 0, "mode": 420, "path": "/usr/share/man/man1/perlreref.1", "sha256": "089efdb01f179c14ed7a72acbfc479b42ce7b08ad55035a09035caaf57aee6e0", "size": 19177, "type": "file", "uid": 0}
  actual:   MISSING
MISMATCH /usr/share/man/man1/perlretut.1
  expected: {"gid": 0, "mode": 420, "path": "/usr/share/man/man1/perlretut.1", "sha256": "1460e7211c3e629e7582e9d60c21cc644aa461b5706c7101f67193a56586abef", "size": 146314, "type": "file", "uid": 0}
  actual:   MISSING
MISMATCH /usr/share/man/man1/perlriscos.1
  expected: {"gid": 0, "mode": 420, "path": "/usr/share/man/man1/perlriscos.1", "sha256": "7a01b900a5aa941bb099941d0d5b0e310bafe0b8aa9a1c2280553dbdfd742014", "size": 3209, "type": "file", "uid": 0}
  actual:   MISSING
MISMATCH /usr/share/man/man1/perlrun.1
  expected: {"gid": 0, "mode": 420, "path": "/usr/share/man/man1/perlrun.1", "sha256": "8bf3d6a92c29c76cc2e9987c134f773e6b8ada357f785865ce2f6eac53d39132", "size": 69488, "type": "file", "uid": 0}
  actual:   MISSING
MISMATCH /usr/share/man/man1/perlsec.1
  expected: {"gid": 0, "mode": 420, "path": "/usr/share/man/man1/perlsec.1", "sha256": "282e0028bc748e009b5be248c025585adef763c7312242734d9aafa1893635ba", "size": 32535, "type": "file", "uid": 0}
  actual:   MISSING
MISMATCH /usr/share/man/man1/perlsecpolicy.1
  expected: {"gid": 0, "mode": 420, "path": "/usr/share/man/man1/perlsecpolicy.1", "sha256": "4b7d4ff948c2c0a7eb0b817e0d0f98b6aba2af595a30d0915dd292c3f7dba090", "size": 29047, "type": "file", "uid": 0}
  actual:   MISSING
MISMATCH /usr/share/man/man1/perlsolaris.1
  expected: {"gid": 0, "mode": 420, "path": "/usr/share/man/man1/perlsolaris.1", "sha256": "5d6d12d4288cfc7984b1e12f226ac11ae0d4238b767e309741ba61defdcb31a4", "size": 34381, "type": "file", "uid": 0}
  actual:   MISSING
MISMATCH /usr/share/man/man1/perlsource.1
  expected: {"gid": 0, "mode": 420, "path": "/usr/share/man/man1/perlsource.1", "sha256": "2932ec342a5898fbd80f3ad71682a5b4aad699ce631ccfe4904b1419df2f4618", "size": 9385, "type": "file", "uid": 0}
  actual:   MISSING
MISMATCH /usr/share/man/man1/perlstyle.1
  expected: {"gid": 0, "mode": 420, "path": "/usr/share/man/man1/perlstyle.1", "sha256": "dc32d86511feb0a5d1909c099536315347e18327a766e50338b0096a8a9939ad", "size": 11540, "type": "file", "uid": 0}
  actual:   MISSING
MISMATCH /usr/share/man/man1/perlsub.1
  expected: {"gid": 0, "mode": 420, "path": "/usr/share/man/man1/perlsub.1", "sha256": "e0615a4609e5726fd0fd7c94d9d577da437965c4549b0262fba8ddec9ec32786", "size": 91017, "type": "file", "uid": 0}
  actual:   MISSING
MISMATCH /usr/share/man/man1/perlsyn.1
  expected: {"gid": 0, "mode": 420, "path": "/usr/share/man/man1/perlsyn.1", "sha256": "d0a89fb72206d3084f5e070ba6f800852f0f950af5035fa45de67265ae9d4617", "size": 65165, "type": "file", "uid": 0}
  actual:   MISSING
MISMATCH /usr/share/man/man1/perlsynology.1
  expected: {"gid": 0, "mode": 420, "path": "/usr/share/man/man1/perlsynology.1", "sha256": "471542012f40d1c3c8bb3c88e8c7d28eefa589e73ff264513a2ca4413c73b812", "size": 12759, "type": "file", "uid": 0}
  actual:   MISSING
MISMATCH /usr/share/man/man1/perlthanks.1
  expected: {"gid": 0, "mode": 420, "path": "/usr/share/man/man1/perlthanks.1", "sha256": "acba9e36bfb788fd077c440cd03194a1a304f9ccc50d4f7495f13a8018195a3b", "size": 13892, "type": "file", "uid": 0}
  actual:   MISSING
MISMATCH /usr/share/man/man1/perlthrtut.1
  expected: {"gid": 0, "mode": 420, "path": "/usr/share/man/man1/perlthrtut.1", "sha256": "4d51250c4bdf70431a80264b40ba091594155431bf17749e76ac4b27914f40e7", "size": 51997, "type": "file", "uid": 0}
  actual:   MISSING
MISMATCH /usr/share/man/man1/perltie.1
  expected: {"gid": 0, "mode": 420, "path": "/usr/share/man/man1/perltie.1", "sha256": "2d4e057980c9746df0d23acac1cf9b85281e3d4317a290169c1bcf004c8b35ea", "size": 47675, "type": "file", "uid": 0}
  actual:   MISSING
MISMATCH /usr/share/man/man1/perltoc.1
  expected: {"gid": 0, "mode": 420, "path": "/usr/share/man/man1/perltoc.1", "sha256": "b8586bf25bb0574958a643eecbb28d145c76b60256601cd6e9d3d29b4ea8c3ef", "size": 1474941, "type": "file", "uid": 0}
  actual:   MISSING
MISMATCH /usr/share/man/man1/perltodo.1
  expected: {"gid": 0, "mode": 420, "path": "/usr/share/man/man1/perltodo.1", "sha256": "fd8d061b1230ba72d73e86de79a0e46e6376e5908d73e3ace6c7bdebfd576506", "size": 2032, "type": "file", "uid": 0}
  actual:   MISSING
MISMATCH /usr/share/man/man1/perltooc.1
  expected: {"gid": 0, "mode": 420, "path": "/usr/share/man/man1/perltooc.1", "sha256": "7bc4137e2c4bde94abae32d183563d081472ddce952e275cbd39838c21dd6b8a", "size": 1921, "type": "file", "uid": 0}
  actual:   MISSING
MISMATCH /usr/share/man/man1/perltoot.1
  expected: {"gid": 0, "mode": 420, "path": "/usr/share/man/man1/perltoot.1", "sha256": "458cd0eddd16b8f10fd07d659010953658b8e18a34dfb3f26a1d589b6819a50a", "size": 1921, "type": "file", "uid": 0}
  actual:   MISSING
MISMATCH /usr/share/man/man1/perltrap.1
  expected: {"gid": 0, "mode": 420, "path": "/usr/share/man/man1/perltrap.1", "sha256": "a4478bc9b8876706136864fe7cdf3a5193e78508fe358ec21f5feb3c927311d9", "size": 14008, "type": "file", "uid": 0}
  actual:   MISSING
MISMATCH /usr/share/man/man1/perltru64.1
  expected: {"gid": 0, "mode": 420, "path": "/usr/share/man/man1/perltru64.1", "sha256": "1c7d157d211e74235b22087cc4f2e0d9aa2b87d56db8fd877d0846b57819382c", "size": 10962, "type": "file", "uid": 0}
  actual:   MISSING
MISMATCH /usr/share/man/man1/perltw.1
  expected: {"gid": 0, "mode": 420, "path": "/usr/share/man/man1/perltw.1", "sha256": "8c35a8449ff9976ee630c9286af042d376aae1463ef0301db7bb5d31bea5b40d", "size": 6620, "type": "file", "uid": 0}
  actual:   MISSING
MISMATCH /usr/share/man/man1/perlunicode.1
  expected: {"gid": 0, "mode": 420, "path": "/usr/share/man/man1/perlunicode.1", "sha256": "e89c5a1b06b02358527c038483431c5d1271051c29e9f735a34e2b960bef2ada", "size": 108293, "type": "file", "uid": 0}
  actual:   MISSING
MISMATCH /usr/share/man/man1/perlunicook.1
  expected: {"gid": 0, "mode": 420, "path": "/usr/share/man/man1/perlunicook.1", "sha256": "e1d703f2ae6802c40df8d170c5a6424fa6db955adb64fc3cca9d10d3a55a7471", "size": 32899, "type": "file", "uid": 0}
  actual:   MISSING
MISMATCH /usr/share/man/man1/perlunifaq.1
  expected: {"gid": 0, "mode": 420, "path": "/usr/share/man/man1/perlunifaq.1", "sha256": "5599c4f830149dfe18e50d1e3e0d79137fa4583f45dc6c5f8b93554906c21a1e", "size": 18913, "type": "file", "uid": 0}
  actual:   MISSING
MISMATCH /usr/share/man/man1/perluniintro.1
  expected: {"gid": 0, "mode": 420, "path": "/usr/share/man/man1/perluniintro.1", "sha256": "538b17b4477627b4ad89f7c89ee618f351cd8e28301feac989256505ef26c745", "size": 44818, "type": "file", "uid": 0}
  actual:   MISSING
MISMATCH /usr/share/man/man1/perluniprops.1
  expected: {"gid": 0, "mode": 420, "path": "/usr/share/man/man1/perluniprops.1", "sha256": "79e51834e4b6606c242b4ef7fcf7834d0d6e88dcdb0343890fa125df0ab0ad83", "size": 504531, "type": "file", "uid": 0}
  actual:   MISSING
MISMATCH /usr/share/man/man1/perlunitut.1
  expected: {"gid": 0, "mode": 420, "path": "/usr/share/man/man1/perlunitut.1", "sha256": "40957eab83c391d58df66e8944816d1aea61b2011c46db2aa384098d99748186", "size": 10684, "type": "file", "uid": 0}
  actual:   MISSING
MISMATCH /usr/share/man/man1/perlutil.1
  expected: {"gid": 0, "mode": 420, "path": "/usr/share/man/man1/perlutil.1", "sha256": "d675de1ca376a2931631289b787e1d9444356196e8268090a81ac814147e944c", "size": 9803, "type": "file", "uid": 0}
  actual:   MISSING
MISMATCH /usr/share/man/man1/perlvar.1
  expected: {"gid": 0, "mode": 420, "path": "/usr/share/man/man1/perlvar.1", "sha256": "7a88d85e6825bcae66202c1c35fa58f8eee00dd538a99eb232af55c835ddace1", "size": 113260, "type": "file", "uid": 0}
  actual:   MISSING
MISMATCH /usr/share/man/man1/perlvms.1
  expected: {"gid": 0, "mode": 420, "path": "/usr/share/man/man1/perlvms.1", "sha256": "731ce6a8fcd43f0846f7462df7414b41a372eba786d157da95f86f413d88cad0", "size": 58509, "type": "file", "uid": 0}
  actual:   MISSING
MISMATCH /usr/share/man/man1/perlvos.1
  expected: {"gid": 0, "mode": 420, "path": "/usr/share/man/man1/perlvos.1", "sha256": "4a11bdddbc1916eec12a888d8388e31fbea026f8ac178ed149aca1b7454baac0", "size": 5648, "type": "file", "uid": 0}
  actual:   MISSING
MISMATCH /usr/share/man/man1/perlwin32.1
  expected: {"gid": 0, "mode": 420, "path": "/usr/share/man/man1/perlwin32.1", "sha256": "b129ff1bf83e76705057ee808924220266c467093d32791e500ee4bd50152c66", "size": 36515, "type": "file", "uid": 0}
  actual:   MISSING
MISMATCH /usr/share/man/man1/perlxs.1
  expected: {"gid": 0, "mode": 420, "path": "/usr/share/man/man1/perlxs.1", "sha256": "647ebe9572d39972ebc5100784dd3749c7f45d9d900bf0cb90ff081b7ba6f70e", "size": 89673, "type": "file", "uid": 0}
  actual:   MISSING
MISMATCH /usr/share/man/man1/perlxstut.1
  expected: {"gid": 0, "mode": 420, "path": "/usr/share/man/man1/perlxstut.1", "sha256": "1a8de13ff484122858eb68263711e19ed2b40c91016350895ad5898a3f7d184f", "size": 60008, "type": "file", "uid": 0}
  actual:   MISSING
MISMATCH /usr/share/man/man1/perlxstypemap.1
  expected: {"gid": 0, "mode": 420, "path": "/usr/share/man/man1/perlxstypemap.1", "sha256": "8328c615becbee0f8d31819c48ccdba961146a7fc4d67609d359beb181523cca", "size": 29115, "type": "file", "uid": 0}
  actual:   MISSING
MISMATCH /usr/share/man/man1/piconv.1
  expected: {"gid": 0, "mode": 420, "path": "/usr/share/man/man1/piconv.1", "sha256": "a62d9c475792d1343d36424aac52cb83a806e13bd5d46ccb8938774769cd9b9f", "size": 5275, "type": "file", "uid": 0}
  actual:   MISSING
MISMATCH /usr/share/man/man1/pl2pm.1
  expected: {"gid": 0, "mode": 420, "path": "/usr/share/man/man1/pl2pm.1", "sha256": "7193658762b0ed2f116ab7b51bfad461e5d78d9c0a1f14ec09850c2a8a2ec573", "size": 2275, "type": "file", "uid": 0}
  actual:   MISSING
MISMATCH /usr/share/man/man1/pod2html.1
  expected: {"gid": 0, "mode": 420, "path": "/usr/share/man/man1/pod2html.1", "sha256": "4e730d3db9843898abbe1076eb87292547362194ad084252a8a9edbe6dfe6719", "size": 6370, "type": "file", "uid": 0}
  actual:   MISSING
MISMATCH /usr/share/man/man1/pod2man.1
  expected: {"gid": 0, "mode": 420, "path": "/usr/share/man/man1/pod2man.1", "sha256": "17902aeeca5289b07b1660c8d329485de200285de3bb685713b33f99a58bc552", "size": 20459, "type": "file", "uid": 0}
  actual:   MISSING
MISMATCH /usr/share/man/man1/pod2text.1
  expected: {"gid": 0, "mode": 420, "path": "/usr/share/man/man1/pod2text.1", "sha256": "87e4093815a191295a7b38f3aefe8a6a702270e16105f55df01c2e16f7c4d8ea", "size": 13457, "type": "file", "uid": 0}
  actual:   MISSING
MISMATCH /usr/share/man/man1/pod2usage.1
  expected: {"gid": 0, "mode": 420, "path": "/usr/share/man/man1/pod2usage.1", "sha256": "bde659a3ece7321ce2e5679d0869780e9f6aec129b4b3dbc1c323b3ed0705095", "size": 4421, "type": "file", "uid": 0}
  actual:   MISSING
MISMATCH /usr/share/man/man1/podchecker.1
  expected: {"gid": 0, "mode": 420, "path": "/usr/share/man/man1/podchecker.1", "sha256": "ecac9456022a3e9c261642f4af7d365c3d4abca90d2e9596df62f8004c28c92a", "size": 3818, "type": "file", "uid": 0}
  actual:   MISSING
MISMATCH /usr/share/man/man1/prove.1
  expected: {"gid": 0, "mode": 420, "path": "/usr/share/man/man1/prove.1", "sha256": "1a323f9d3d2931034cc3454b67104cbda05aa0e560272f64fe52d57b1b896bca", "size": 18104, "type": "file", "uid": 0}
  actual:   MISSING
MISMATCH /usr/share/man/man1/ptar.1
  expected: {"gid": 0, "mode": 420, "path": "/usr/share/man/man1/ptar.1", "sha256": "9aeab9b983761c479f40d1c7e6e7fdd2460e35198b13fe5aad4a62e2e152b878", "size": 2768, "type": "file", "uid": 0}
  actual:   MISSING
MISMATCH /usr/share/man/man1/ptardiff.1
  expected: {"gid": 0, "mode": 420, "path": "/usr/share/man/man1/ptardiff.1", "sha256": "ec4204448727806c74433b169e00cdf60039d6b42e13e36733b7f57f5adf3f45", "size": 2605, "type": "file", "uid": 0}
  actual:   MISSING
MISMATCH /usr/share/man/man1/ptargrep.1
  expected: {"gid": 0, "mode": 420, "path": "/usr/share/man/man1/ptargrep.1", "sha256": "4e1cdba4d3de0df50c4f7f576634ce8116f431ffa42bfd055befa5a30e470b72", "size": 3769, "type": "file", "uid": 0}
  actual:   MISSING
MISMATCH /usr/share/man/man1/shasum.1
  expected: {"gid": 0, "mode": 420, "path": "/usr/share/man/man1/shasum.1", "sha256": "c9bea641867e31644ce0d73ab84759eb45d3de3afdb1c37b8c8a7f027969d458", "size": 5176, "type": "file", "uid": 0}
  actual:   MISSING
MISMATCH /usr/share/man/man1/splain.1
  expected: {"gid": 0, "mode": 420, "path": "/usr/share/man/man1/splain.1", "sha256": "00db02b3b52cedf8d321398637b9f3c7a66bcd941b1509d4386b435ed85166fe", "size": 8509, "type": "file", "uid": 0}
  actual:   MISSING
MISMATCH /usr/share/man/man1/streamzip.1
  expected: {"gid": 0, "mode": 420, "path": "/usr/share/man/man1/streamzip.1", "sha256": "2fec5b5b0143cc6df1012050c14bd46400e787318e36920d17f3ca52a6eba9b9", "size": 6399, "type": "file", "uid": 0}
  actual:   MISSING
MISMATCH /usr/share/man/man1/xsubpp.1
  expected: {"gid": 0, "mode": 420, "path": "/usr/share/man/man1/xsubpp.1", "sha256": "7b70a7094028aa835c752eb5d918d322f471f3fdc02b5d4e17d2e8d1d9e55143", "size": 6164, "type": "file", "uid": 0}
  actual:   MISSING
MISMATCH /usr/share/man/man1/zipdetails.1
  expected: {"gid": 0, "mode": 420, "path": "/usr/share/man/man1/zipdetails.1", "sha256": "bb35988841b15b19c9a156433d0e7e786c9f29f94ed6c9432630c6418b6eb786", "size": 24764, "type": "file", "uid": 0}
  actual:   MISSING
MISMATCH /usr/share/man/man3/AnyDBM_File.3
  expected: {"gid": 0, "mode": 420, "path": "/usr/share/man/man3/AnyDBM_File.3", "sha256": "26dd58e5e2f821ddb4852176b030b8dff02e8ff51e1fb666beca25468662302f", "size": 4202, "type": "file", "uid": 0}
  actual:   MISSING
MISMATCH /usr/share/man/man3/App::Cpan.3
  expected: {"gid": 0, "mode": 420, "path": "/usr/share/man/man3/App::Cpan.3", "sha256": "2c878a61b6ef3395bdfb82351fedcb2216a9ffeec25985c923ee839a3ff74e4c", "size": 12212, "type": "file", "uid": 0}
  actual:   MISSING
MISMATCH /usr/share/man/man3/App::Prove.3
  expected: {"gid": 0, "mode": 420, "path": "/usr/share/man/man3/App::Prove.3", "sha256": "f3bae879abf269c7b9d4f88a217596b00945d47ddf1710352314997f543394ac", "size": 9518, "type": "file", "uid": 0}
  actual:   MISSING
MISMATCH /usr/share/man/man3/App::Prove::State.3
  expected: {"gid": 0, "mode": 420, "path": "/usr/share/man/man3/App::Prove::State.3", "sha256": "ca4ac0f288b7d03230960f8592ec9cc84152f95aa2f2ec74955803f600d82f88", "size": 5402, "type": "file", "uid": 0}
  actual:   MISSING
MISMATCH /usr/share/man/man3/App::Prove::State::Result.3
  expected: {"gid": 0, "mode": 420, "path": "/usr/share/man/man3/App::Prove::State::Result.3", "sha256": "c13ebdbbe801ba4e2a9712e78fd4d237d85fc5387071d209277546bb4076313b", "size": 5053, "type": "file", "uid": 0}
  actual:   MISSING
MISMATCH /usr/share/man/man3/App::Prove::State::Result::Test.3
  expected: {"gid": 0, "mode": 420, "path": "/usr/share/man/man3/App::Prove::State::Result::Test.3", "sha256": "d98447915373fe7384329537e32494a90e52f76c53a6ce855d3a2cfae5377020", "size": 4498, "type": "file", "uid": 0}
  actual:   MISSING
MISMATCH /usr/share/man/man3/Archive::Tar.3
  expected: {"gid": 0, "mode": 420, "path": "/usr/share/man/man3/Archive::Tar.3", "sha256": "3988fd31b156a666f4875ee2fca6a25f40190d9fcd52ef98704d5259518d3182", "size": 43524, "type": "file", "uid": 0}
  actual:   MISSING
MISMATCH /usr/share/man/man3/Archive::Tar::File.3
  expected: {"gid": 0, "mode": 420, "path": "/usr/share/man/man3/Archive::Tar::File.3", "sha256": "aee70818342ba0373f1826925abca484f63fd29bc165944f47791f0905edf196", "size": 10477, "type": "file", "uid": 0}
  actual:   MISSING
MISMATCH /usr/share/man/man3/Attribute::Handlers.3
  expected: {"gid": 0, "mode": 420, "path": "/usr/share/man/man3/Attribute::Handlers.3", "sha256": "943a15a4ca9faca1f1b7bb67f7c82c627743b1e803537d4f257776fe85217424", "size": 28495, "type": "file", "uid": 0}
  actual:   MISSING
MISMATCH /usr/share/man/man3/AutoLoader.3
  expected: {"gid": 0, "mode": 420, "path": "/usr/share/man/man3/AutoLoader.3", "sha256": "20b6fbccae48b8bc8211119c512a5f9e57716f472e66e266231e93c89c7cc284", "size": 13230, "type": "file", "uid": 0}
  actual:   MISSING
MISMATCH /usr/share/man/man3/AutoSplit.3
  expected: {"gid": 0, "mode": 420, "path": "/usr/share/man/man3/AutoSplit.3", "sha256": "7cacaa6cc4db1056096315095712542240893f4abf1f1e4309ab4cf7aa80cc5a", "size": 9853, "type": "file", "uid": 0}
  actual:   MISSING
MISMATCH /usr/share/man/man3/B.3
  expected: {"gid": 0, "mode": 420, "path": "/usr/share/man/man3/B.3", "sha256": "171a041b6c9148d23d77b3abf50a4b829e8a3fda9a363780f5007881aa827d49", "size": 31693, "type": "file", "uid": 0}
  actual:   MISSING
MISMATCH /usr/share/man/man3/B::Concise.3
  expected: {"gid": 0, "mode": 420, "path": "/usr/share/man/man3/B::Concise.3", "sha256": "e5c648d82f5cd290ae40f81417008da351c0bf9212e6a56d38b5bbcd52a9ff58", "size": 31362, "type": "file", "uid": 0}
  actual:   MISSING
MISMATCH /usr/share/man/man3/B::Deparse.3
  expected: {"gid": 0, "mode": 420, "path": "/usr/share/man/man3/B::Deparse.3", "sha256": "7f3eafded13ee25b4f5984e1aacebc448f3615a0acf7ab4a48c4e4867e25f7dd", "size": 18263, "type": "file", "uid": 0}
  actual:   MISSING
MISMATCH /usr/share/man/man3/B::Op_private.3
  expected: {"gid": 0, "mode": 420, "path": "/usr/share/man/man3/B::Op_private.3", "sha256": "5db9d5828a9af6155ee3b4d0a8a3b5bfd3ea07b1861cb8710c964fde18ecd6c3", "size": 5143, "type": "file", "uid": 0}
  actual:   MISSING
MISMATCH /usr/share/man/man3/B::Showlex.3
  expected: {"gid": 0, "mode": 420, "path": "/usr/share/man/man3/B::Showlex.3", "sha256": "54af500e109a1be1e3f98b6c344cd0d01249f89aec1e1870be9ad3ae0db51ca0", "size": 4209, "type": "file", "uid": 0}
  actual:   MISSING
MISMATCH /usr/share/man/man3/B::Terse.3
  expected: {"gid": 0, "mode": 420, "path": "/usr/share/man/man3/B::Terse.3", "sha256": "5c914c267e03b0a44590dff22a4522b850d4505ec556171a926a9c80577536e5", "size": 3362, "type": "file", "uid": 0}
  actual:   MISSING
MISMATCH /usr/share/man/man3/B::Xref.3
  expected: {"gid": 0, "mode": 420, "path": "/usr/share/man/man3/B::Xref.3", "sha256": "a6585e2d8420c93d25c0f254a36a88512309f0e0f17bfa71c425f1ef50ee56a4", "size": 6134, "type": "file", "uid": 0}
  actual:   MISSING
MISMATCH /usr/share/man/man3/Benchmark.3
  expected: {"gid": 0, "mode": 420, "path": "/usr/share/man/man3/Benchmark.3", "sha256": "ef63e17939cbd51845eba51e426c6cb10ed2704651e1257bad4865265c73c665", "size": 17191, "type": "file", "uid": 0}
  actual:   MISSING
MISMATCH /usr/share/man/man3/CORE.3
  expected: {"gid": 0, "mode": 420, "path": "/usr/share/man/man3/CORE.3", "sha256": "af83a625bca70a305dbc504f831c31b32a585f47030bb9678b6bab402360c47e", "size": 6370, "type": "file", "uid": 0}
  actual:   MISSING
MISMATCH /usr/share/man/man3/CPAN.3
  expected: {"gid": 0, "mode": 420, "path": "/usr/share/man/man3/CPAN.3", "sha256": "23ab414ccbb6ee067262acb9294e771ec52f6d71d21b3e5c935591df51ed89a2", "size": 114578, "type": "file", "uid": 0}
  actual:   MISSING
MISMATCH /usr/share/man/man3/CPAN::API::HOWTO.3
  expected: {"gid": 0, "mode": 420, "path": "/usr/share/man/man3/CPAN::API::HOWTO.3", "sha256": "3866aab049b343ce6fdd69d782a32d6b2e9fd2efa2013f7a3f1b4bcfb2a5cd86", "size": 2969, "type": "file", "uid": 0}
  actual:   MISSING
MISMATCH /usr/share/man/man3/CPAN::Debug.3
  expected: {"gid": 0, "mode": 420, "path": "/usr/share/man/man3/CPAN::Debug.3", "sha256": "2214a0080138e34a5500dd724d41e4d77fa4c4ab3a7a23336efc0aa06b00a7d3", "size": 1837, "type": "file", "uid": 0}
  actual:   MISSING
MISMATCH /usr/share/man/man3/CPAN::Distroprefs.3
  expected: {"gid": 0, "mode": 420, "path": "/usr/share/man/man3/CPAN::Distroprefs.3", "sha256": "f1ccbe485c774b006d3956adf3a64f7393c80e562f5d4bc9202ac5236a4a391c", "size": 5483, "type": "file", "uid": 0}
  actual:   MISSING
MISMATCH /usr/share/man/man3/CPAN::FirstTime.3
  expected: {"gid": 0, "mode": 420, "path": "/usr/share/man/man3/CPAN::FirstTime.3", "sha256": "02421749f764adb81e1dc41ef9d86b0c8aba66468d1c54e52b241089dd030400", "size": 26927, "type": "file", "uid": 0}
  actual:   MISSING
MISMATCH /usr/share/man/man3/CPAN::HandleConfig.3
  expected: {"gid": 0, "mode": 420, "path": "/usr/share/man/man3/CPAN::HandleConfig.3", "sha256": "e3e70a9ad7ea4fca3f88906f9787b6cdad747b019a4ec0b3a44f1517d1b6440d", "size": 2758, "type": "file", "uid": 0}
  actual:   MISSING
MISMATCH /usr/share/man/man3/CPAN::Kwalify.3
  expected: {"gid": 0, "mode": 420, "path": "/usr/share/man/man3/CPAN::Kwalify.3", "sha256": "beb3f4cb3db8e0e8d132adec87ab79600dc3b06ec93a1d774804d55c6116912b", "size": 2953, "type": "file", "uid": 0}
  actual:   MISSING
MISMATCH /usr/share/man/man3/CPAN::Meta.3
  expected: {"gid": 0, "mode": 420, "path": "/usr/share/man/man3/CPAN::Meta.3", "sha256": "facd412c2689b377c039d67ccdb60d71dcef187a9bdb67f786d870cdd1a3c3d6", "size": 15020, "type": "file", "uid": 0}
  actual:   MISSING
MISMATCH /usr/share/man/man3/CPAN::Meta::Converter.3
  expected: {"gid": 0, "mode": 420, "path": "/usr/share/man/man3/CPAN::Meta::Converter.3", "sha256": "32d47590b7090cfd3f10f9048a5f87ef41a80e6c11f18a2a4e49651f23a3985e", "size": 5948, "type": "file", "uid": 0}
  actual:   MISSING
MISMATCH /usr/share/man/man3/CPAN::Meta::Feature.3
  expected: {"gid": 0, "mode": 420, "path": "/usr/share/man/man3/CPAN::Meta::Feature.3", "sha256": "b3a84d48793a916b387d26f01f6bf00e2093fbc2ebc5506591bca837c575d642", "size": 3721, "type": "file", "uid": 0}
  actual:   MISSING
MISMATCH /usr/share/man/man3/CPAN::Meta::History.3
  expected: {"gid": 0, "mode": 420, "path": "/usr/share/man/man3/CPAN::Meta::History.3", "sha256": "bfe6d1f6c4de71824e224e19f0021258305346eddccee2cb0742985b263dff67", "size": 7654, "type": "file", "uid": 0}
  actual:   MISSING
MISMATCH /usr/share/man/man3/CPAN::Meta::History::Meta_1_0.3
  expected: {"gid": 0, "mode": 420, "path": "/usr/share/man/man3/CPAN::Meta::History::Meta_1_0.3", "sha256": "4c42f4b0d605dc882c032461f3dd0413e367d450c89d90d2d9adb57b3a2c92bb", "size": 9104, "type": "file", "uid": 0}
  actual:   MISSING
MISMATCH /usr/share/man/man3/CPAN::Meta::History::Meta_1_1.3
  expected: {"gid": 0, "mode": 420, "path": "/usr/share/man/man3/CPAN::Meta::History::Meta_1_1.3", "sha256": "1fecef019a8e8061f9a13b5161d8d206c7635f422a986ba85c045a4a36c440fe", "size": 11488, "type": "file", "uid": 0}
  actual:   MISSING
MISMATCH /usr/share/man/man3/CPAN::Meta::History::Meta_1_2.3
  expected: {"gid": 0, "mode": 420, "path": "/usr/share/man/man3/CPAN::Meta::History::Meta_1_2.3", "sha256": "2e57872e33108e39d10f185c13cb468493e1a08d03f206eca7afd15e4d03de83", "size": 20960, "type": "file", "uid": 0}
  actual:   MISSING
MISMATCH /usr/share/man/man3/CPAN::Meta::History::Meta_1_3.3
  expected: {"gid": 0, "mode": 420, "path": "/usr/share/man/man3/CPAN::Meta::History::Meta_1_3.3", "sha256": "e053f1da2ab7e09a86b352af619512575b2749f45c5304e06db76f3344bc34b2", "size": 22612, "type": "file", "uid": 0}
  actual:   MISSING
MISMATCH /usr/share/man/man3/CPAN::Meta::History::Meta_1_4.3
  expected: {"gid": 0, "mode": 420, "path": "/usr/share/man/man3/CPAN::Meta::History::Meta_1_4.3", "sha256": "a50a1700a6f88f76d3d9c2f0f378438224544d69fccfe6783b504768976f01f7", "size": 23211, "type": "file", "uid": 0}
  actual:   MISSING
MISMATCH /usr/share/man/man3/CPAN::Meta::Merge.3
  expected: {"gid": 0, "mode": 420, "path": "/usr/share/man/man3/CPAN::Meta::Merge.3", "sha256": "a6540976ad58c3c0f7431443bc877bba0bd1659cfaf72bd442a776208518ccd8", "size": 4691, "type": "file", "uid": 0}
  actual:   MISSING
MISMATCH /usr/share/man/man3/CPAN::Meta::Prereqs.3
  expected: {"gid": 0, "mode": 420, "path": "/usr/share/man/man3/CPAN::Meta::Prereqs.3", "sha256": "e07cfe15a99f1d931059f7e860535c4df750baeaf97dda7d9df58cd47d839344", "size": 6721, "type": "file", "uid": 0}
  actual:   MISSING
MISMATCH /usr/share/man/man3/CPAN::Meta::Requirements.3
  expected: {"gid": 0, "mode": 420, "path": "/usr/share/man/man3/CPAN::Meta::Requirements.3", "sha256": "269be0ea71c32bb80390be8fe8ea242778e0898897618f45a2ab80dcdacc5b3e", "size": 11985, "type": "file", "uid": 0}
  actual:   MISSING
MISMATCH /usr/share/man/man3/CPAN::Meta::Requirements::Range.3
  expected: {"gid": 0, "mode": 420, "path": "/usr/share/man/man3/CPAN::Meta::Requirements::Range.3", "sha256": "8347d8e773baed1cdb87973d8154cdbecc24413d3376dcf6a115febc86b1412d", "size": 6552, "type": "file", "uid": 0}
  actual:   MISSING
MISMATCH /usr/share/man/man3/CPAN::Meta::Spec.3
  expected: {"gid": 0, "mode": 420, "path": "/usr/share/man/man3/CPAN::Meta::Spec.3", "sha256": "43fcf1c6fa387d18e7bf115d2c83ae49cfd61c01df1d3202b7f7cffb470e61fb", "size": 44342, "type": "file", "uid": 0}
  actual:   MISSING
MISMATCH /usr/share/man/man3/CPAN::Meta::Validator.3
  expected: {"gid": 0, "mode": 420, "path": "/usr/share/man/man3/CPAN::Meta::Validator.3", "sha256": "8dd1d49b59daea2d1a98802ee3a3ced86549063e9f5d667338abad657642b4e0", "size": 3612, "type": "file", "uid": 0}
  actual:   MISSING
MISMATCH /usr/share/man/man3/CPAN::Meta::YAML.3
  expected: {"gid": 0, "mode": 420, "path": "/usr/share/man/man3/CPAN::Meta::YAML.3", "sha256": "5745ae775bf08dc6ab58b108a309bc3ca01c73b6c3fb025346023c72c2866426", "size": 3630, "type": "file", "uid": 0}
  actual:   MISSING
MISMATCH /usr/share/man/man3/CPAN::Mirrors.3
  expected: {"gid": 0, "mode": 420, "path": "/usr/share/man/man3/CPAN::Mirrors.3", "sha256": "99eceb981274010749c8c00ed72c5be13d4b2de64fa514fc4c4ecfe8a828f1aa", "size": 8238, "type": "file", "uid": 0}
  actual:   MISSING
MISMATCH /usr/share/man/man3/CPAN::Nox.3
  expected: {"gid": 0, "mode": 420, "path": "/usr/share/man/man3/CPAN::Nox.3", "sha256": "b69ef8b3cca85ee63bd815ee48f339d7c9b858405004614f3c3d70a1871913b3", "size": 2264, "type": "file", "uid": 0}
  actual:   MISSING
MISMATCH /usr/share/man/man3/CPAN::Plugin.3
  expected: {"gid": 0, "mode": 420, "path": "/usr/share/man/man3/CPAN::Plugin.3", "sha256": "c41c9618047761dd70365a69e3b42eaa967616974291fa96fb0aa832f258432d", "size": 2947, "type": "file", "uid": 0}
  actual:   MISSING
MISMATCH /usr/share/man/man3/CPAN::Plugin::Specfile.3
  expected: {"gid": 0, "mode": 420, "path": "/usr/share/man/man3/CPAN::Plugin::Specfile.3", "sha256": "e9fa29af76314e3743788f32b59b4c2d8377f070f5b6aa1f225e98b6f64550a9", "size": 3173, "type": "file", "uid": 0}
  actual:   MISSING
MISMATCH /usr/share/man/man3/CPAN::Queue.3
  expected: {"gid": 0, "mode": 420, "path": "/usr/share/man/man3/CPAN::Queue.3", "sha256": "f88216c555cd9503adea0a1d2bc9b59be515a1032e5a0f6634898acd530cc5f7", "size": 1841, "type": "file", "uid": 0}
  actual:   MISSING
MISMATCH /usr/share/man/man3/CPAN::Tarzip.3
  expected: {"gid": 0, "mode": 420, "path": "/usr/share/man/man3/CPAN::Tarzip.3", "sha256": "3721792e7861cab23873f53eaa49e92650425025d263c593c6fdc647cc6556de", "size": 1855, "type": "file", "uid": 0}
  actual:   MISSING
MISMATCH /usr/share/man/man3/CPAN::Version.3
  expected: {"gid": 0, "mode": 420, "path": "/usr/share/man/man3/CPAN::Version.3", "sha256": "bc422a2cc0b3c50f72d8bcce25ab8d45edf6f9bdff5c9f7dffc99b14830498c8", "size": 2725, "type": "file", "uid": 0}
  actual:   MISSING
MISMATCH /usr/share/man/man3/Carp.3
  expected: {"gid": 0, "mode": 420, "path": "/usr/share/man/man3/Carp.3", "sha256": "495faafabed247c61cc75eba14220bda6b99adedf58fce99c3999ca095b7b88f", "size": 14133, "type": "file", "uid": 0}
  actual:   MISSING
MISMATCH /usr/share/man/man3/Class::Struct.3
  expected: {"gid": 0, "mode": 420, "path": "/usr/share/man/man3/Class::Struct.3", "sha256": "190494027a84a4a0a4d10747e30968ee582732ed2fa154732b10aed599014ce0", "size": 17746, "type": "file", "uid": 0}
  actual:   MISSING
MISMATCH /usr/share/man/man3/Compress::Raw::Bzip2.3
  expected: {"gid": 0, "mode": 420, "path": "/usr/share/man/man3/Compress::Raw::Bzip2.3", "sha256": "1e8ba8929383785dbab57f607db1c2677af6f0959222972fcea7d9b6f5287d81", "size": 13232, "type": "file", "uid": 0}
  actual:   MISSING
MISMATCH /usr/share/man/man3/Compress::Raw::Zlib.3
  expected: {"gid": 0, "mode": 420, "path": "/usr/share/man/man3/Compress::Raw::Zlib.3", "sha256": "6edebb1f7e8f3b00677e0fafb9b96b7bf26ea6e64f429225d1094b28001982ac", "size": 42922, "type": "file", "uid": 0}
  actual:   MISSING
MISMATCH /usr/share/man/man3/Compress::Zlib.3
  expected: {"gid": 0, "mode": 420, "path": "/usr/share/man/man3/Compress::Zlib.3", "sha256": "265cf0837106f38536a95ba13e25290a77152b971069fbd02a15184f3d1e7e47", "size": 38017, "type": "file", "uid": 0}
  actual:   MISSING
MISMATCH /usr/share/man/man3/Config.3
  expected: {"gid": 0, "mode": 420, "path": "/usr/share/man/man3/Config.3", "sha256": "69056dc5b1b2f1bd3cd9a9b3327bb4c7c5e56e24813b572fb97af660729c341c", "size": 365214, "type": "file", "uid": 0}
  actual:   MISSING
MISMATCH /usr/share/man/man3/Config::Extensions.3
  expected: {"gid": 0, "mode": 420, "path": "/usr/share/man/man3/Config::Extensions.3", "sha256": "3418f55de8ecc86a34c3ba1012b5033f1a764fa70c372bd6dc2f3b5cd3b32d2b", "size": 2818, "type": "file", "uid": 0}
  actual:   MISSING
MISMATCH /usr/share/man/man3/Config::Perl::V.3
  expected: {"gid": 0, "mode": 420, "path": "/usr/share/man/man3/Config::Perl::V.3", "sha256": "005f128099ca538ddeeba30148f75d0071db5922119d35392133b723c423115f", "size": 7523, "type": "file", "uid": 0}
  actual:   MISSING
MISMATCH /usr/share/man/man3/Cwd.3
  expected: {"gid": 0, "mode": 420, "path": "/usr/share/man/man3/Cwd.3", "sha256": "51960a6b528f5838d2630af423449bc3ee24d6e2a46805f2ab72a46da15625bf", "size": 6641, "type": "file", "uid": 0}
  actual:   MISSING
MISMATCH /usr/share/man/man3/DB.3
  expected: {"gid": 0, "mode": 420, "path": "/usr/share/man/man3/DB.3", "sha256": "1667294fa1dd3b92594a4ee214156b0eb5cbb44a9b32c8f08b97c8e9769d5d7a", "size": 9810, "type": "file", "uid": 0}
  actual:   MISSING
MISMATCH /usr/share/man/man3/DBM_Filter.3
  expected: {"gid": 0, "mode": 420, "path": "/usr/share/man/man3/DBM_Filter.3", "sha256": "f49d20ad2e0a934b51f3ae96c08027312a380a4419cb4c477718d577aea93919", "size": 11862, "type": "file", "uid": 0}
  actual:   MISSING
MISMATCH /usr/share/man/man3/DBM_Filter::compress.3
  expected: {"gid": 0, "mode": 420, "path": "/usr/share/man/man3/DBM_Filter::compress.3", "sha256": "b55b588644140b0067e3740827c2cde334915507d3be61c78fb043fdae5b03a7", "size": 2290, "type": "file", "uid": 0}
  actual:   MISSING
MISMATCH /usr/share/man/man3/DBM_Filter::encode.3
  expected: {"gid": 0, "mode": 420, "path": "/usr/share/man/man3/DBM_Filter::encode.3", "sha256": "0671a14a344b5bbad61bd11e58dae2b789316a0d4226a1f9d14ff926ffeecf2c", "size": 2525, "type": "file", "uid": 0}
  actual:   MISSING
MISMATCH /usr/share/man/man3/DBM_Filter::int32.3
  expected: {"gid": 0, "mode": 420, "path": "/usr/share/man/man3/DBM_Filter::int32.3", "sha256": "6706c547a87e04622bd90ac58ee3c29d62b6bee2315df01a6fc8c2a6d6a0ecef", "size": 2212, "type": "file", "uid": 0}
  actual:   MISSING
MISMATCH /usr/share/man/man3/DBM_Filter::null.3
  expected: {"gid": 0, "mode": 420, "path": "/usr/share/man/man3/DBM_Filter::null.3", "sha256": "23c542a57d0d6520d621324617e13ff2afd3bfebb1e55917e0bb911e9dee294d", "size": 2484, "type": "file", "uid": 0}
  actual:   MISSING
MISMATCH /usr/share/man/man3/DBM_Filter::utf8.3
  expected: {"gid": 0, "mode": 420, "path": "/usr/share/man/man3/DBM_Filter::utf8.3", "sha256": "ad3e2afe6b384a15fac3fc3dfe905dd40752b6aa0d104b9837c06fb4b5aa91f9", "size": 2204, "type": "file", "uid": 0}
  actual:   MISSING
MISMATCH /usr/share/man/man3/Data::Dumper.3
  expected: {"gid": 0, "mode": 420, "path": "/usr/share/man/man3/Data::Dumper.3", "sha256": "360ed837ac8a5ab0b99fc5f32f9923f328d063a61945a7b6f0a04c19b375ca37", "size": 26253, "type": "file", "uid": 0}
  actual:   MISSING
MISMATCH /usr/share/man/man3/Devel::PPPort.3
  expected: {"gid": 0, "mode": 420, "path": "/usr/share/man/man3/Devel::PPPort.3", "sha256": "08d5062efec57a707c0fcc122918b6ab311f85c38e6b9f70af911f97380eeb2b", "size": 84303, "type": "file", "uid": 0}
  actual:   MISSING
MISMATCH /usr/share/man/man3/Devel::Peek.3
  expected: {"gid": 0, "mode": 420, "path": "/usr/share/man/man3/Devel::Peek.3", "sha256": "f3a9e3fdeca5e3d39d86bd239b917454a17ee46ae6c1fba3fab7ac6cff284813", "size": 20497, "type": "file", "uid": 0}
  actual:   MISSING
MISMATCH /usr/share/man/man3/Devel::SelfStubber.3
  expected: {"gid": 0, "mode": 420, "path": "/usr/share/man/man3/Devel::SelfStubber.3", "sha256": "71a08447cfdfb7d9e5c34e81497889c4f973bf21438dfb08f3f6850f4cc867ae", "size": 4640, "type": "file", "uid": 0}
  actual:   MISSING
MISMATCH /usr/share/man/man3/Digest.3
  expected: {"gid": 0, "mode": 420, "path": "/usr/share/man/man3/Digest.3", "sha256": "05eb3c95530814b9f200718ca70026854fd7241f992447e347a6d71a09ab580c", "size": 13001, "type": "file", "uid": 0}
  actual:   MISSING
MISMATCH /usr/share/man/man3/Digest::MD5.3
  expected: {"gid": 0, "mode": 420, "path": "/usr/share/man/man3/Digest::MD5.3", "sha256": "72c83e1848e6592e30f4a929e4fe400fc20ddbdace3edbde16a05551f8505d8a", "size": 14083, "type": "file", "uid": 0}
  actual:   MISSING
MISMATCH /usr/share/man/man3/Digest::SHA.3
  expected: {"gid": 0, "mode": 420, "path": "/usr/share/man/man3/Digest::SHA.3", "sha256": "0bfc9bad968407c805ce565cc8c6999325f28696551ffa4eca52ea68fa6f9ac5", "size": 24764, "type": "file", "uid": 0}
  actual:   MISSING
MISMATCH /usr/share/man/man3/Digest::base.3
  expected: {"gid": 0, "mode": 420, "path": "/usr/share/man/man3/Digest::base.3", "sha256": "d4070dd433e777c82f357125ef0a9dbcc1003d2d99f50dc7caaae329c56a3615", "size": 2531, "type": "file", "uid": 0}
  actual:   MISSING
MISMATCH /usr/share/man/man3/Digest::file.3
  expected: {"gid": 0, "mode": 420, "path": "/usr/share/man/man3/Digest::file.3", "sha256": "bdb96062c239480ff69faecdbec558c6b4222aef5658212440480eff750c9cdf", "size": 3164, "type": "file", "uid": 0}
  actual:   MISSING
MISMATCH /usr/share/man/man3/DirHandle.3
  expected: {"gid": 0, "mode": 420, "path": "/usr/share/man/man3/DirHandle.3", "sha256": "92cd011aae266d14bb6d802f2b1fc5d1c3ea8ae781a3611e4c8558c9352b834a", "size": 2952, "type": "file", "uid": 0}
  actual:   MISSING
MISMATCH /usr/share/man/man3/Dumpvalue.3
  expected: {"gid": 0, "mode": 420, "path": "/usr/share/man/man3/Dumpvalue.3", "sha256": "ee990df23102cde52b64094b3272d5f125738fcd1dc04ccf9e3d6e30b73af255", "size": 6847, "type": "file", "uid": 0}
  actual:   MISSING
MISMATCH /usr/share/man/man3/DynaLoader.3
  expected: {"gid": 0, "mode": 420, "path": "/usr/share/man/man3/DynaLoader.3", "sha256": "3d1b1f67fff3350a707ac49bf4b994e5664a2bbf1b7989dd37a5dac87a5e7465", "size": 18643, "type": "file", "uid": 0}
  actual:   MISSING
MISMATCH /usr/share/man/man3/Encode.3
  expected: {"gid": 0, "mode": 420, "path": "/usr/share/man/man3/Encode.3", "sha256": "eb7ebc5b8217d12622f5c7d02d2aaccf9185a90fb5af8b251a5f20da3cf255d2", "size": 32448, "type": "file", "uid": 0}
  actual:   MISSING
MISMATCH /usr/share/man/man3/Encode::Alias.3
  expected: {"gid": 0, "mode": 420, "path": "/usr/share/man/man3/Encode::Alias.3", "sha256": "2c765b52cec2e0c92a8b274ba0cb0423a133792fb6b06f01faf00e9953dc0c0b", "size": 5060, "type": "file", "uid": 0}
  actual:   MISSING
MISMATCH /usr/share/man/man3/Encode::Byte.3
  expected: {"gid": 0, "mode": 420, "path": "/usr/share/man/man3/Encode::Byte.3", "sha256": "cef93530941273352e609b972cc82263daa7ec062e5b7d0df279ef6c1062579e", "size": 4826, "type": "file", "uid": 0}
  actual:   MISSING
MISMATCH /usr/share/man/man3/Encode::CJKConstants.3
  expected: {"gid": 0, "mode": 420, "path": "/usr/share/man/man3/Encode::CJKConstants.3", "sha256": "57b2d2e5d8af7a883fb6761de273780f31e075d3623604526304b542a9108dcb", "size": 1738, "type": "file", "uid": 0}
  actual:   MISSING
MISMATCH /usr/share/man/man3/Encode::CN.3
  expected: {"gid": 0, "mode": 420, "path": "/usr/share/man/man3/Encode::CN.3", "sha256": "42148e07466dabbe107c3a61a41e3bfb98de209fe0a64a443dee4d9fd99dcae8", "size": 3784, "type": "file", "uid": 0}
  actual:   MISSING
MISMATCH /usr/share/man/man3/Encode::CN::HZ.3
  expected: {"gid": 0, "mode": 420, "path": "/usr/share/man/man3/Encode::CN::HZ.3", "sha256": "a14074985f06783bd1041895dd90226c9b092c35bdcde29054737bdd70290999", "size": 1705, "type": "file", "uid": 0}
  actual:   MISSING
MISMATCH /usr/share/man/man3/Encode::Config.3
  expected: {"gid": 0, "mode": 420, "path": "/usr/share/man/man3/Encode::Config.3", "sha256": "5d1534cd8cc5b47116791168e10dd224948eb5d4101f071e32f2b36423d87f67", "size": 1701, "type": "file", "uid": 0}
  actual:   MISSING
MISMATCH /usr/share/man/man3/Encode::EBCDIC.3
  expected: {"gid": 0, "mode": 420, "path": "/usr/share/man/man3/Encode::EBCDIC.3", "sha256": "8e96bfbc472272a6e2f2ee3cafccd89c85eb06b601d0c05c95ee82e172949588", "size": 2462, "type": "file", "uid": 0}
  actual:   MISSING
MISMATCH /usr/share/man/man3/Encode::Encoder.3
  expected: {"gid": 0, "mode": 420, "path": "/usr/share/man/man3/Encode::Encoder.3", "sha256": "e8dc4fd3c24f7a28743ee9a369a656f052e9d929685a2302120dff944e6ba4f6", "size": 6397, "type": "file", "uid": 0}
  actual:   MISSING
MISMATCH /usr/share/man/man3/Encode::Encoding.3
  expected: {"gid": 0, "mode": 420, "path": "/usr/share/man/man3/Encode::Encoding.3", "sha256": "899747483347ff94446b5b2482903ccc6c4b07d88502b48e8d22df5737757408", "size": 9296, "type": "file", "uid": 0}
  actual:   MISSING
MISMATCH /usr/share/man/man3/Encode::GSM0338.3
  expected: {"gid": 0, "mode": 420, "path": "/usr/share/man/man3/Encode::GSM0338.3", "sha256": "42b599d85c7571098b24c9c465ee7d9a62eeb82c54161348543180901f549487", "size": 4240, "type": "file", "uid": 0}
  actual:   MISSING
MISMATCH /usr/share/man/man3/Encode::Guess.3
  expected: {"gid": 0, "mode": 420, "path": "/usr/share/man/man3/Encode::Guess.3", "sha256": "4aa8ba15cdb9921dbcdd0e3f80fc19ec98905cc9018e1ffb699022952ab018a3", "size": 7482, "type": "file", "uid": 0}
  actual:   MISSING
MISMATCH /usr/share/man/man3/Encode::JP.3
  expected: {"gid": 0, "mode": 420, "path": "/usr/share/man/man3/Encode::JP.3", "sha256": "647644c681bc5cf832d8571a8c64cba018aa349e999973fd2dd87c95c7283e37", "size": 4516, "type": "file", "uid": 0}
  actual:   MISSING
MISMATCH /usr/share/man/man3/Encode::JP::H2Z.3
  expected: {"gid": 0, "mode": 420, "path": "/usr/share/man/man3/Encode::JP::H2Z.3", "sha256": "adcef3f273d1892c986608417f1f2984834c5ab06e79b3f7e15ea32a70428736", "size": 1718, "type": "file", "uid": 0}
  actual:   MISSING
MISMATCH /usr/share/man/man3/Encode::JP::JIS7.3
  expected: {"gid": 0, "mode": 420, "path": "/usr/share/man/man3/Encode::JP::JIS7.3", "sha256": "d2558574a359040d8810c048771913dc925dba12ce9d758ed96c1fd607ef308a", "size": 1711, "type": "file", "uid": 0}
  actual:   MISSING
MISMATCH /usr/share/man/man3/Encode::KR.3
  expected: {"gid": 0, "mode": 420, "path": "/usr/share/man/man3/Encode::KR.3", "sha256": "911e5ad72b55f44d393e375d5c09671ebd2efb93bb299caa791170cae1990bcc", "size": 3637, "type": "file", "uid": 0}
  actual:   MISSING
MISMATCH /usr/share/man/man3/Encode::KR::2022_KR.3
  expected: {"gid": 0, "mode": 420, "path": "/usr/share/man/man3/Encode::KR::2022_KR.3", "sha256": "f5ae09ae88a484fc7115d91157b7fe27d00b9ca8c9ea43209838a4d911bd380b", "size": 1720, "type": "file", "uid": 0}
  actual:   MISSING
MISMATCH /usr/share/man/man3/Encode::MIME::Header.3
  expected: {"gid": 0, "mode": 420, "path": "/usr/share/man/man3/Encode::MIME::Header.3", "sha256": "c5161055235b7c8af9c2692ad1a4a82864efd13cdda758cff4b48a785d00da91", "size": 7306, "type": "file", "uid": 0}
  actual:   MISSING
MISMATCH /usr/share/man/man3/Encode::MIME::Name.3
  expected: {"gid": 0, "mode": 420, "path": "/usr/share/man/man3/Encode::MIME::Name.3", "sha256": "91705c36b312cf6e9193ea045ae087a3f2ee5649800385397736f4beedc544bb", "size": 1764, "type": "file", "uid": 0}
  actual:   MISSING
MISMATCH /usr/share/man/man3/Encode::PerlIO.3
  expected: {"gid": 0, "mode": 420, "path": "/usr/share/man/man3/Encode::PerlIO.3", "sha256": "697b8e88a68faa9d6b6cdfa4dd1b646404e7400e1d2e227e4f35ed8ffed53fa6", "size": 8366, "type": "file", "uid": 0}
  actual:   MISSING
MISMATCH /usr/share/man/man3/Encode::Supported.3
  expected: {"gid": 0, "mode": 420, "path": "/usr/share/man/man3/Encode::Supported.3", "sha256": "c06aea1d2c362d5a0b0a04681731c127a3e7d0c0254fb5c6cc926ecb9412d017", "size": 36479, "type": "file", "uid": 0}
  actual:   MISSING
MISMATCH /usr/share/man/man3/Encode::Symbol.3
  expected: {"gid": 0, "mode": 420, "path": "/usr/share/man/man3/Encode::Symbol.3", "sha256": "911eed8e1a0c256c5f76a2c4665b011381fcd6209a2945d845de9c3dfefbdf0b", "size": 2442, "type": "file", "uid": 0}
  actual:   MISSING
MISMATCH /usr/share/man/man3/Encode::TW.3
  expected: {"gid": 0, "mode": 420, "path": "/usr/share/man/man3/Encode::TW.3", "sha256": "886fb88918fcaf03091cc267d455fee8a003db9b0dd1184e5a05c0efafcdfc4c", "size": 4149, "type": "file", "uid": 0}
  actual:   MISSING
MISMATCH /usr/share/man/man3/Encode::Unicode.3
  expected: {"gid": 0, "mode": 420, "path": "/usr/share/man/man3/Encode::Unicode.3", "sha256": "9793db6845809e699c0cfa0220ae1564723b8cf186346771d290e3f080bb004f", "size": 10380, "type": "file", "uid": 0}
  actual:   MISSING
MISMATCH /usr/share/man/man3/Encode::Unicode::UTF7.3
  expected: {"gid": 0, "mode": 420, "path": "/usr/share/man/man3/Encode::Unicode::UTF7.3", "sha256": "6cf43fd4a039c7dc3271e94f52eb41f27fa52ff224c56283f7492e1e60bd9d38", "size": 2995, "type": "file", "uid": 0}
  actual:   MISSING
MISMATCH /usr/share/man/man3/English.3
  expected: {"gid": 0, "mode": 420, "path": "/usr/share/man/man3/English.3", "sha256": "ac57b3a4305566974afd3aee4be0a8ae549afd1c6c30f900535a5f6134e8f693", "size": 3232, "type": "file", "uid": 0}
  actual:   MISSING
MISMATCH /usr/share/man/man3/Env.3
  expected: {"gid": 0, "mode": 420, "path": "/usr/share/man/man3/Env.3", "sha256": "9735e27956ddb219dbf5f096bae7649e9f5e3562bf15785f47659bf67db6c5de", "size": 4059, "type": "file", "uid": 0}
  actual:   MISSING
MISMATCH /usr/share/man/man3/Errno.3
  expected: {"gid": 0, "mode": 420, "path": "/usr/share/man/man3/Errno.3", "sha256": "ec40a76a25634237136801131685c3fb785afa568f2331dbb02239eb9303e0c0", "size": 3647, "type": "file", "uid": 0}
  actual:   MISSING
MISMATCH /usr/share/man/man3/Exporter.3
  expected: {"gid": 0, "mode": 420, "path": "/usr/share/man/man3/Exporter.3", "sha256": "acae2a06988868a16a6ea5f99b003eabd3bfb6506858bcf66b99e33026ed37db", "size": 21464, "type": "file", "uid": 0}
  actual:   MISSING
MISMATCH /usr/share/man/man3/Exporter::Heavy.3
  expected: {"gid": 0, "mode": 420, "path": "/usr/share/man/man3/Exporter::Heavy.3", "sha256": "8fc70f6be61613718444dde76ca2baed2fd7245a65003ccb8b1028e717cb01fe", "size": 1821, "type": "file", "uid": 0}
  actual:   MISSING
MISMATCH /usr/share/man/man3/ExtUtils::CBuilder.3
  expected: {"gid": 0, "mode": 420, "path": "/usr/share/man/man3/ExtUtils::CBuilder.3", "sha256": "aec5384ad0680571330cf121a7f3cfc39036a5ed4152824355e1575ca7b6b8b9", "size": 11184, "type": "file", "uid": 0}
  actual:   MISSING
MISMATCH /usr/share/man/man3/ExtUtils::CBuilder::Platform::Windows.3
  expected: {"gid": 0, "mode": 420, "path": "/usr/share/man/man3/ExtUtils::CBuilder::Platform::Windows.3", "sha256": "ad6efee6a413e1bec48f59ae45841e59c7e7b90744c093d782ece1cbca4503ad", "size": 2534, "type": "file", "uid": 0}
  actual:   MISSING
MISMATCH /usr/share/man/man3/ExtUtils::Command.3
  expected: {"gid": 0, "mode": 420, "path": "/usr/share/man/man3/ExtUtils::Command.3", "sha256": "ebe4b36ff376426b0832c6c01d1913ab63b0743bbdca79763529d5a018f5e576", "size": 5305, "type": "file", "uid": 0}
  actual:   MISSING
MISMATCH /usr/share/man/man3/ExtUtils::Command::MM.3
  expected: {"gid": 0, "mode": 420, "path": "/usr/share/man/man3/ExtUtils::Command::MM.3", "sha256": "564c8d15833d74e66914c9338adb8e780fed9051abdc0a15d253e2e95b0b2806", "size": 5149, "type": "file", "uid": 0}
  actual:   MISSING
MISMATCH /usr/share/man/man3/ExtUtils::Constant.3
  expected: {"gid": 0, "mode": 420, "path": "/usr/share/man/man3/ExtUtils::Constant.3", "sha256": "a753cc94c8b353a849e64f4279c7ff8bfa3f56e3e91fa1db3ea6c54b4c09ecfa", "size": 8865, "type": "file", "uid": 0}
  actual:   MISSING
MISMATCH /usr/share/man/man3/ExtUtils::Constant::Base.3
  expected: {"gid": 0, "mode": 420, "path": "/usr/share/man/man3/ExtUtils::Constant::Base.3", "sha256": "4f2548501b2fc65ad5061c39d76ca5953b584765f9cbb6de5ba83c8864a8557e", "size": 11096, "type": "file", "uid": 0}
  actual:   MISSING
MISMATCH /usr/share/man/man3/ExtUtils::Constant::Utils.3
  expected: {"gid": 0, "mode": 420, "path": "/usr/share/man/man3/ExtUtils::Constant::Utils.3", "sha256": "33540c80c8e33c23e52cdf21b3def697f93d6704e654fa66017ba7e5390ad17f", "size": 2661, "type": "file", "uid": 0}
  actual:   MISSING
MISMATCH /usr/share/man/man3/ExtUtils::Constant::XS.3
  expected: {"gid": 0, "mode": 420, "path": "/usr/share/man/man3/ExtUtils::Constant::XS.3", "sha256": "d661d5ab5ce43d4d6489a2df8904d8174e83e598f805452de397f040e0967596", "size": 2178, "type": "file", "uid": 0}
  actual:   MISSING
MISMATCH /usr/share/man/man3/ExtUtils::Embed.3
  expected: {"gid": 0, "mode": 420, "path": "/usr/share/man/man3/ExtUtils::Embed.3", "sha256": "54009a629a4a0d0e93e1d9828ad844e2c515e7a843c1977a34cd7c1520b14757", "size": 9075, "type": "file", "uid": 0}
  actual:   MISSING
MISMATCH /usr/share/man/man3/ExtUtils::Install.3
  expected: {"gid": 0, "mode": 420, "path": "/usr/share/man/man3/ExtUtils::Install.3", "sha256": "2dd8a3b65b93626a31922064475128683d2c19ab2b13aa06b7933960a6093b64", "size": 11666, "type": "file", "uid": 0}
  actual:   MISSING
MISMATCH /usr/share/man/man3/ExtUtils::Installed.3
  expected: {"gid": 0, "mode": 420, "path": "/usr/share/man/man3/ExtUtils::Installed.3", "sha256": "f2683defdb747f482b8330c7f90d02d31473d57fd80e9b3eae5f0d18dd59c9d5", "size": 7976, "type": "file", "uid": 0}
  actual:   MISSING
MISMATCH /usr/share/man/man3/ExtUtils::Liblist.3
  expected: {"gid": 0, "mode": 420, "path": "/usr/share/man/man3/ExtUtils::Liblist.3", "sha256": "0f15ffa4a1552a7a7180af09d391ff0af02003ed9091542c5499763953a92e13", "size": 11853, "type": "file", "uid": 0}
  actual:   MISSING
MISMATCH /usr/share/man/man3/ExtUtils::MM.3
  expected: {"gid": 0, "mode": 420, "path": "/usr/share/man/man3/ExtUtils::MM.3", "sha256": "77a9efba253796f9c8f09e4249593fb977d1f2715c829a6b6802e79e7fdf9c5a", "size": 2239, "type": "file", "uid": 0}
  actual:   MISSING
MISMATCH /usr/share/man/man3/ExtUtils::MM_AIX.3
  expected: {"gid": 0, "mode": 420, "path": "/usr/share/man/man3/ExtUtils::MM_AIX.3", "sha256": "98c03592aaa6e02a4689f57f01b62cc71f4e9bfe7bc8bca1913c637defffb999", "size": 2442, "type": "file", "uid": 0}
  actual:   MISSING
MISMATCH /usr/share/man/man3/ExtUtils::MM_Any.3
  expected: {"gid": 0, "mode": 420, "path": "/usr/share/man/man3/ExtUtils::MM_Any.3", "sha256": "da12ced358ae63e0f3e898e1877e0d937d5da34c5458fd0e00b43c0e7a074b1d", "size": 30349, "type": "file", "uid": 0}
  actual:   MISSING
MISMATCH /usr/share/man/man3/ExtUtils::MM_BeOS.3
  expected: {"gid": 0, "mode": 420, "path": "/usr/share/man/man3/ExtUtils::MM_BeOS.3", "sha256": "25b7579c659814ee3d29b2faebbb0368f30f596b6a2121d2caf0d58c860b2f15", "size": 2204, "type": "file", "uid": 0}
  actual:   MISSING
MISMATCH /usr/share/man/man3/ExtUtils::MM_Cygwin.3
  expected: {"gid": 0, "mode": 420, "path": "/usr/share/man/man3/ExtUtils::MM_Cygwin.3", "sha256": "e2ac2f3784f07523457a30035d43cfcdc2c43d016c57c04336afca9ef79eced1", "size": 2904, "type": "file", "uid": 0}
  actual:   MISSING
MISMATCH /usr/share/man/man3/ExtUtils::MM_DOS.3
  expected: {"gid": 0, "mode": 420, "path": "/usr/share/man/man3/ExtUtils::MM_DOS.3", "sha256": "9be6f2dcd32bf3908c7567ddf915b123b0b6f9a09035d7188e8e6d6947a3b5de", "size": 2495, "type": "file", "uid": 0}
  actual:   MISSING
MISMATCH /usr/share/man/man3/ExtUtils::MM_Darwin.3
  expected: {"gid": 0, "mode": 420, "path": "/usr/share/man/man3/ExtUtils::MM_Darwin.3", "sha256": "ee5ef60243061cb3897866f009f4e5b09406fd6227e5f79fea98983df6cd2b67", "size": 2212, "type": "file", "uid": 0}
  actual:   MISSING
MISMATCH /usr/share/man/man3/ExtUtils::MM_MacOS.3
  expected: {"gid": 0, "mode": 420, "path": "/usr/share/man/man3/ExtUtils::MM_MacOS.3", "sha256": "a29af3baa39f43594baacc660a876f3a8b194b157022cd5d834bb1157e687f75", "size": 2417, "type": "file", "uid": 0}
  actual:   MISSING
MISMATCH /usr/share/man/man3/ExtUtils::MM_NW5.3
  expected: {"gid": 0, "mode": 420, "path": "/usr/share/man/man3/ExtUtils::MM_NW5.3", "sha256": "2b01f48a73162885db1eea972a85b90a872ae1f52542261b6ff0eff2bd481e37", "size": 2682, "type": "file", "uid": 0}
  actual:   MISSING
MISMATCH /usr/share/man/man3/ExtUtils::MM_OS2.3
  expected: {"gid": 0, "mode": 420, "path": "/usr/share/man/man3/ExtUtils::MM_OS2.3", "sha256": "f61893a9f2185411ed48c946e1745a2f984492d81c9ade05b457f2cb08c08529", "size": 2334, "type": "file", "uid": 0}
  actual:   MISSING
MISMATCH /usr/share/man/man3/ExtUtils::MM_OS390.3
  expected: {"gid": 0, "mode": 420, "path": "/usr/share/man/man3/ExtUtils::MM_OS390.3", "sha256": "fed0c2bbc99d20395f0f66a43dbf35fa9c35c04e459784d95dc65a11aaf88181", "size": 2384, "type": "file", "uid": 0}
  actual:   MISSING
MISMATCH /usr/share/man/man3/ExtUtils::MM_QNX.3
  expected: {"gid": 0, "mode": 420, "path": "/usr/share/man/man3/ExtUtils::MM_QNX.3", "sha256": "3af6f980121d9e5cac3cff41305276615620082a844393fe525ac41704f27cc5", "size": 2361, "type": "file", "uid": 0}
  actual:   MISSING
MISMATCH /usr/share/man/man3/ExtUtils::MM_UWIN.3
  expected: {"gid": 0, "mode": 420, "path": "/usr/share/man/man3/ExtUtils::MM_UWIN.3", "sha256": "f0fae9ba2af5b9c15bf76cc064064a797ccfd75fd15ca3ea4d5e0c3194704ff6", "size": 2472, "type": "file", "uid": 0}
  actual:   MISSING
MISMATCH /usr/share/man/man3/ExtUtils::MM_Unix.3
  expected: {"gid": 0, "mode": 420, "path": "/usr/share/man/man3/ExtUtils::MM_Unix.3", "sha256": "ba576322c99ccb969b696e0b9359ae641d3a6519190a4e9ada7d78e3f19fe855", "size": 21167, "type": "file", "uid": 0}
  actual:   MISSING
MISMATCH /usr/share/man/man3/ExtUtils::MM_VMS.3
  expected: {"gid": 0, "mode": 420, "path": "/usr/share/man/man3/ExtUtils::MM_VMS.3", "sha256": "6a073c74aa38f79784566f0c908e004a23f3f16709d91cbc3df0f0438f037ee4", "size": 14143, "type": "file", "uid": 0}
  actual:   MISSING
MISMATCH /usr/share/man/man3/ExtUtils::MM_VOS.3
  expected: {"gid": 0, "mode": 420, "path": "/usr/share/man/man3/ExtUtils::MM_VOS.3", "sha256": "04c25d0e3ddf4998a5bc9756e781ae9ee3c71f5a06dcf2849b9fb91640f927e9", "size": 2338, "type": "file", "uid": 0}
  actual:   MISSING
MISMATCH /usr/share/man/man3/ExtUtils::MM_Win32.3
  expected: {"gid": 0, "mode": 420, "path": "/usr/share/man/man3/ExtUtils::MM_Win32.3", "sha256": "d67cca0d12e39f407e6f6d68ff3ab3df8d815110a22c0c7c230bd8c00876314b", "size": 5487, "type": "file", "uid": 0}
  actual:   MISSING
MISMATCH /usr/share/man/man3/ExtUtils::MM_Win95.3
  expected: {"gid": 0, "mode": 420, "path": "/usr/share/man/man3/ExtUtils::MM_Win95.3", "sha256": "a716873d7ea115141fa718a3a721dd41b621e00e273446e60346ed8f69bb4a28", "size": 2703, "type": "file", "uid": 0}
  actual:   MISSING
MISMATCH /usr/share/man/man3/ExtUtils::MY.3
  expected: {"gid": 0, "mode": 420, "path": "/usr/share/man/man3/ExtUtils::MY.3", "sha256": "534ecf1a136684879e6394982e58fb80c135659e5f194901ddb58218e480aad6", "size": 2178, "type": "file", "uid": 0}
  actual:   MISSING
MISMATCH /usr/share/man/man3/ExtUtils::MakeMaker.3
  expected: {"gid": 0, "mode": 420, "path": "/usr/share/man/man3/ExtUtils::MakeMaker.3", "sha256": "aa4040fe4353d2dbf37e1b78b1841328683a18f672e7bb0ab3df689e84f1b6d8", "size": 78296, "type": "file", "uid": 0}
  actual:   MISSING
MISMATCH /usr/share/man/man3/ExtUtils::MakeMaker::Config.3
  expected: {"gid": 0, "mode": 420, "path": "/usr/share/man/man3/ExtUtils::MakeMaker::Config.3", "sha256": "625ce5cecae0fe2ee7608ba6ed2bd19ae300341e4a787d68e7ca31204db8357b", "size": 2009, "type": "file", "uid": 0}
  actual:   MISSING
MISMATCH /usr/share/man/man3/ExtUtils::MakeMaker::FAQ.3
  expected: {"gid": 0, "mode": 420, "path": "/usr/share/man/man3/ExtUtils::MakeMaker::FAQ.3", "sha256": "e4df12beaabc71eb9d141710f6cf7e0bcab9c361a3e68b0acbc9a86e5aa66acf", "size": 25583, "type": "file", "uid": 0}
  actual:   MISSING
MISMATCH /usr/share/man/man3/ExtUtils::MakeMaker::Locale.3
  expected: {"gid": 0, "mode": 420, "path": "/usr/share/man/man3/ExtUtils::MakeMaker::Locale.3", "sha256": "c6fb71b125f435ac3e3cb25cfa1db6b3de6922ec74f3eaa2998095c3681caecd", "size": 10226, "type": "file", "uid": 0}
  actual:   MISSING
MISMATCH /usr/share/man/man3/ExtUtils::MakeMaker::Tutorial.3
  expected: {"gid": 0, "mode": 420, "path": "/usr/share/man/man3/ExtUtils::MakeMaker::Tutorial.3", "sha256": "401ff25d4251e529d0e985832ee4466c439ec599311783a421cbd0ac4a79fc6a", "size": 7819, "type": "file", "uid": 0}
  actual:   MISSING
MISMATCH /usr/share/man/man3/ExtUtils::Manifest.3
  expected: {"gid": 0, "mode": 420, "path": "/usr/share/man/man3/ExtUtils::Manifest.3", "sha256": "d6852dd7132c08a0793933a2bda515ae9fa32ca0ac0270cab171904c5f263a7a", "size": 11619, "type": "file", "uid": 0}
  actual:   MISSING
MISMATCH /usr/share/man/man3/ExtUtils::Miniperl.3
  expected: {"gid": 0, "mode": 420, "path": "/usr/share/man/man3/ExtUtils::Miniperl.3", "sha256": "74c7c45bd2f1299e91c009fc3149cc0e50a8d8c6f7519040f19ecdd10731d32f", "size": 2895, "type": "file", "uid": 0}
  actual:   MISSING
MISMATCH /usr/share/man/man3/ExtUtils::Mkbootstrap.3
  expected: {"gid": 0, "mode": 420, "path": "/usr/share/man/man3/ExtUtils::Mkbootstrap.3", "sha256": "191b85b710e90bae3bd93bd262cb2580a66b2b983c5efd6fbc4d497315b7e951", "size": 2890, "type": "file", "uid": 0}
  actual:   MISSING
MISMATCH /usr/share/man/man3/ExtUtils::Mksymlists.3
  expected: {"gid": 0, "mode": 420, "path": "/usr/share/man/man3/ExtUtils::Mksymlists.3", "sha256": "2ce592b527db1ca258eda0b3c86645cad79584aba007ed7b63247821d26808eb", "size": 5974, "type": "file", "uid": 0}
  actual:   MISSING
MISMATCH /usr/share/man/man3/ExtUtils::PL2Bat.3
  expected: {"gid": 0, "mode": 420, "path": "/usr/share/man/man3/ExtUtils::PL2Bat.3", "sha256": "cb410e4a8f821e7009afaadc905b156165b2519812797ae351c2af564dac2523", "size": 4578, "type": "file", "uid": 0}
  actual:   MISSING
MISMATCH /usr/share/man/man3/ExtUtils::Packlist.3
  expected: {"gid": 0, "mode": 420, "path": "/usr/share/man/man3/ExtUtils::Packlist.3", "sha256": "58ec943ed18b175bffd7943df1b3a3cb9bfaf0d7053b44aab76ab31174adc3a5", "size": 6278, "type": "file", "uid": 0}
  actual:   MISSING
MISMATCH /usr/share/man/man3/ExtUtils::ParseXS.3
  expected: {"gid": 0, "mode": 420, "path": "/usr/share/man/man3/ExtUtils::ParseXS.3", "sha256": "b2cda5569f139348096b6ffbce8f10af4315852b387144d3ee568ceaa8e40f12", "size": 7829, "type": "file", "uid": 0}
  actual:   MISSING
MISMATCH /usr/share/man/man3/ExtUtils::ParseXS::Constants.3
  expected: {"gid": 0, "mode": 420, "path": "/usr/share/man/man3/ExtUtils::ParseXS::Constants.3", "sha256": "907f0b2373c309b65d19dd3aca3d2d4d97bcc241c318d92eb6e1e35317c830e9", "size": 2242, "type": "file", "uid": 0}
  actual:   MISSING
MISMATCH /usr/share/man/man3/ExtUtils::ParseXS::Eval.3
  expected: {"gid": 0, "mode": 420, "path": "/usr/share/man/man3/ExtUtils::ParseXS::Eval.3", "sha256": "5d8e1e99f1d527414e982f417f65b83753c84b90b15d8ca7afcf35f219cf8357", "size": 3674, "type": "file", "uid": 0}
  actual:   MISSING
MISMATCH /usr/share/man/man3/ExtUtils::ParseXS::Node.3
  expected: {"gid": 0, "mode": 420, "path": "/usr/share/man/man3/ExtUtils::ParseXS::Node.3", "sha256": "c78ca7176929cae76875f0ff71bd425ae75bade920776ab680771b60d8692e5c", "size": 2489, "type": "file", "uid": 0}
  actual:   MISSING
MISMATCH /usr/share/man/man3/ExtUtils::ParseXS::Utilities.3
  expected: {"gid": 0, "mode": 420, "path": "/usr/share/man/man3/ExtUtils::ParseXS::Utilities.3", "sha256": "f849a90f8995217a48905c0c5851a489bbb28a015194a00d30c5b59b9de164f4", "size": 12979, "type": "file", "uid": 0}
  actual:   MISSING
MISMATCH /usr/share/man/man3/ExtUtils::Typemaps.3
  expected: {"gid": 0, "mode": 420, "path": "/usr/share/man/man3/ExtUtils::Typemaps.3", "sha256": "0dc7c287b89c026a56c51f645c8a6dbdab20235549a93cf05d761d0655a3ae28", "size": 14043, "type": "file", "uid": 0}
  actual:   MISSING
MISMATCH /usr/share/man/man3/ExtUtils::Typemaps::Cmd.3
  expected: {"gid": 0, "mode": 420, "path": "/usr/share/man/man3/ExtUtils::Typemaps::Cmd.3", "sha256": "5503f0bcc63901958b8d0933d89e357465724466bcca60c0f003b275c07ae608", "size": 3790, "type": "file", "uid": 0}
  actual:   MISSING
MISMATCH /usr/share/man/man3/ExtUtils::Typemaps::InputMap.3
  expected: {"gid": 0, "mode": 420, "path": "/usr/share/man/man3/ExtUtils::Typemaps::InputMap.3", "sha256": "bce2c1e7b6bf05399a76162ee0d17bbd40d158cff36ca57530dc583ee68508ac", "size": 2871, "type": "file", "uid": 0}
  actual:   MISSING
MISMATCH /usr/share/man/man3/ExtUtils::Typemaps::OutputMap.3
  expected: {"gid": 0, "mode": 420, "path": "/usr/share/man/man3/ExtUtils::Typemaps::OutputMap.3", "sha256": "fc16634939aa03515ed39a59ae64760e1a185ce99a740a6c9a1a346cb699ef3e", "size": 4686, "type": "file", "uid": 0}
  actual:   MISSING
MISMATCH /usr/share/man/man3/ExtUtils::Typemaps::Type.3
  expected: {"gid": 0, "mode": 420, "path": "/usr/share/man/man3/ExtUtils::Typemaps::Type.3", "sha256": "50f4e1fa2a469f19111912402b131bd9e7c0522cc8602b205453fb74365239ad", "size": 3174, "type": "file", "uid": 0}
  actual:   MISSING
MISMATCH /usr/share/man/man3/ExtUtils::testlib.3
  expected: {"gid": 0, "mode": 420, "path": "/usr/share/man/man3/ExtUtils::testlib.3", "sha256": "de6ad20f669d6acd5970ff86248d96682366930b1406236895f79b9c4864db19", "size": 2119, "type": "file", "uid": 0}
  actual:   MISSING
MISMATCH /usr/share/man/man3/Fatal.3
  expected: {"gid": 0, "mode": 420, "path": "/usr/share/man/man3/Fatal.3", "sha256": "ddda94a0f6326fe8fdaf00290314ed40eea02db291d2a8a4747662931eefac77", "size": 6786, "type": "file", "uid": 0}
  actual:   MISSING
MISMATCH /usr/share/man/man3/Fcntl.3
  expected: {"gid": 0, "mode": 420, "path": "/usr/share/man/man3/Fcntl.3", "sha256": "e59352c180acea87e0967a09bdc4fcafb4dccf8272ca7b144002ec4947bd8667", "size": 28999, "type": "file", "uid": 0}
  actual:   MISSING
MISMATCH /usr/share/man/man3/File::Basename.3
  expected: {"gid": 0, "mode": 420, "path": "/usr/share/man/man3/File::Basename.3", "sha256": "805a66528cd1ada955217f4a794a8287844ece90ac9b0604041aa84908e6c872", "size": 8321, "type": "file", "uid": 0}
  actual:   MISSING
MISMATCH /usr/share/man/man3/File::Compare.3
  expected: {"gid": 0, "mode": 420, "path": "/usr/share/man/man3/File::Compare.3", "sha256": "a80a6b54e1dd2a768698f6477d22e9fe1fbf99be3c983b4469b5cc74387aa05c", "size": 3169, "type": "file", "uid": 0}
  actual:   MISSING
MISMATCH /usr/share/man/man3/File::Copy.3
  expected: {"gid": 0, "mode": 420, "path": "/usr/share/man/man3/File::Copy.3", "sha256": "eaaef20a6913600568f1c0c9f24fb22da30b56846b4da23f9b3748197c03b815", "size": 9917, "type": "file", "uid": 0}
  actual:   MISSING
MISMATCH /usr/share/man/man3/File::DosGlob.3
  expected: {"gid": 0, "mode": 420, "path": "/usr/share/man/man3/File::DosGlob.3", "sha256": "fa0bd7789b36ad7eb0776a6a39ea06ffc31f06fc1c35919e8cd12e197ddeca99", "size": 4436, "type": "file", "uid": 0}
  actual:   MISSING
MISMATCH /usr/share/man/man3/File::Fetch.3
  expected: {"gid": 0, "mode": 420, "path": "/usr/share/man/man3/File::Fetch.3", "sha256": "392ea8fd40757b1340290688aed95696044c7e712410c0d89c96530643f7b74d", "size": 14785, "type": "file", "uid": 0}
  actual:   MISSING
MISMATCH /usr/share/man/man3/File::Find.3
  expected: {"gid": 0, "mode": 420, "path": "/usr/share/man/man3/File::Find.3", "sha256": "96b8ebabeba55aeb0872a8772d48a428de250ccf593d4159093aea55b8360af4", "size": 15992, "type": "file", "uid": 0}
  actual:   MISSING
MISMATCH /usr/share/man/man3/File::Glob.3
  expected: {"gid": 0, "mode": 420, "path": "/usr/share/man/man3/File::Glob.3", "sha256": "221d5a9b4efb857feaaa545dac0c01d599c815f352e4625d311844fc3b6c3e83", "size": 15009, "type": "file", "uid": 0}
  actual:   MISSING
MISMATCH /usr/share/man/man3/File::GlobMapper.3
  expected: {"gid": 0, "mode": 420, "path": "/usr/share/man/man3/File::GlobMapper.3", "sha256": "503abaa7fa3002012b14e93fe21c7b0b0013f7e7ef00fd2f0c7cc341959bbf7d", "size": 10834, "type": "file", "uid": 0}
  actual:   MISSING
MISMATCH /usr/share/man/man3/File::Path.3
  expected: {"gid": 0, "mode": 420, "path": "/usr/share/man/man3/File::Path.3", "sha256": "36ee7d4c0fbf02798f14a2f8d4b41b63b9fd2a208120dc2f6ae28f97b6b80505", "size": 30815, "type": "file", "uid": 0}
  actual:   MISSING
MISMATCH /usr/share/man/man3/File::Spec.3
  expected: {"gid": 0, "mode": 420, "path": "/usr/share/man/man3/File::Spec.3", "sha256": "b842dd484ea058268e5743e498a624b81d190533ae4ef2f30e8c6caae421fd6c", "size": 13289, "type": "file", "uid": 0}
  actual:   MISSING
MISMATCH /usr/share/man/man3/File::Spec::AmigaOS.3
  expected: {"gid": 0, "mode": 420, "path": "/usr/share/man/man3/File::Spec::AmigaOS.3", "sha256": "f2ce90125d271e7441dd6769131beb959e52c831316036182bff2a77e59e7625", "size": 2272, "type": "file", "uid": 0}
  actual:   MISSING
MISMATCH /usr/share/man/man3/File::Spec::Cygwin.3
  expected: {"gid": 0, "mode": 420, "path": "/usr/share/man/man3/File::Spec::Cygwin.3", "sha256": "eff145f36c98032d56e5c3c18ed868e62082d4955390d2499b85a6c8fcac629c", "size": 3373, "type": "file", "uid": 0}
  actual:   MISSING
MISMATCH /usr/share/man/man3/File::Spec::Epoc.3
  expected: {"gid": 0, "mode": 420, "path": "/usr/share/man/man3/File::Spec::Epoc.3", "sha256": "1da9a1fb8af479305767be814e433e09285379b9e20752f9a055764c570eb8d2", "size": 2659, "type": "file", "uid": 0}
  actual:   MISSING
MISMATCH /usr/share/man/man3/File::Spec::Functions.3
  expected: {"gid": 0, "mode": 420, "path": "/usr/share/man/man3/File::Spec::Functions.3", "sha256": "23add5813de68e8ef6917f7f1b109a9b8b40556786ffa902443d8858e579353f", "size": 3228, "type": "file", "uid": 0}
  actual:   MISSING
MISMATCH /usr/share/man/man3/File::Spec::Mac.3
  expected: {"gid": 0, "mode": 420, "path": "/usr/share/man/man3/File::Spec::Mac.3", "sha256": "7713233a9d1a6292cb020c512e91004dcb6339044d5067607f497ea8aba53251", "size": 17281, "type": "file", "uid": 0}
  actual:   MISSING
MISMATCH /usr/share/man/man3/File::Spec::OS2.3
  expected: {"gid": 0, "mode": 420, "path": "/usr/share/man/man3/File::Spec::OS2.3", "sha256": "36a40f406c2a38a4566afdcda955389920d68897780acaf3b50c7f61449779e8", "size": 2527, "type": "file", "uid": 0}
  actual:   MISSING
MISMATCH /usr/share/man/man3/File::Spec::Unix.3
  expected: {"gid": 0, "mode": 420, "path": "/usr/share/man/man3/File::Spec::Unix.3", "sha256": "ea27067067ba67b536dc9f99a2b99f42aa5da4c214cf31311af155946ffdbf5e", "size": 9129, "type": "file", "uid": 0}
  actual:   MISSING
MISMATCH /usr/share/man/man3/File::Spec::VMS.3
  expected: {"gid": 0, "mode": 420, "path": "/usr/share/man/man3/File::Spec::VMS.3", "sha256": "35a8f78fe20d24d2ed328600f858a9d35b2f5c593037ea1c222068a3af8e78a2", "size": 5823, "type": "file", "uid": 0}
  actual:   MISSING
MISMATCH /usr/share/man/man3/File::Spec::Win32.3
  expected: {"gid": 0, "mode": 420, "path": "/usr/share/man/man3/File::Spec::Win32.3", "sha256": "da7416a03588ae255c4d6ce9d8b68e2226a14e3cec7ccdb1c2e47d8ee5aafd50", "size": 5850, "type": "file", "uid": 0}
  actual:   MISSING
MISMATCH /usr/share/man/man3/File::Temp.3
  expected: {"gid": 0, "mode": 420, "path": "/usr/share/man/man3/File::Temp.3", "sha256": "8f7df0b0b8d92552886c5c932b4edcfc945db9b8f2f8ad2b2162def99ce9fa45", "size": 37234, "type": "file", "uid": 0}
  actual:   MISSING
MISMATCH /usr/share/man/man3/File::stat.3
  expected: {"gid": 0, "mode": 420, "path": "/usr/share/man/man3/File::stat.3", "sha256": "6897c8f86dcb56f2a8db5859e2f0e98fde574ea406893a9287b242f8176c8385", "size": 6412, "type": "file", "uid": 0}
  actual:   MISSING
MISMATCH /usr/share/man/man3/FileCache.3
  expected: {"gid": 0, "mode": 420, "path": "/usr/share/man/man3/FileCache.3", "sha256": "627ff05064c3c4f2d86c6317f70a4eeee8ba4921c2cccaf5ba5b9d41a1a9802f", "size": 4765, "type": "file", "uid": 0}
  actual:   MISSING
MISMATCH /usr/share/man/man3/FileHandle.3
  expected: {"gid": 0, "mode": 420, "path": "/usr/share/man/man3/FileHandle.3", "sha256": "928d4d8f863fb78c06195365318f46f60ca85e26a1946b03d29e95ab67fbf81a", "size": 7264, "type": "file", "uid": 0}
  actual:   MISSING
MISMATCH /usr/share/man/man3/Filter::Simple.3
  expected: {"gid": 0, "mode": 420, "path": "/usr/share/man/man3/Filter::Simple.3", "sha256": "a3268202e84563500086d7b648b92640d18445fccc17fc084e9d4198592c7547", "size": 21106, "type": "file", "uid": 0}
  actual:   MISSING
MISMATCH /usr/share/man/man3/Filter::Util::Call.3
  expected: {"gid": 0, "mode": 420, "path": "/usr/share/man/man3/Filter::Util::Call.3", "sha256": "23ed3de2045f78743d737a40b9c53c5e27484020fd25ad976c48432bc865d955", "size": 16411, "type": "file", "uid": 0}
  actual:   MISSING
MISMATCH /usr/share/man/man3/FindBin.3
  expected: {"gid": 0, "mode": 420, "path": "/usr/share/man/man3/FindBin.3", "sha256": "556f3162d6a960b187ba44c5bf86f6c0c6feb8f31eedae35d0feeedad9f7f4a7", "size": 4770, "type": "file", "uid": 0}
  actual:   MISSING
MISMATCH /usr/share/man/man3/GDBM_File.3
  expected: {"gid": 0, "mode": 420, "path": "/usr/share/man/man3/GDBM_File.3", "sha256": "7363694782d5da61cf011c584c2786d74bdf9d7266f4d10417d3ddbf3194a708", "size": 23533, "type": "file", "uid": 0}
  actual:   MISSING
MISMATCH /usr/share/man/man3/Getopt::Long.3
  expected: {"gid": 0, "mode": 420, "path": "/usr/share/man/man3/Getopt::Long.3", "sha256": "89caeadc77cb8b0543309c44d60cc9d70c7895d1b1cad3c7a38bd1311e80dede", "size": 50862, "type": "file", "uid": 0}
  actual:   MISSING
MISMATCH /usr/share/man/man3/Getopt::Long::Parser.3
  expected: {"gid": 0, "mode": 420, "path": "/usr/share/man/man3/Getopt::Long::Parser.3", "sha256": "01d43b0e3b5f7bf5eeb860bdb7d607208fbd5efdb637dbbf18faf8593405ca82", "size": 3841, "type": "file", "uid": 0}
  actual:   MISSING
MISMATCH /usr/share/man/man3/Getopt::Std.3
  expected: {"gid": 0, "mode": 420, "path": "/usr/share/man/man3/Getopt::Std.3", "sha256": "f3e01d5b736a0c018bc0786e87226283a5700105e6c784ae72e4da87505e40a1", "size": 5881, "type": "file", "uid": 0}
  actual:   MISSING
MISMATCH /usr/share/man/man3/HTTP::Tiny.3
  expected: {"gid": 0, "mode": 420, "path": "/usr/share/man/man3/HTTP::Tiny.3", "sha256": "625d024ae1daeb49cb74e282f14cf18da0807081defe81cb697b8a01702a52a9", "size": 26775, "type": "file", "uid": 0}
  actual:   MISSING
MISMATCH /usr/share/man/man3/Hash::Util.3
  expected: {"gid": 0, "mode": 420, "path": "/usr/share/man/man3/Hash::Util.3", "sha256": "e322bb55c51a592ba53c4372aa96bc1d382fd8bc43be955f8b319c711ae9338e", "size": 21286, "type": "file", "uid": 0}
  actual:   MISSING
MISMATCH /usr/share/man/man3/Hash::Util::FieldHash.3
  expected: {"gid": 0, "mode": 420, "path": "/usr/share/man/man3/Hash::Util::FieldHash.3", "sha256": "f422df8e3999293258e5f08c7ca7252adc10646b4ba7019188dd2778718e9bd2", "size": 33736, "type": "file", "uid": 0}
  actual:   MISSING
MISMATCH /usr/share/man/man3/I18N::Collate.3
  expected: {"gid": 0, "mode": 420, "path": "/usr/share/man/man3/I18N::Collate.3", "sha256": "fd65a510694e9afe15c4c7d09fc573ea00f92ebfde10ff2beffbe5ce34135798", "size": 3844, "type": "file", "uid": 0}
  actual:   MISSING
MISMATCH /usr/share/man/man3/I18N::LangTags.3
  expected: {"gid": 0, "mode": 420, "path": "/usr/share/man/man3/I18N::LangTags.3", "sha256": "0195715736b1eae5fa1771795025cf52ff0506326d4a50b901c11bec6d808a17", "size": 21052, "type": "file", "uid": 0}
  actual:   MISSING
MISMATCH /usr/share/man/man3/I18N::LangTags::Detect.3
  expected: {"gid": 0, "mode": 420, "path": "/usr/share/man/man3/I18N::LangTags::Detect.3", "sha256": "f6656924ff7e537476802683689b10113aeccda2ec6676280c4a1d152d8aa632", "size": 3886, "type": "file", "uid": 0}
  actual:   MISSING
MISMATCH /usr/share/man/man3/I18N::LangTags::List.3
  expected: {"gid": 0, "mode": 420, "path": "/usr/share/man/man3/I18N::LangTags::List.3", "sha256": "26946ef68146a38461b3c580f2d1ca6cde2de5ab8b95707b21fb2b3f1325540b", "size": 41628, "type": "file", "uid": 0}
  actual:   MISSING
MISMATCH /usr/share/man/man3/I18N::Langinfo.3
  expected: {"gid": 0, "mode": 420, "path": "/usr/share/man/man3/I18N::Langinfo.3", "sha256": "8bb4ac2e8337e3ca03168149d70faa7c63e5b217f7e9f80db3c387ef42dacf5b", "size": 18072, "type": "file", "uid": 0}
  actual:   MISSING
MISMATCH /usr/share/man/man3/IO.3
  expected: {"gid": 0, "mode": 420, "path": "/usr/share/man/man3/IO.3", "sha256": "fe08d83a45a2531dd535462b0eefa6aa94d67ddaca417fdfb750b6dce8248566", "size": 2745, "type": "file", "uid": 0}
  actual:   MISSING
MISMATCH /usr/share/man/man3/IO::Compress.3
  expected: {"gid": 0, "mode": 420, "path": "/usr/share/man/man3/IO::Compress.3", "sha256": "4f318b256425cef1f5fc301e6094a22c1b0d703883353d014eee17cbdf4e9d30", "size": 2076, "type": "file", "uid": 0}
  actual:   MISSING
MISMATCH /usr/share/man/man3/IO::Compress::Base.3
  expected: {"gid": 0, "mode": 420, "path": "/usr/share/man/man3/IO::Compress::Base.3", "sha256": "ef2828f3075f85cb92f8674bbc3e733d3e351ed1b21f9561cab5069adec01ad7", "size": 3251, "type": "file", "uid": 0}
  actual:   MISSING
MISMATCH /usr/share/man/man3/IO::Compress::Bzip2.3
  expected: {"gid": 0, "mode": 420, "path": "/usr/share/man/man3/IO::Compress::Bzip2.3", "sha256": "2038e479e96f096829cf87bc9da4aaab842502221d87b5e6c492f9525680aeb4", "size": 26118, "type": "file", "uid": 0}
  actual:   MISSING
MISMATCH /usr/share/man/man3/IO::Compress::Deflate.3
  expected: {"gid": 0, "mode": 420, "path": "/usr/share/man/man3/IO::Compress::Deflate.3", "sha256": "68eb366c60ca5aa1ddd71be2145e969c5575107dbabc1ac83c0ca56d39179eaa", "size": 29748, "type": "file", "uid": 0}
  actual:   MISSING
MISMATCH /usr/share/man/man3/IO::Compress::FAQ.3
  expected: {"gid": 0, "mode": 420, "path": "/usr/share/man/man3/IO::Compress::FAQ.3", "sha256": "c1d5fd1acc7e45dc1ffebbd65d0df9f5107f4f6a6345a10cc4959147ff888e3d", "size": 26350, "type": "file", "uid": 0}
  actual:   MISSING
MISMATCH /usr/share/man/man3/IO::Compress::Gzip.3
  expected: {"gid": 0, "mode": 420, "path": "/usr/share/man/man3/IO::Compress::Gzip.3", "sha256": "af785115d599b7f46ff0feba06c7e8e884fc48f8f9a7b5e9aee82f04ad1a2a7b", "size": 37101, "type": "file", "uid": 0}
  actual:   MISSING
MISMATCH /usr/share/man/man3/IO::Compress::RawDeflate.3
  expected: {"gid": 0, "mode": 420, "path": "/usr/share/man/man3/IO::Compress::RawDeflate.3", "sha256": "93efeddd0eb503f4eaa1adae039ee3105612c8d225f38917ca31b04b3c2898fe", "size": 30171, "type": "file", "uid": 0}
  actual:   MISSING
MISMATCH /usr/share/man/man3/IO::Compress::Zip.3
  expected: {"gid": 0, "mode": 420, "path": "/usr/share/man/man3/IO::Compress::Zip.3", "sha256": "431f3ed7db982500a243b47812518b78726dd72443cd6e1130478cdea19a177e", "size": 49659, "type": "file", "uid": 0}
  actual:   MISSING
MISMATCH /usr/share/man/man3/IO::Dir.3
  expected: {"gid": 0, "mode": 420, "path": "/usr/share/man/man3/IO::Dir.3", "sha256": "a4d091c843dcb43320220f4c8b71393a63e66e916ef7d9978b3cb054ea340e44", "size": 4945, "type": "file", "uid": 0}
  actual:   MISSING
MISMATCH /usr/share/man/man3/IO::File.3
  expected: {"gid": 0, "mode": 420, "path": "/usr/share/man/man3/IO::File.3", "sha256": "da4ae5bad63228be1c97c6a78b4bee292e782ab69a6a654a5fa589ff0c81e9a3", "size": 5269, "type": "file", "uid": 0}
  actual:   MISSING
MISMATCH /usr/share/man/man3/IO::Handle.3
  expected: {"gid": 0, "mode": 420, "path": "/usr/share/man/man3/IO::Handle.3", "sha256": "7e4b873c8e0abf8a13c6bb3ede88497973945f99249a153420e0af6ba19eade3", "size": 13231, "type": "file", "uid": 0}
  actual:   MISSING
MISMATCH /usr/share/man/man3/IO::Pipe.3
  expected: {"gid": 0, "mode": 420, "path": "/usr/share/man/man3/IO::Pipe.3", "sha256": "b31538207dedd9f1df258f753c420cb207cdfac6389290fc771f84f4e56cdf9a", "size": 4408, "type": "file", "uid": 0}
  actual:   MISSING
MISMATCH /usr/share/man/man3/IO::Poll.3
  expected: {"gid": 0, "mode": 420, "path": "/usr/share/man/man3/IO::Poll.3", "sha256": "d02e73b4e8f59549ae324b64d5c6be5e43abbafb4dd9d54ad0cc535edb033d70", "size": 3888, "type": "file", "uid": 0}
  actual:   MISSING
MISMATCH /usr/share/man/man3/IO::Seekable.3
  expected: {"gid": 0, "mode": 420, "path": "/usr/share/man/man3/IO::Seekable.3", "sha256": "70cbf8efc6e3ceef6253115dbb5741931371f7a0c51e539fb56634e25821f294", "size": 4566, "type": "file", "uid": 0}
  actual:   MISSING
MISMATCH /usr/share/man/man3/IO::Select.3
  expected: {"gid": 0, "mode": 420, "path": "/usr/share/man/man3/IO::Select.3", "sha256": "9775f145fe156514d9f1ed519b53f5b4004e57c14602c03b15987220f6f01ccb", "size": 7183, "type": "file", "uid": 0}
  actual:   MISSING
MISMATCH /usr/share/man/man3/IO::Socket.3
  expected: {"gid": 0, "mode": 420, "path": "/usr/share/man/man3/IO::Socket.3", "sha256": "21917c5e053713454a13bafe0198f15979e0514a268572c2a723efe914360866", "size": 23201, "type": "file", "uid": 0}
  actual:   MISSING
MISMATCH /usr/share/man/man3/IO::Socket::INET.3
  expected: {"gid": 0, "mode": 420, "path": "/usr/share/man/man3/IO::Socket::INET.3", "sha256": "8d781245c936e363a81d4ee1f38606528f6ed3bd6d034f124d795d140b1e60fa", "size": 7729, "type": "file", "uid": 0}
  actual:   MISSING
MISMATCH /usr/share/man/man3/IO::Socket::IP.3
  expected: {"gid": 0, "mode": 420, "path": "/usr/share/man/man3/IO::Socket::IP.3", "sha256": "8d3a0dcbe9317826a5685554aebfeeb527ccbe8f44ed5c4d18b42b3b69ca6670", "size": 25422, "type": "file", "uid": 0}
  actual:   MISSING
MISMATCH /usr/share/man/man3/IO::Socket::UNIX.3
  expected: {"gid": 0, "mode": 420, "path": "/usr/share/man/man3/IO::Socket::UNIX.3", "sha256": "0f340dc46674fdd1de5b32de5f7c53fb643342c9ff5b68a041a53660a5b04581", "size": 4602, "type": "file", "uid": 0}
  actual:   MISSING
MISMATCH /usr/share/man/man3/IO::Uncompress::AnyInflate.3
  expected: {"gid": 0, "mode": 420, "path": "/usr/share/man/man3/IO::Uncompress::AnyInflate.3", "sha256": "2b82c781b4709a5c4d38e0059283400a090b87150a848a5c49fd6e53cf55bb4b", "size": 32955, "type": "file", "uid": 0}
  actual:   MISSING
MISMATCH /usr/share/man/man3/IO::Uncompress::AnyUncompress.3
  expected: {"gid": 0, "mode": 420, "path": "/usr/share/man/man3/IO::Uncompress::AnyUncompress.3", "sha256": "26d4229049c37c434d88ccd14136af410fef0fdc74466dbcf9df92a6280f1971", "size": 31081, "type": "file", "uid": 0}
  actual:   MISSING
MISMATCH /usr/share/man/man3/IO::Uncompress::Base.3
  expected: {"gid": 0, "mode": 420, "path": "/usr/share/man/man3/IO::Uncompress::Base.3", "sha256": "4212456c7c693a0c0bcfee00eab13c390485a0ebdf0a7f9a99d6e8a3c97d0efe", "size": 3263, "type": "file", "uid": 0}
  actual:   MISSING
MISMATCH /usr/share/man/man3/IO::Uncompress::Bunzip2.3
  expected: {"gid": 0, "mode": 420, "path": "/usr/share/man/man3/IO::Uncompress::Bunzip2.3", "sha256": "684574ec751383283ed9f09f745858a0fb6e071879d6532205fedf103737abfd", "size": 29397, "type": "file", "uid": 0}
  actual:   MISSING
MISMATCH /usr/share/man/man3/IO::Uncompress::Gunzip.3
  expected: {"gid": 0, "mode": 420, "path": "/usr/share/man/man3/IO::Uncompress::Gunzip.3", "sha256": "b8990f66e2fbc66b5bb5fbaba9204f0a57d2379436dd5c5c2992018d84a52d75", "size": 31894, "type": "file", "uid": 0}
  actual:   MISSING
MISMATCH /usr/share/man/man3/IO::Uncompress::Inflate.3
  expected: {"gid": 0, "mode": 420, "path": "/usr/share/man/man3/IO::Uncompress::Inflate.3", "sha256": "25af85b712dae44c1ffd2e82e1186465bb65b8c9fa18fb3dfd11e9e881b30694", "size": 30212, "type": "file", "uid": 0}
  actual:   MISSING
MISMATCH /usr/share/man/man3/IO::Uncompress::RawInflate.3
  expected: {"gid": 0, "mode": 420, "path": "/usr/share/man/man3/IO::Uncompress::RawInflate.3", "sha256": "fc7e8ab0e2edba799e94692e09cb5ee411dfbf6640db16426d360e2e50f1f52f", "size": 29889, "type": "file", "uid": 0}
  actual:   MISSING
MISMATCH /usr/share/man/man3/IO::Uncompress::Unzip.3
  expected: {"gid": 0, "mode": 420, "path": "/usr/share/man/man3/IO::Uncompress::Unzip.3", "sha256": "b476f8cc57fe010c5dcb7d115094e2f06e040eb30d7e2fe71529095017c289d7", "size": 34226, "type": "file", "uid": 0}
  actual:   MISSING
MISMATCH /usr/share/man/man3/IO::Zlib.3
  expected: {"gid": 0, "mode": 420, "path": "/usr/share/man/man3/IO::Zlib.3", "sha256": "b1f1e8b5beab7c2bfd00470eb18ffef5b90776ee947115c13614d639ce38c0ac", "size": 10668, "type": "file", "uid": 0}
  actual:   MISSING
MISMATCH /usr/share/man/man3/IPC::Cmd.3
  expected: {"gid": 0, "mode": 420, "path": "/usr/share/man/man3/IPC::Cmd.3", "sha256": "e4093de50f2c20de5623074aea9ca60f296159701875e11c8d76ca4ca435156c", "size": 22617, "type": "file", "uid": 0}
  actual:   MISSING
MISMATCH /usr/share/man/man3/IPC::Msg.3
  expected: {"gid": 0, "mode": 420, "path": "/usr/share/man/man3/IPC::Msg.3", "sha256": "d26c63a6450ece044906b9056c81c5d40bd1b2d777db37352026150079d06c09", "size": 4705, "type": "file", "uid": 0}
  actual:   MISSING
MISMATCH /usr/share/man/man3/IPC::Open2.3
  expected: {"gid": 0, "mode": 420, "path": "/usr/share/man/man3/IPC::Open2.3", "sha256": "01de1b1c50578676b33035df27e9a7b390ad08b0bfce153854fb0fcc04f5af8d", "size": 7420, "type": "file", "uid": 0}
  actual:   MISSING
MISMATCH /usr/share/man/man3/IPC::Open3.3
  expected: {"gid": 0, "mode": 420, "path": "/usr/share/man/man3/IPC::Open3.3", "sha256": "4479499baf8477279ad1c44186445bea5193d4892359203ef33a9e110a9432b0", "size": 9106, "type": "file", "uid": 0}
  actual:   MISSING
MISMATCH /usr/share/man/man3/IPC::Semaphore.3
  expected: {"gid": 0, "mode": 420, "path": "/usr/share/man/man3/IPC::Semaphore.3", "sha256": "ef37b64bd30f975028a917a7b0bc71202ca70a537f2bbdd65181a23e44f90158", "size": 6003, "type": "file", "uid": 0}
  actual:   MISSING
MISMATCH /usr/share/man/man3/IPC::SharedMem.3
  expected: {"gid": 0, "mode": 420, "path": "/usr/share/man/man3/IPC::SharedMem.3", "sha256": "627a7bc4d533623caab89668cade5eb2db7e7ae625c5a21251b0d2f69be8a7b7", "size": 5285, "type": "file", "uid": 0}
  actual:   MISSING
MISMATCH /usr/share/man/man3/IPC::SysV.3
  expected: {"gid": 0, "mode": 420, "path": "/usr/share/man/man3/IPC::SysV.3", "sha256": "8bfefee3a550a49ed2f2689845c069d7d26aa6f5f7fc9e79e935ebe6a8308a78", "size": 4417, "type": "file", "uid": 0}
  actual:   MISSING
MISMATCH /usr/share/man/man3/Internals.3
  expected: {"gid": 0, "mode": 420, "path": "/usr/share/man/man3/Internals.3", "sha256": "88813f5ba4c36a141a265e9666df34a07a126020f305c33ae48454be20bf3447", "size": 4978, "type": "file", "uid": 0}
  actual:   MISSING
MISMATCH /usr/share/man/man3/JSON::PP.3
  expected: {"gid": 0, "mode": 420, "path": "/usr/share/man/man3/JSON::PP.3", "sha256": "b2f17b7a23967a2236fd2e12bbd73f319fb28373f4b6f1822f04d42a1e42d5cd", "size": 62915, "type": "file", "uid": 0}
  actual:   MISSING
MISMATCH /usr/share/man/man3/JSON::PP::Boolean.3
  expected: {"gid": 0, "mode": 420, "path": "/usr/share/man/man3/JSON::PP::Boolean.3", "sha256": "20f6a9c6ddcb0a69b4d447e136518886afbb01d25c0c70de7ace89faec389c4c", "size": 2227, "type": "file", "uid": 0}
  actual:   MISSING
MISMATCH /usr/share/man/man3/List::Util.3
  expected: {"gid": 0, "mode": 420, "path": "/usr/share/man/man3/List::Util.3", "sha256": "fcb919ae3ab32314ac3e20b048493f58e61aba85b795a031b7b7a854142da1ee", "size": 32177, "type": "file", "uid": 0}
  actual:   MISSING
MISMATCH /usr/share/man/man3/List::Util::XS.3
  expected: {"gid": 0, "mode": 420, "path": "/usr/share/man/man3/List::Util::XS.3", "sha256": "03b0a4b1da8b52e8f98bc34d2b0252d4ba91adbebbdfbd67a4e32eae8d0d919e", "size": 2658, "type": "file", "uid": 0}
  actual:   MISSING
MISMATCH /usr/share/man/man3/Locale::Maketext.3
  expected: {"gid": 0, "mode": 420, "path": "/usr/share/man/man3/Locale::Maketext.3", "sha256": "5573f8c2dfbb4e5fa852e5e2dc62495b5ee946c13abcaa812b6ee3a5b81431e1", "size": 60468, "type": "file", "uid": 0}
  actual:   MISSING
MISMATCH /usr/share/man/man3/Locale::Maketext::Cookbook.3
  expected: {"gid": 0, "mode": 420, "path": "/usr/share/man/man3/Locale::Maketext::Cookbook.3", "sha256": "a65341264d41cb172c6d9fc9edde6ff13910349bc85733a2c4039e0d38971560", "size": 6064, "type": "file", "uid": 0}
  actual:   MISSING
MISMATCH /usr/share/man/man3/Locale::Maketext::Guts.3
  expected: {"gid": 0, "mode": 420, "path": "/usr/share/man/man3/Locale::Maketext::Guts.3", "sha256": "d22287f44901f9017a6c3df33e231f6165ed8b385fe1cc74e67f75e80de63898", "size": 2071, "type": "file", "uid": 0}
  actual:   MISSING
MISMATCH /usr/share/man/man3/Locale::Maketext::GutsLoader.3
  expected: {"gid": 0, "mode": 420, "path": "/usr/share/man/man3/Locale::Maketext::GutsLoader.3", "sha256": "3cb806a16f0761c586deec9426112c1c73808d2e8bf9885eeba015c184654078", "size": 2085, "type": "file", "uid": 0}
  actual:   MISSING
MISMATCH /usr/share/man/man3/Locale::Maketext::Simple.3
  expected: {"gid": 0, "mode": 420, "path": "/usr/share/man/man3/Locale::Maketext::Simple.3", "sha256": "b75ab5083aedc30540cfcbf2b2b1d3c37eefeeb72f114af04cf722547a740d1c", "size": 7609, "type": "file", "uid": 0}
  actual:   MISSING
MISMATCH /usr/share/man/man3/Locale::Maketext::TPJ13.3
  expected: {"gid": 0, "mode": 420, "path": "/usr/share/man/man3/Locale::Maketext::TPJ13.3", "sha256": "0f1b7455a9fbc21d9acf42e7f6c02e474e734d50b57d022e81f2279f3909175e", "size": 40093, "type": "file", "uid": 0}
  actual:   MISSING
MISMATCH /usr/share/man/man3/MIME::Base64.3
  expected: {"gid": 0, "mode": 420, "path": "/usr/share/man/man3/MIME::Base64.3", "sha256": "ed62d13a6cec866e76f5ca48b4d2a58c96c722a7369b4602968b8373c1ea9caf", "size": 7556, "type": "file", "uid": 0}
  actual:   MISSING
MISMATCH /usr/share/man/man3/MIME::QuotedPrint.3
  expected: {"gid": 0, "mode": 420, "path": "/usr/share/man/man3/MIME::QuotedPrint.3", "sha256": "c9af4bf5317dbb3628a86f747b5f7cd07ae7caaf617eaa750510cba21d3d5a9f", "size": 5182, "type": "file", "uid": 0}
  actual:   MISSING
MISMATCH /usr/share/man/man3/Math::BigFloat.3
  expected: {"gid": 0, "mode": 420, "path": "/usr/share/man/man3/Math::BigFloat.3", "sha256": "1805a35656b2a9cd011f5f8b2f8ed45b1e462b969e7c8268ac9415955d5b7abb", "size": 40457, "type": "file", "uid": 0}
  actual:   MISSING
MISMATCH /usr/share/man/man3/Math::BigInt.3
  expected: {"gid": 0, "mode": 420, "path": "/usr/share/man/man3/Math::BigInt.3", "sha256": "d9e71fad17f08f3c2f064956f19f2a470f4a4ccefbe29b8783c321c829e43dc9", "size": 115658, "type": "file", "uid": 0}
  actual:   MISSING
MISMATCH /usr/share/man/man3/Math::BigInt::Calc.3
  expected: {"gid": 0, "mode": 420, "path": "/usr/share/man/man3/Math::BigInt::Calc.3", "sha256": "217e160e803ad234c76e5c1f2594b2092d43f10de374d3e7264dd99af2cb45d1", "size": 4734, "type": "file", "uid": 0}
  actual:   MISSING
MISMATCH /usr/share/man/man3/Math::BigInt::FastCalc.3
  expected: {"gid": 0, "mode": 420, "path": "/usr/share/man/man3/Math::BigInt::FastCalc.3", "sha256": "fa35b7c21e5cf00c7174072fd572055f243d416375775262e35bdd292c33ce4e", "size": 5570, "type": "file", "uid": 0}
  actual:   MISSING
MISMATCH /usr/share/man/man3/Math::BigInt::Lib.3
  expected: {"gid": 0, "mode": 420, "path": "/usr/share/man/man3/Math::BigInt::Lib.3", "sha256": "93ade8ab08b72b958c68801a221590fcca60a890a55f32d3ea744ee7ba87112d", "size": 24653, "type": "file", "uid": 0}
  actual:   MISSING
MISMATCH /usr/share/man/man3/Math::BigRat.3
  expected: {"gid": 0, "mode": 420, "path": "/usr/share/man/man3/Math::BigRat.3", "sha256": "61388063e254da8bbf364276f1d2187f881c105086c2e1c717ca4b9f040b13a0", "size": 36819, "type": "file", "uid": 0}
  actual:   MISSING
MISMATCH /usr/share/man/man3/Math::Complex.3
  expected: {"gid": 0, "mode": 420, "path": "/usr/share/man/man3/Math::Complex.3", "sha256": "c1f7ab2293d911184d71b90c8ea8745b95475149aab92eb72844724ed6b1fd04", "size": 23137, "type": "file", "uid": 0}
  actual:   MISSING
MISMATCH /usr/share/man/man3/Math::Trig.3
  expected: {"gid": 0, "mode": 420, "path": "/usr/share/man/man3/Math::Trig.3", "sha256": "5d9a9b0a734c2f7e4c58bf848e96922f411961e0f975b8170a23e8651054e314", "size": 20838, "type": "file", "uid": 0}
  actual:   MISSING
MISMATCH /usr/share/man/man3/Memoize.3
  expected: {"gid": 0, "mode": 420, "path": "/usr/share/man/man3/Memoize.3", "sha256": "14858cda696701f11d30cf612be1944bd5d8992d37ba1817b9582118655d332e", "size": 32112, "type": "file", "uid": 0}
  actual:   MISSING
MISMATCH /usr/share/man/man3/Memoize::AnyDBM_File.3
  expected: {"gid": 0, "mode": 420, "path": "/usr/share/man/man3/Memoize::AnyDBM_File.3", "sha256": "55a0e6e23e2dd059787bc42debd79045d778131dbf3775304eb14bc2c1bbe184", "size": 2023, "type": "file", "uid": 0}
  actual:   MISSING
MISMATCH /usr/share/man/man3/Memoize::Expire.3
  expected: {"gid": 0, "mode": 420, "path": "/usr/share/man/man3/Memoize::Expire.3", "sha256": "de42dd3cfe1ea7cdc191ef3097dcc2a64a4a21043b2ca892cc7eccea35d081af", "size": 10553, "type": "file", "uid": 0}
  actual:   MISSING
MISMATCH /usr/share/man/man3/Memoize::NDBM_File.3
  expected: {"gid": 0, "mode": 420, "path": "/usr/share/man/man3/Memoize::NDBM_File.3", "sha256": "22281b6853db27f700c0529935db4ba80767f1d12bd267fa02a289c16582d0ad", "size": 2092, "type": "file", "uid": 0}
  actual:   MISSING
MISMATCH /usr/share/man/man3/Memoize::SDBM_File.3
  expected: {"gid": 0, "mode": 420, "path": "/usr/share/man/man3/Memoize::SDBM_File.3", "sha256": "34a520c8da3ed962df803d294f043960ef8fe97f5aa54d4e5d1266144a48bf1d", "size": 1984, "type": "file", "uid": 0}
  actual:   MISSING
MISMATCH /usr/share/man/man3/Memoize::Storable.3
  expected: {"gid": 0, "mode": 420, "path": "/usr/share/man/man3/Memoize::Storable.3", "sha256": "bb1a0721a3fec90cc93e81b04d13a503d4d921939cee0ccceba8c6cde2277c5c", "size": 1777, "type": "file", "uid": 0}
  actual:   MISSING
MISMATCH /usr/share/man/man3/Module::CoreList.3
  expected: {"gid": 0, "mode": 420, "path": "/usr/share/man/man3/Module::CoreList.3", "sha256": "1377b3e1f9dee5aff80590510f0e442b10de2fd5ade9bef2a492954212b900dc", "size": 12411, "type": "file", "uid": 0}
  actual:   MISSING
MISMATCH /usr/share/man/man3/Module::CoreList::Utils.3
  expected: {"gid": 0, "mode": 420, "path": "/usr/share/man/man3/Module::CoreList::Utils.3", "sha256": "3fd5f449b16ccc2cddc4678c27af666cfd82778415b92d5a3644bb1e67ac97dd", "size": 5391, "type": "file", "uid": 0}
  actual:   MISSING
MISMATCH /usr/share/man/man3/Module::Load.3
  expected: {"gid": 0, "mode": 420, "path": "/usr/share/man/man3/Module::Load.3", "sha256": "069cccfc3566a2e5c09483a0eb9066bb82dce6810090c9fedfad005c0303e887", "size": 9068, "type": "file", "uid": 0}
  actual:   MISSING
MISMATCH /usr/share/man/man3/Module::Load::Conditional.3
  expected: {"gid": 0, "mode": 420, "path": "/usr/share/man/man3/Module::Load::Conditional.3", "sha256": "4d7bea58eced50af54c17a35838607b8a75e6d7418b472ae0df4d07126f05bdc", "size": 12038, "type": "file", "uid": 0}
  actual:   MISSING
MISMATCH /usr/share/man/man3/Module::Loaded.3
  expected: {"gid": 0, "mode": 420, "path": "/usr/share/man/man3/Module::Loaded.3", "sha256": "1f322832fc1147fa224ffa602d58d117dbd39b98a09df7ad6772dce739be153e", "size": 4351, "type": "file", "uid": 0}
  actual:   MISSING
MISMATCH /usr/share/man/man3/Module::Metadata.3
  expected: {"gid": 0, "mode": 420, "path": "/usr/share/man/man3/Module::Metadata.3", "sha256": "7f7058912ecd12dc814c6f422eb50726bc8ec7496afe51bb733385d7e1ebb06e", "size": 13811, "type": "file", "uid": 0}
  actual:   MISSING
MISMATCH /usr/share/man/man3/NDBM_File.3
  expected: {"gid": 0, "mode": 420, "path": "/usr/share/man/man3/NDBM_File.3", "sha256": "2ed276f33616eb843fcdaa7d278db4c464e4bde693c0d898383d9fdee76898d4", "size": 5215, "type": "file", "uid": 0}
  actual:   MISSING
MISMATCH /usr/share/man/man3/NEXT.3
  expected: {"gid": 0, "mode": 420, "path": "/usr/share/man/man3/NEXT.3", "sha256": "e9355a85f117cebb5ae5bc8f951142a5f2c82333793e1b329b5d2c80b9505833", "size": 16216, "type": "file", "uid": 0}
  actual:   MISSING
MISMATCH /usr/share/man/man3/Net::Cmd.3
  expected: {"gid": 0, "mode": 420, "path": "/usr/share/man/man3/Net::Cmd.3", "sha256": "2c1fcff00de84170db4a35250ae303f6b9c4dc9021f98b9ad75f8f083fcd978d", "size": 11696, "type": "file", "uid": 0}
  actual:   MISSING
MISMATCH /usr/share/man/man3/Net::Config.3
  expected: {"gid": 0, "mode": 420, "path": "/usr/share/man/man3/Net::Config.3", "sha256": "3fe54e426f02673a336eafb9e77ef9bddd03fc827954ad336b3db663c971a6ef", "size": 7997, "type": "file", "uid": 0}
  actual:   MISSING
MISMATCH /usr/share/man/man3/Net::Domain.3
  expected: {"gid": 0, "mode": 420, "path": "/usr/share/man/man3/Net::Domain.3", "sha256": "3153407fe6509f605c6028e8f2d30d1dbc3f174d6c3328c51940b8baedf57dc5", "size": 4105, "type": "file", "uid": 0}
  actual:   MISSING
MISMATCH /usr/share/man/man3/Net::FTP.3
  expected: {"gid": 0, "mode": 420, "path": "/usr/share/man/man3/Net::FTP.3", "sha256": "53a295111573b06366c88641264e545e4df785b1d0a9f58597a7c3948d50a585", "size": 27944, "type": "file", "uid": 0}
  actual:   MISSING
MISMATCH /usr/share/man/man3/Net::NNTP.3
  expected: {"gid": 0, "mode": 420, "path": "/usr/share/man/man3/Net::NNTP.3", "sha256": "e400ad8f2630122873fc0fa7499ad78ff0aeec733b090691cd2fe73a6d4de14f", "size": 23962, "type": "file", "uid": 0}
  actual:   MISSING
MISMATCH /usr/share/man/man3/Net::Netrc.3
  expected: {"gid": 0, "mode": 420, "path": "/usr/share/man/man3/Net::Netrc.3", "sha256": "91f80bc2e3961719e3276ce0c3c05ade991d3674c45de69414693af85f0aa728", "size": 6622, "type": "file", "uid": 0}
  actual:   MISSING
MISMATCH /usr/share/man/man3/Net::POP3.3
  expected: {"gid": 0, "mode": 420, "path": "/usr/share/man/man3/Net::POP3.3", "sha256": "f5b25a0c2f452956bbb6f1a8d4b66e8928fd6fa4dd054e05ae07d2eb062c8504", "size": 12340, "type": "file", "uid": 0}
  actual:   MISSING
MISMATCH /usr/share/man/man3/Net::Ping.3
  expected: {"gid": 0, "mode": 420, "path": "/usr/share/man/man3/Net::Ping.3", "sha256": "645e8a326ea064a2ec8a9084160e8c30e203544fc04efdba446ef88691f13adf", "size": 27089, "type": "file", "uid": 0}
  actual:   MISSING
MISMATCH /usr/share/man/man3/Net::SMTP.3
  expected: {"gid": 0, "mode": 420, "path": "/usr/share/man/man3/Net::SMTP.3", "sha256": "0af3cf2f0512947410c99584496f562fc4555bc942d3cac6d0f434391b102925", "size": 18944, "type": "file", "uid": 0}
  actual:   MISSING
MISMATCH /usr/share/man/man3/Net::Time.3
  expected: {"gid": 0, "mode": 420, "path": "/usr/share/man/man3/Net::Time.3", "sha256": "caee677c6c0d7731cd91cf8f8b68bd4ab5c187d627f59f142c2b299991db3c93", "size": 4571, "type": "file", "uid": 0}
  actual:   MISSING
MISMATCH /usr/share/man/man3/Net::hostent.3
  expected: {"gid": 0, "mode": 420, "path": "/usr/share/man/man3/Net::hostent.3", "sha256": "3cc5912c18331ba35b076ca9a660611459ed41e4abf836e6cfe3e83b37f8eaf1", "size": 4614, "type": "file", "uid": 0}
  actual:   MISSING
MISMATCH /usr/share/man/man3/Net::libnetFAQ.3
  expected: {"gid": 0, "mode": 420, "path": "/usr/share/man/man3/Net::libnetFAQ.3", "sha256": "e004c9aea107a351b49ec903a72bf6195a53693868cce8e19925ebc38df88fed", "size": 14085, "type": "file", "uid": 0}
  actual:   MISSING
MISMATCH /usr/share/man/man3/Net::netent.3
  expected: {"gid": 0, "mode": 420, "path": "/usr/share/man/man3/Net::netent.3", "sha256": "8ad22a759868606cc5a5d27110c37a17503fd76235a32c339527c6576bc6751a", "size": 5381, "type": "file", "uid": 0}
  actual:   MISSING
MISMATCH /usr/share/man/man3/Net::protoent.3
  expected: {"gid": 0, "mode": 420, "path": "/usr/share/man/man3/Net::protoent.3", "sha256": "19e557cbc5002b02b6d79731caf8b45bc140d24eca6f31c42198362a256ee149", "size": 3838, "type": "file", "uid": 0}
  actual:   MISSING
MISMATCH /usr/share/man/man3/Net::servent.3
  expected: {"gid": 0, "mode": 420, "path": "/usr/share/man/man3/Net::servent.3", "sha256": "ca7e299ef36c2a8386f981f65d88be1fe914ce3a54ff3939439592be11d6c74d", "size": 4276, "type": "file", "uid": 0}
  actual:   MISSING
MISMATCH /usr/share/man/man3/O.3
  expected: {"gid": 0, "mode": 420, "path": "/usr/share/man/man3/O.3", "sha256": "ed4792dc234125c04cc2e0bcffe5d0c5468fccd28cae14a19c34f59d882b5bc7", "size": 5161, "type": "file", "uid": 0}
  actual:   MISSING
MISMATCH /usr/share/man/man3/ODBM_File.3
  expected: {"gid": 0, "mode": 420, "path": "/usr/share/man/man3/ODBM_File.3", "sha256": "3d94a4a36fe1a782bd7600a5a5c5d3ce345be7ccb643d5dc5fe11b773d07549a", "size": 5219, "type": "file", "uid": 0}
  actual:   MISSING
MISMATCH /usr/share/man/man3/Opcode.3
  expected: {"gid": 0, "mode": 420, "path": "/usr/share/man/man3/Opcode.3", "sha256": "5f9f6090bae2c15590b0042cc8d5b5cc842ac370f960ed38294bdb204509c12d", "size": 18498, "type": "file", "uid": 0}
  actual:   MISSING
MISMATCH /usr/share/man/man3/POSIX.3
  expected: {"gid": 0, "mode": 420, "path": "/usr/share/man/man3/POSIX.3", "sha256": "f9cedfc3431daa1439550c6e4c601fef023e0d19c738e0be3840778608dafb3a", "size": 122496, "type": "file", "uid": 0}
  actual:   MISSING
MISMATCH /usr/share/man/man3/Params::Check.3
  expected: {"gid": 0, "mode": 420, "path": "/usr/share/man/man3/Params::Check.3", "sha256": "c14bbb8c4a96035ae1cc8298582c238f225cd0ad0155c70e4b08a5ccb4efd2de", "size": 14276, "type": "file", "uid": 0}
  actual:   MISSING
MISMATCH /usr/share/man/man3/Parse::CPAN::Meta.3
  expected: {"gid": 0, "mode": 420, "path": "/usr/share/man/man3/Parse::CPAN::Meta.3", "sha256": "6c71469c15b558433b99e3094902ff91899432094a1359a76b76d328ce40f2cd", "size": 9102, "type": "file", "uid": 0}
  actual:   MISSING
MISMATCH /usr/share/man/man3/Perl::OSType.3
  expected: {"gid": 0, "mode": 420, "path": "/usr/share/man/man3/Perl::OSType.3", "sha256": "f8ba2070c9d6c027c52b7101d23815095acf8e998c69c07c68c681038e70bc62", "size": 4860, "type": "file", "uid": 0}
  actual:   MISSING
MISMATCH /usr/share/man/man3/PerlIO.3
  expected: {"gid": 0, "mode": 420, "path": "/usr/share/man/man3/PerlIO.3", "sha256": "dfb1f629f70f9e6372ad8522fefc2753b992b0fa8f267bd3fdc84a061332f04d", "size": 17324, "type": "file", "uid": 0}
  actual:   MISSING
MISMATCH /usr/share/man/man3/PerlIO::encoding.3
  expected: {"gid": 0, "mode": 420, "path": "/usr/share/man/man3/PerlIO::encoding.3", "sha256": "4a61c004b0464f5bc2db476b8320c435cd5daf98801231138a86a1ffa4d56b98", "size": 2592, "type": "file", "uid": 0}
  actual:   MISSING
MISMATCH /usr/share/man/man3/PerlIO::mmap.3
  expected: {"gid": 0, "mode": 420, "path": "/usr/share/man/man3/PerlIO::mmap.3", "sha256": "356139a79ec613db5e862ba273f6ead6c77a9fcaf0f8bdb2499101e92a0f1c05", "size": 2235, "type": "file", "uid": 0}
  actual:   MISSING
MISMATCH /usr/share/man/man3/PerlIO::scalar.3
  expected: {"gid": 0, "mode": 420, "path": "/usr/share/man/man3/PerlIO::scalar.3", "sha256": "43a8c8e708ac0d28521346ab34053f4c1c9321a8d75f8d1f3508c0674f4fdc4b", "size": 2699, "type": "file", "uid": 0}
  actual:   MISSING
MISMATCH /usr/share/man/man3/PerlIO::via.3
  expected: {"gid": 0, "mode": 420, "path": "/usr/share/man/man3/PerlIO::via.3", "sha256": "9fccf8dbea3ef6967b8cd5b57e64ef785c69c9272bc5dc5a2941e609b2492a3c", "size": 11020, "type": "file", "uid": 0}
  actual:   MISSING
MISMATCH /usr/share/man/man3/PerlIO::via::QuotedPrint.3
  expected: {"gid": 0, "mode": 420, "path": "/usr/share/man/man3/PerlIO::via::QuotedPrint.3", "sha256": "d88f3d897f2b3bb1445460380f18defca827c5c31ad6e1fbb59a96d3555c9f8f", "size": 4919, "type": "file", "uid": 0}
  actual:   MISSING
MISMATCH /usr/share/man/man3/Pod::Checker.3
  expected: {"gid": 0, "mode": 420, "path": "/usr/share/man/man3/Pod::Checker.3", "sha256": "97defe3615a4d86c819ba7e4967c14a2d37135d07340278441f249a916394828", "size": 20042, "type": "file", "uid": 0}
  actual:   MISSING
MISMATCH /usr/share/man/man3/Pod::Escapes.3
  expected: {"gid": 0, "mode": 420, "path": "/usr/share/man/man3/Pod::Escapes.3", "sha256": "82001bd85e92fc8be36f6ad8db7ebf25eb113c91f1d501e50334e8553a226a9c", "size": 8471, "type": "file", "uid": 0}
  actual:   MISSING
MISMATCH /usr/share/man/man3/Pod::Html.3
  expected: {"gid": 0, "mode": 420, "path": "/usr/share/man/man3/Pod::Html.3", "sha256": "169e88213b7e9c15ab02799aa2c94c9eb463e9e6f804866eb6e2720c4ca7da75", "size": 6829, "type": "file", "uid": 0}
  actual:   MISSING
MISMATCH /usr/share/man/man3/Pod::Html::Util.3
  expected: {"gid": 0, "mode": 420, "path": "/usr/share/man/man3/Pod::Html::Util.3", "sha256": "e1620c1b6d7f084b40214871ea86628fd644734315358758c3c386022e3c694b", "size": 4163, "type": "file", "uid": 0}
  actual:   MISSING
MISMATCH /usr/share/man/man3/Pod::Man.3
  expected: {"gid": 0, "mode": 420, "path": "/usr/share/man/man3/Pod::Man.3", "sha256": "43c2f918686ca8daf03fd71fe5a6d9078fca85bf1613101e68bf815c0d29c595", "size": 36526, "type": "file", "uid": 0}
  actual:   MISSING
MISMATCH /usr/share/man/man3/Pod::ParseLink.3
  expected: {"gid": 0, "mode": 420, "path": "/usr/share/man/man3/Pod::ParseLink.3", "sha256": "9d9a486a263f3e180de2fb3d38a278522dd2c574d7197d1632902ea7909c3345", "size": 4805, "type": "file", "uid": 0}
  actual:   MISSING
MISMATCH /usr/share/man/man3/Pod::Perldoc.3
  expected: {"gid": 0, "mode": 420, "path": "/usr/share/man/man3/Pod::Perldoc.3", "sha256": "f3a3dd5d86ad5c50f1618ccc24f921b6c88a3450c027f13000753feb3f78596c", "size": 2618, "type": "file", "uid": 0}
  actual:   MISSING
MISMATCH /usr/share/man/man3/Pod::Perldoc::BaseTo.3
  expected: {"gid": 0, "mode": 420, "path": "/usr/share/man/man3/Pod::Perldoc::BaseTo.3", "sha256": "35fe6c82abf3847f86ac73712c672adc20b50c5fa92b45dd1a96be455b8dd2df", "size": 3001, "type": "file", "uid": 0}
  actual:   MISSING
MISMATCH /usr/share/man/man3/Pod::Perldoc::GetOptsOO.3
  expected: {"gid": 0, "mode": 420, "path": "/usr/share/man/man3/Pod::Perldoc::GetOptsOO.3", "sha256": "85eef035e82f13e608797f3056f1bed91e5c8f9da1a9b149f9e01c2633a43d5f", "size": 4694, "type": "file", "uid": 0}
  actual:   MISSING
MISMATCH /usr/share/man/man3/Pod::Perldoc::ToANSI.3
  expected: {"gid": 0, "mode": 420, "path": "/usr/share/man/man3/Pod::Perldoc::ToANSI.3", "sha256": "31e429550d32d8dc11bbb7ab40b833a066a5c7f4341bec6b43185107e0c9921b", "size": 3075, "type": "file", "uid": 0}
  actual:   MISSING
MISMATCH /usr/share/man/man3/Pod::Perldoc::ToChecker.3
  expected: {"gid": 0, "mode": 420, "path": "/usr/share/man/man3/Pod::Perldoc::ToChecker.3", "sha256": "e1d35dbbcc3d89f9483a3c015efadda52b34f067e6d406056d10e6239fae6f07", "size": 3014, "type": "file", "uid": 0}
  actual:   MISSING
MISMATCH /usr/share/man/man3/Pod::Perldoc::ToMan.3
  expected: {"gid": 0, "mode": 420, "path": "/usr/share/man/man3/Pod::Perldoc::ToMan.3", "sha256": "95fef7d127502f5fa8fde46113e0c1c076fab81468f80b87685865c7ab899a4b", "size": 3238, "type": "file", "uid": 0}
  actual:   MISSING
MISMATCH /usr/share/man/man3/Pod::Perldoc::ToNroff.3
  expected: {"gid": 0, "mode": 420, "path": "/usr/share/man/man3/Pod::Perldoc::ToNroff.3", "sha256": "1fbf659ba3ab82f95e442dbd0812adcaa6b0eca1f88fb5668a8dfee5d6ade2d8", "size": 3183, "type": "file", "uid": 0}
  actual:   MISSING
MISMATCH /usr/share/man/man3/Pod::Perldoc::ToPod.3
  expected: {"gid": 0, "mode": 420, "path": "/usr/share/man/man3/Pod::Perldoc::ToPod.3", "sha256": "1d34f64aa8b78f5d9e0c5ed693dc66b1b7e933ccca5a777b11abf34028527f21", "size": 2897, "type": "file", "uid": 0}
  actual:   MISSING
MISMATCH /usr/share/man/man3/Pod::Perldoc::ToRtf.3
  expected: {"gid": 0, "mode": 420, "path": "/usr/share/man/man3/Pod::Perldoc::ToRtf.3", "sha256": "935b7036a8b7884685e0e43e21a63245af8301cd41becfa3271ef21a667dc2cf", "size": 3504, "type": "file", "uid": 0}
  actual:   MISSING
MISMATCH /usr/share/man/man3/Pod::Perldoc::ToTerm.3
  expected: {"gid": 0, "mode": 420, "path": "/usr/share/man/man3/Pod::Perldoc::ToTerm.3", "sha256": "4f5cd9f47ac16ef51034a9819998e8243505fd138590d7c39e3a36a702f7a621", "size": 3195, "type": "file", "uid": 0}
  actual:   MISSING
MISMATCH /usr/share/man/man3/Pod::Perldoc::ToText.3
  expected: {"gid": 0, "mode": 420, "path": "/usr/share/man/man3/Pod::Perldoc::ToText.3", "sha256": "e1d21ca30472240b642cd4fad73564146a8776b89ca09f43361219e7d9327fe0", "size": 3061, "type": "file", "uid": 0}
  actual:   MISSING
MISMATCH /usr/share/man/man3/Pod::Perldoc::ToTk.3
  expected: {"gid": 0, "mode": 420, "path": "/usr/share/man/man3/Pod::Perldoc::ToTk.3", "sha256": "2f5af98cc60e2fad825d0bf20ac098329974ec4797f640834f72e6f08bb2dcce", "size": 2461, "type": "file", "uid": 0}
  actual:   MISSING
MISMATCH /usr/share/man/man3/Pod::Perldoc::ToXml.3
  expected: {"gid": 0, "mode": 420, "path": "/usr/share/man/man3/Pod::Perldoc::ToXml.3", "sha256": "d3d5eff67b3d66f3fa187326fa702ddd39aa38e4ee53946eecae4c912df77fb6", "size": 2957, "type": "file", "uid": 0}
  actual:   MISSING
MISMATCH /usr/share/man/man3/Pod::Simple.3
  expected: {"gid": 0, "mode": 420, "path": "/usr/share/man/man3/Pod::Simple.3", "sha256": "e42ab78d396e78c83515752efe89d9fa6588e0163cb15df8e6302b4e47541a9e", "size": 23263, "type": "file", "uid": 0}
  actual:   MISSING
MISMATCH /usr/share/man/man3/Pod::Simple::Checker.3
  expected: {"gid": 0, "mode": 420, "path": "/usr/share/man/man3/Pod::Simple::Checker.3", "sha256": "43a959421be396fb19464694d2d896cad707ec36cd9d1627c5273c2ec6d513e5", "size": 3612, "type": "file", "uid": 0}
  actual:   MISSING
MISMATCH /usr/share/man/man3/Pod::Simple::Debug.3
  expected: {"gid": 0, "mode": 420, "path": "/usr/share/man/man3/Pod::Simple::Debug.3", "sha256": "0eb7e81726b23ba0dc7022e69d357a842972440d15e1e1578b06e2125dffeb8a", "size": 4917, "type": "file", "uid": 0}
  actual:   MISSING
MISMATCH /usr/share/man/man3/Pod::Simple::DumpAsText.3
  expected: {"gid": 0, "mode": 420, "path": "/usr/share/man/man3/Pod::Simple::DumpAsText.3", "sha256": "2f22ba16276333f2d1825473f1fff4ff8529f6dba418bbcd91f8034dcae129e8", "size": 3629, "type": "file", "uid": 0}
  actual:   MISSING
MISMATCH /usr/share/man/man3/Pod::Simple::DumpAsXML.3
  expected: {"gid": 0, "mode": 420, "path": "/usr/share/man/man3/Pod::Simple::DumpAsXML.3", "sha256": "6de26f8d1a7ef3c0b237893f808e288f47392a1ba72557d8123f7c8fbf20e553", "size": 4093, "type": "file", "uid": 0}
  actual:   MISSING
MISMATCH /usr/share/man/man3/Pod::Simple::HTML.3
  expected: {"gid": 0, "mode": 420, "path": "/usr/share/man/man3/Pod::Simple::HTML.3", "sha256": "e30c30efa5794dc3a7bad765c73da25fc8764ba239d3ca93b85a6ffa50ef4cec", "size": 9932, "type": "file", "uid": 0}
  actual:   MISSING
MISMATCH /usr/share/man/man3/Pod::Simple::HTMLBatch.3
  expected: {"gid": 0, "mode": 420, "path": "/usr/share/man/man3/Pod::Simple::HTMLBatch.3", "sha256": "d23e03102b1c539aa600fb61425413b011c6519ef6c8ebed34b037c536215e85", "size": 15023, "type": "file", "uid": 0}
  actual:   MISSING
MISMATCH /usr/share/man/man3/Pod::Simple::JustPod.3
  expected: {"gid": 0, "mode": 420, "path": "/usr/share/man/man3/Pod::Simple::JustPod.3", "sha256": "2136885e3409c81d870abd3cb252959037037b83bf15bef88704db58cb91fbcf", "size": 4562, "type": "file", "uid": 0}
  actual:   MISSING
MISMATCH /usr/share/man/man3/Pod::Simple::LinkSection.3
  expected: {"gid": 0, "mode": 420, "path": "/usr/share/man/man3/Pod::Simple::LinkSection.3", "sha256": "6732b98d62e00b65d8b471e2fd071bb598478fc539171ff17c7cff5f4615ed72", "size": 4790, "type": "file", "uid": 0}
  actual:   MISSING
MISMATCH /usr/share/man/man3/Pod::Simple::Methody.3
  expected: {"gid": 0, "mode": 420, "path": "/usr/share/man/man3/Pod::Simple::Methody.3", "sha256": "25a45709caeebf8a939c6a687d929a5c6ce10817240df8e5f25f46da9f228e17", "size": 4945, "type": "file", "uid": 0}
  actual:   MISSING
MISMATCH /usr/share/man/man3/Pod::Simple::PullParser.3
  expected: {"gid": 0, "mode": 420, "path": "/usr/share/man/man3/Pod::Simple::PullParser.3", "sha256": "9d99c617f6586d44f4720d6381b60363a22885f00808080fbe025c47e2a0ba53", "size": 11466, "type": "file", "uid": 0}
  actual:   MISSING
MISMATCH /usr/share/man/man3/Pod::Simple::PullParserEndToken.3
  expected: {"gid": 0, "mode": 420, "path": "/usr/share/man/man3/Pod::Simple::PullParserEndToken.3", "sha256": "814b830f0fe2aabbeed7584370591f3f94fe070ef8278afa02733ca6f76ed4b8", "size": 4718, "type": "file", "uid": 0}
  actual:   MISSING
MISMATCH /usr/share/man/man3/Pod::Simple::PullParserStartToken.3
  expected: {"gid": 0, "mode": 420, "path": "/usr/share/man/man3/Pod::Simple::PullParserStartToken.3", "sha256": "1789d8eca01ca0e27a90f4c9c6bef36f68d423d020c7fbe582d0363083058284", "size": 5908, "type": "file", "uid": 0}
  actual:   MISSING
MISMATCH /usr/share/man/man3/Pod::Simple::PullParserTextToken.3
  expected: {"gid": 0, "mode": 420, "path": "/usr/share/man/man3/Pod::Simple::PullParserTextToken.3", "sha256": "6a925ce45316d9f3969119819c2b95218f2d4f3a3be03b1dbc82e31bba0316fd", "size": 5160, "type": "file", "uid": 0}
  actual:   MISSING
MISMATCH /usr/share/man/man3/Pod::Simple::PullParserToken.3
  expected: {"gid": 0, "mode": 420, "path": "/usr/share/man/man3/Pod::Simple::PullParserToken.3", "sha256": "f8cd8fbd2c5357c1873e79bfe1eff9d38f4af2d1ec926403d2037280b3d30126", "size": 5400, "type": "file", "uid": 0}
  actual:   MISSING
MISMATCH /usr/share/man/man3/Pod::Simple::RTF.3
  expected: {"gid": 0, "mode": 420, "path": "/usr/share/man/man3/Pod::Simple::RTF.3", "sha256": "b9e91c947fa3b71a2934f8a099529325d6a3acff6222c93137bd58f29ea448bc", "size": 7220, "type": "file", "uid": 0}
  actual:   MISSING
MISMATCH /usr/share/man/man3/Pod::Simple::Search.3
  expected: {"gid": 0, "mode": 420, "path": "/usr/share/man/man3/Pod::Simple::Search.3", "sha256": "61be352aa4f74e0604a7e57b192ab8edd7cfa4e044d2d6b12b4cce38031385e1", "size": 19479, "type": "file", "uid": 0}
  actual:   MISSING
MISMATCH /usr/share/man/man3/Pod::Simple::SimpleTree.3
  expected: {"gid": 0, "mode": 420, "path": "/usr/share/man/man3/Pod::Simple::SimpleTree.3", "sha256": "12a0db2ccb71935aa5f10f1fb4fa1f33308735a67bc336f434d5b5692aa57c19", "size": 5071, "type": "file", "uid": 0}
  actual:   MISSING
MISMATCH /usr/share/man/man3/Pod::Simple::Subclassing.3
  expected: {"gid": 0, "mode": 420, "path": "/usr/share/man/man3/Pod::Simple::Subclassing.3", "sha256": "d9cab62175735ec31af5a02abf58a246950b073de5aab4e1c77403f83ab95bbc", "size": 43231, "type": "file", "uid": 0}
  actual:   MISSING
MISMATCH /usr/share/man/man3/Pod::Simple::Text.3
  expected: {"gid": 0, "mode": 420, "path": "/usr/share/man/man3/Pod::Simple::Text.3", "sha256": "d9269b35459a5a60e14fbb3fa08695339a26d61ef2df9cdc01ada1c716450a1d", "size": 3529, "type": "file", "uid": 0}
  actual:   MISSING
MISMATCH /usr/share/man/man3/Pod::Simple::TextContent.3
  expected: {"gid": 0, "mode": 420, "path": "/usr/share/man/man3/Pod::Simple::TextContent.3", "sha256": "1812023269259bb211b22d23889ba5314a4cc87ea2f94d6e8ec55c3cc40fd213", "size": 3555, "type": "file", "uid": 0}
  actual:   MISSING
MISMATCH /usr/share/man/man3/Pod::Simple::XHTML.3
  expected: {"gid": 0, "mode": 420, "path": "/usr/share/man/man3/Pod::Simple::XHTML.3", "sha256": "0d904a68c2d5f73cc0cbc1830c8de8a6a3c5f68fb4737ce76f2ee144bc87f8a9", "size": 15629, "type": "file", "uid": 0}
  actual:   MISSING
MISMATCH /usr/share/man/man3/Pod::Simple::XMLOutStream.3
  expected: {"gid": 0, "mode": 420, "path": "/usr/share/man/man3/Pod::Simple::XMLOutStream.3", "sha256": "b6f4ca4e96e76d659c7d74e94986479583cac670cd04130ccf7bd542cd0f4495", "size": 3901, "type": "file", "uid": 0}
  actual:   MISSING
MISMATCH /usr/share/man/man3/Pod::Text.3
  expected: {"gid": 0, "mode": 420, "path": "/usr/share/man/man3/Pod::Text.3", "sha256": "59f354d00d07f01e625b8c7980226697e040f045e93ddbf89019fd7c3895c60c", "size": 19429, "type": "file", "uid": 0}
  actual:   MISSING
MISMATCH /usr/share/man/man3/Pod::Text::Color.3
  expected: {"gid": 0, "mode": 420, "path": "/usr/share/man/man3/Pod::Text::Color.3", "sha256": "bf0f01f8d536a5f9700183c312799692ded4368321219634d937fbb802b1b400", "size": 3932, "type": "file", "uid": 0}
  actual:   MISSING
MISMATCH /usr/share/man/man3/Pod::Text::Overstrike.3
  expected: {"gid": 0, "mode": 420, "path": "/usr/share/man/man3/Pod::Text::Overstrike.3", "sha256": "887417272bb01847856130bd68d21f79a2c8af53287b0d46347f922c15f0ef0d", "size": 4720, "type": "file", "uid": 0}
  actual:   MISSING
MISMATCH /usr/share/man/man3/Pod::Text::Termcap.3
  expected: {"gid": 0, "mode": 420, "path": "/usr/share/man/man3/Pod::Text::Termcap.3", "sha256": "995d9929201c9e2bc90986b08048c5e0cb28049b9cc6ebbba193dad40d32e86a", "size": 4648, "type": "file", "uid": 0}
  actual:   MISSING
MISMATCH /usr/share/man/man3/Pod::Usage.3
  expected: {"gid": 0, "mode": 420, "path": "/usr/share/man/man3/Pod::Usage.3", "sha256": "3ea89ae561fcc4321021b342f89ff016a7d3bb9ea9c13ddaffa5e9716fb4d3e4", "size": 21549, "type": "file", "uid": 0}
  actual:   MISSING
MISMATCH /usr/share/man/man3/SDBM_File.3
  expected: {"gid": 0, "mode": 420, "path": "/usr/share/man/man3/SDBM_File.3", "sha256": "19f2370dfeb234782a5644bc7a56f6a373956515ef33adbdd6f9fe4283c86226", "size": 5962, "type": "file", "uid": 0}
  actual:   MISSING
MISMATCH /usr/share/man/man3/Safe.3
  expected: {"gid": 0, "mode": 420, "path": "/usr/share/man/man3/Safe.3", "sha256": "aeed4337621039754f4c7ca0538057536311d31af3fa552974ee440b642fba7d", "size": 15472, "type": "file", "uid": 0}
  actual:   MISSING
MISMATCH /usr/share/man/man3/Scalar::List::Utils.3
  expected: {"gid": 0, "mode": 420, "path": "/usr/share/man/man3/Scalar::List::Utils.3", "sha256": "64217ec83f09c6d74a8552e6f6b4440c4900ed434f96044d8fbcc931fbda71c3", "size": 2463, "type": "file", "uid": 0}
  actual:   MISSING
MISMATCH /usr/share/man/man3/Scalar::Util.3
  expected: {"gid": 0, "mode": 420, "path": "/usr/share/man/man3/Scalar::Util.3", "sha256": "cbd1ddbaadd569911aaa9872521469f4801744019b9a3d6a4a68b767ba2da6db", "size": 13124, "type": "file", "uid": 0}
  actual:   MISSING
MISMATCH /usr/share/man/man3/Search::Dict.3
  expected: {"gid": 0, "mode": 420, "path": "/usr/share/man/man3/Search::Dict.3", "sha256": "9b0fb04f9c894138d3ac5b3ac54b46ed8ac712c751f5246bcb18a86ddb46c594", "size": 3034, "type": "file", "uid": 0}
  actual:   MISSING
MISMATCH /usr/share/man/man3/SelectSaver.3
  expected: {"gid": 0, "mode": 420, "path": "/usr/share/man/man3/SelectSaver.3", "sha256": "4658817655347fc9dd4f1ed19182af44136dcececa9718116c2899bdb5e7d9dc", "size": 2486, "type": "file", "uid": 0}
  actual:   MISSING
MISMATCH /usr/share/man/man3/SelfLoader.3
  expected: {"gid": 0, "mode": 420, "path": "/usr/share/man/man3/SelfLoader.3", "sha256": "3e9082611be142aed4bdf5e7a4e4da30f67246f30a68afa8b6e4c6b432a8aa4f", "size": 14335, "type": "file", "uid": 0}
  actual:   MISSING
MISMATCH /usr/share/man/man3/Socket.3
  expected: {"gid": 0, "mode": 420, "path": "/usr/share/man/man3/Socket.3", "sha256": "dee2f466fe5d603c49a092462bfef45e08484d2dff6b077c289c1cf51476112b", "size": 33215, "type": "file", "uid": 0}
  actual:   MISSING
MISMATCH /usr/share/man/man3/Storable.3
  expected: {"gid": 0, "mode": 420, "path": "/usr/share/man/man3/Storable.3", "sha256": "043ffe154b15bfa661c8516121a2a6708783ac8adba7773b944c90cba4d6dda9", "size": 44533, "type": "file", "uid": 0}
  actual:   MISSING
MISMATCH /usr/share/man/man3/Sub::Util.3
  expected: {"gid": 0, "mode": 420, "path": "/usr/share/man/man3/Sub::Util.3", "sha256": "fe65c5e01e6f2fd64b16f08a5ede54f0f21fd6cd37044778948cfc76ad17ccf3", "size": 6312, "type": "file", "uid": 0}
  actual:   MISSING
MISMATCH /usr/share/man/man3/Symbol.3
  expected: {"gid": 0, "mode": 420, "path": "/usr/share/man/man3/Symbol.3", "sha256": "bcc8325183486b0ca5a8a06c86035e2325fcd999c6b455c9ae36030f9dd5ba44", "size": 4711, "type": "file", "uid": 0}
  actual:   MISSING
MISMATCH /usr/share/man/man3/Sys::Hostname.3
  expected: {"gid": 0, "mode": 420, "path": "/usr/share/man/man3/Sys::Hostname.3", "sha256": "2b661970c06a55f1c3dcd20949b228f156481649ac0b2c1a0101051f85205c88", "size": 2443, "type": "file", "uid": 0}
  actual:   MISSING
MISMATCH /usr/share/man/man3/Sys::Syslog.3
  expected: {"gid": 0, "mode": 420, "path": "/usr/share/man/man3/Sys::Syslog.3", "sha256": "2e8869a71ccfd94e5663b60403a6e966b4c1b24db815e1e997852ea9a0998604", "size": 28255, "type": "file", "uid": 0}
  actual:   MISSING
MISMATCH /usr/share/man/man3/TAP::Base.3
  expected: {"gid": 0, "mode": 420, "path": "/usr/share/man/man3/TAP::Base.3", "sha256": "c0dbb63f172e16248f193a4d7ceda8f633d556a8333715c58b1f9a4d0c2eef73", "size": 2824, "type": "file", "uid": 0}
  actual:   MISSING
MISMATCH /usr/share/man/man3/TAP::Formatter::Base.3
  expected: {"gid": 0, "mode": 420, "path": "/usr/share/man/man3/TAP::Formatter::Base.3", "sha256": "6649d77b93c9d2d24c144434d1f953eaca8a98e3ac1765ddd5317cceaa7e0ab9", "size": 5630, "type": "file", "uid": 0}
  actual:   MISSING
MISMATCH /usr/share/man/man3/TAP::Formatter::Color.3
  expected: {"gid": 0, "mode": 420, "path": "/usr/share/man/man3/TAP::Formatter::Color.3", "sha256": "332108dd978c0bb32d5ddd6b826f3f65b482362783424a4162ad469b827df5c3", "size": 3159, "type": "file", "uid": 0}
  actual:   MISSING
MISMATCH /usr/share/man/man3/TAP::Formatter::Console.3
  expected: {"gid": 0, "mode": 420, "path": "/usr/share/man/man3/TAP::Formatter::Console.3", "sha256": "67ab3f2551545c31b893891aa56af880c70321d2de6442654d6163a030902c9c", "size": 2147, "type": "file", "uid": 0}
  actual:   MISSING
MISMATCH /usr/share/man/man3/TAP::Formatter::Console::ParallelSession.3
  expected: {"gid": 0, "mode": 420, "path": "/usr/share/man/man3/TAP::Formatter::Console::ParallelSession.3", "sha256": "ea4af40e391c10686872599b60abfc2698ba14499770e4a475616a18187dd985", "size": 2494, "type": "file", "uid": 0}
  actual:   MISSING
MISMATCH /usr/share/man/man3/TAP::Formatter::Console::Session.3
  expected: {"gid": 0, "mode": 420, "path": "/usr/share/man/man3/TAP::Formatter::Console::Session.3", "sha256": "aeb2c46d72c4ed770a427fc143d670616595667b70cbea2ddd354f8dafad2ee1", "size": 2253, "type": "file", "uid": 0}
  actual:   MISSING
MISMATCH /usr/share/man/man3/TAP::Formatter::File.3
  expected: {"gid": 0, "mode": 420, "path": "/usr/share/man/man3/TAP::Formatter::File.3", "sha256": "27d147bbbce0f59fb4e29d79e1d6977d21e35e9961c1aff5624803afc499987c", "size": 2118, "type": "file", "uid": 0}
  actual:   MISSING
MISMATCH /usr/share/man/man3/TAP::Formatter::File::Session.3
  expected: {"gid": 0, "mode": 420, "path": "/usr/share/man/man3/TAP::Formatter::File::Session.3", "sha256": "9ff1674eb04ddfb218bffa0fd9195fd694ef437bb5cccbfe22a8998ca7795194", "size": 2270, "type": "file", "uid": 0}
  actual:   MISSING
MISMATCH /usr/share/man/man3/TAP::Formatter::Session.3
  expected: {"gid": 0, "mode": 420, "path": "/usr/share/man/man3/TAP::Formatter::Session.3", "sha256": "6c807e208df8e9b497feb1a309bb83af774b3e14a568c640e25c8c5417cc3b93", "size": 3029, "type": "file", "uid": 0}
  actual:   MISSING
MISMATCH /usr/share/man/man3/TAP::Harness.3
  expected: {"gid": 0, "mode": 420, "path": "/usr/share/man/man3/TAP::Harness.3", "sha256": "e6125837cc1e827d0fd29a7bff85428a9e42d53282db537f846a7088d724ca88", "size": 20324, "type": "file", "uid": 0}
  actual:   MISSING
MISMATCH /usr/share/man/man3/TAP::Harness::Beyond.3
  expected: {"gid": 0, "mode": 420, "path": "/usr/share/man/man3/TAP::Harness::Beyond.3", "sha256": "7d537c0cfab75b19f29e82191c0ab51d0d1c1fd57e43c4a4e36ad6ab6e37ac42", "size": 18649, "type": "file", "uid": 0}
  actual:   MISSING
MISMATCH /usr/share/man/man3/TAP::Harness::Env.3
  expected: {"gid": 0, "mode": 420, "path": "/usr/share/man/man3/TAP::Harness::Env.3", "sha256": "0773e9943e8df6aa0f4d28d374810445354207a58cd824b94823eac4fa4d9c85", "size": 4857, "type": "file", "uid": 0}
  actual:   MISSING
MISMATCH /usr/share/man/man3/TAP::Object.3
  expected: {"gid": 0, "mode": 420, "path": "/usr/share/man/man3/TAP::Object.3", "sha256": "cddcbcf4d818d367349b65222d659c9c6ad73f04b9a32551d3f5997d3feb531f", "size": 3912, "type": "file", "uid": 0}
  actual:   MISSING
MISMATCH /usr/share/man/man3/TAP::Parser.3
  expected: {"gid": 0, "mode": 420, "path": "/usr/share/man/man3/TAP::Parser.3", "sha256": "a2947c86477da36477faba7b66b467bbea24507f9e6ea0a0fcffac656fe40f16", "size": 41071, "type": "file", "uid": 0}
  actual:   MISSING
MISMATCH /usr/share/man/man3/TAP::Parser::Aggregator.3
  expected: {"gid": 0, "mode": 420, "path": "/usr/share/man/man3/TAP::Parser::Aggregator.3", "sha256": "8856b2b86b130e7d78c61501c5dae69e4933856d97ad795fbee6887edf6bedc5", "size": 7425, "type": "file", "uid": 0}
  actual:   MISSING
MISMATCH /usr/share/man/man3/TAP::Parser::Grammar.3
  expected: {"gid": 0, "mode": 420, "path": "/usr/share/man/man3/TAP::Parser::Grammar.3", "sha256": "f812587a6d4df1275648b92a667f0d9f1d54d04124ecbf3a02a37e0827551660", "size": 8032, "type": "file", "uid": 0}
  actual:   MISSING
MISMATCH /usr/share/man/man3/TAP::Parser::Iterator.3
  expected: {"gid": 0, "mode": 420, "path": "/usr/share/man/man3/TAP::Parser::Iterator.3", "sha256": "803d96f3aa4aa5d194e30fd0c02fab22ba1ac54f225f10fce79b802b8673f979", "size": 4420, "type": "file", "uid": 0}
  actual:   MISSING
MISMATCH /usr/share/man/man3/TAP::Parser::Iterator::Array.3
  expected: {"gid": 0, "mode": 420, "path": "/usr/share/man/man3/TAP::Parser::Iterator::Array.3", "sha256": "a865c5bf8296c4c01fa84b67fc71563a0141f72fa806f8fab7df2a33d303d930", "size": 3217, "type": "file", "uid": 0}
  actual:   MISSING
MISMATCH /usr/share/man/man3/TAP::Parser::Iterator::Process.3
  expected: {"gid": 0, "mode": 420, "path": "/usr/share/man/man3/TAP::Parser::Iterator::Process.3", "sha256": "a06840d0a03c8f982f0a8b522833bf1b0a48c7a73df305e1aaffc2186d4aa1bf", "size": 4044, "type": "file", "uid": 0}
  actual:   MISSING
MISMATCH /usr/share/man/man3/TAP::Parser::Iterator::Stream.3
  expected: {"gid": 0, "mode": 420, "path": "/usr/share/man/man3/TAP::Parser::Iterator::Stream.3", "sha256": "c393e1bf5707ad4a1a168fac33fd814016964057885fc22657463f599f8045a6", "size": 3158, "type": "file", "uid": 0}
  actual:   MISSING
MISMATCH /usr/share/man/man3/TAP::Parser::IteratorFactory.3
  expected: {"gid": 0, "mode": 420, "path": "/usr/share/man/man3/TAP::Parser::IteratorFactory.3", "sha256": "ecefb2971cb995d9ec66f7eb62b6da8ce4a403e7c1aed08e49c22e2660393700", "size": 6289, "type": "file", "uid": 0}
  actual:   MISSING
MISMATCH /usr/share/man/man3/TAP::Parser::Multiplexer.3
  expected: {"gid": 0, "mode": 420, "path": "/usr/share/man/man3/TAP::Parser::Multiplexer.3", "sha256": "20980b52ac60025a837407f60e6cbf8efe043fed97c158ea01561814a30d47ee", "size": 4083, "type": "file", "uid": 0}
  actual:   MISSING
MISMATCH /usr/share/man/man3/TAP::Parser::Result.3
  expected: {"gid": 0, "mode": 420, "path": "/usr/share/man/man3/TAP::Parser::Result.3", "sha256": "c33192bd6e3b5ae29c38344ee7f2521b0bf31e3fb7212693bdaee3470e0d0b6d", "size": 6852, "type": "file", "uid": 0}
  actual:   MISSING
MISMATCH /usr/share/man/man3/TAP::Parser::Result::Bailout.3
  expected: {"gid": 0, "mode": 420, "path": "/usr/share/man/man3/TAP::Parser::Result::Bailout.3", "sha256": "cc2d9a6829d3c22818950040d2ddf0c612ac9d7093ce663aa885df9f2f6415ca", "size": 2707, "type": "file", "uid": 0}
  actual:   MISSING
MISMATCH /usr/share/man/man3/TAP::Parser::Result::Comment.3
  expected: {"gid": 0, "mode": 420, "path": "/usr/share/man/man3/TAP::Parser::Result::Comment.3", "sha256": "8dae706afa840ad00228f1a60d6326c8b6b9bec138fe0af490d5f9ef5deff306", "size": 2556, "type": "file", "uid": 0}
  actual:   MISSING
MISMATCH /usr/share/man/man3/TAP::Parser::Result::Plan.3
  expected: {"gid": 0, "mode": 420, "path": "/usr/share/man/man3/TAP::Parser::Result::Plan.3", "sha256": "f951a3ef6cf53fae547ab05ca30e754320b66cd1dc11eb24113eb12efe6accff", "size": 3603, "type": "file", "uid": 0}
  actual:   MISSING
MISMATCH /usr/share/man/man3/TAP::Parser::Result::Pragma.3
  expected: {"gid": 0, "mode": 420, "path": "/usr/share/man/man3/TAP::Parser::Result::Pragma.3", "sha256": "785a2e9f37fc0986a64d5dfab6c827cb2676ca856f23659400692d93be304a86", "size": 2494, "type": "file", "uid": 0}
  actual:   MISSING
MISMATCH /usr/share/man/man3/TAP::Parser::Result::Test.3
  expected: {"gid": 0, "mode": 420, "path": "/usr/share/man/man3/TAP::Parser::Result::Test.3", "sha256": "8cc12287e47c684c231606ec8fc707c18bd3470677e9296310e2277c250f209c", "size": 6542, "type": "file", "uid": 0}
  actual:   MISSING
MISMATCH /usr/share/man/man3/TAP::Parser::Result::Unknown.3
  expected: {"gid": 0, "mode": 420, "path": "/usr/share/man/man3/TAP::Parser::Result::Unknown.3", "sha256": "e9f1f4631f529fdc09a840e87b8220a3313e990b3d91bcbf21c8a88096b5706d", "size": 2375, "type": "file", "uid": 0}
  actual:   MISSING
MISMATCH /usr/share/man/man3/TAP::Parser::Result::Version.3
  expected: {"gid": 0, "mode": 420, "path": "/usr/share/man/man3/TAP::Parser::Result::Version.3", "sha256": "d2faee19dc456e7dffc01f1bdd85d0d46b7f61e02aa0c20abfac257dab28f422", "size": 2575, "type": "file", "uid": 0}
  actual:   MISSING
MISMATCH /usr/share/man/man3/TAP::Parser::Result::YAML.3
  expected: {"gid": 0, "mode": 420, "path": "/usr/share/man/man3/TAP::Parser::Result::YAML.3", "sha256": "e967543dd1221c213b051d1f7d0a70b397d752c59e4bbd88209b707d152136de", "size": 2500, "type": "file", "uid": 0}
  actual:   MISSING
MISMATCH /usr/share/man/man3/TAP::Parser::ResultFactory.3
  expected: {"gid": 0, "mode": 420, "path": "/usr/share/man/man3/TAP::Parser::ResultFactory.3", "sha256": "8b3accc91d95b58e6b990f188bc3e518f1bc9a26b8f4e2ae9fcf7ada3d125ab4", "size": 4930, "type": "file", "uid": 0}
  actual:   MISSING
MISMATCH /usr/share/man/man3/TAP::Parser::Scheduler.3
  expected: {"gid": 0, "mode": 420, "path": "/usr/share/man/man3/TAP::Parser::Scheduler.3", "sha256": "bc31b7a5d8a89f3ee7f6d2dcb2fbea040ad0f8be6293fba7cf4ebe6c74f46cdc", "size": 7554, "type": "file", "uid": 0}
  actual:   MISSING
MISMATCH /usr/share/man/man3/TAP::Parser::Scheduler::Job.3
  expected: {"gid": 0, "mode": 420, "path": "/usr/share/man/man3/TAP::Parser::Scheduler::Job.3", "sha256": "09791293740bb0c203e57813e0c7d97d8a851bbf6582df6af04619b59a82fe20", "size": 3764, "type": "file", "uid": 0}
  actual:   MISSING
MISMATCH /usr/share/man/man3/TAP::Parser::Scheduler::Spinner.3
  expected: {"gid": 0, "mode": 420, "path": "/usr/share/man/man3/TAP::Parser::Scheduler::Spinner.3", "sha256": "baef5812052d2c536db263c0ff521019f989efba1d0b81c965acf8d13369650a", "size": 2794, "type": "file", "uid": 0}
  actual:   MISSING
MISMATCH /usr/share/man/man3/TAP::Parser::Source.3
  expected: {"gid": 0, "mode": 420, "path": "/usr/share/man/man3/TAP::Parser::Source.3", "sha256": "32d6f905e35c2d1435589a2d5f44dabc0a3db00cbb3faad24a1dacd6c96e4d5b", "size": 7552, "type": "file", "uid": 0}
  actual:   MISSING
MISMATCH /usr/share/man/man3/TAP::Parser::SourceHandler.3
  expected: {"gid": 0, "mode": 420, "path": "/usr/share/man/man3/TAP::Parser::SourceHandler.3", "sha256": "6c0159102215a6c795265406546917a0c0a1f8842c6429c857b53a6c440faea9", "size": 6947, "type": "file", "uid": 0}
  actual:   MISSING
MISMATCH /usr/share/man/man3/TAP::Parser::SourceHandler::Executable.3
  expected: {"gid": 0, "mode": 420, "path": "/usr/share/man/man3/TAP::Parser::SourceHandler::Executable.3", "sha256": "dce82d20534e9c0b3a7a840a6ffcafce1151a2c11e0f66ab26eb6bcefb00b37d", "size": 4713, "type": "file", "uid": 0}
  actual:   MISSING
MISMATCH /usr/share/man/man3/TAP::Parser::SourceHandler::File.3
  expected: {"gid": 0, "mode": 420, "path": "/usr/share/man/man3/TAP::Parser::SourceHandler::File.3", "sha256": "93276b9bee4fb1c37d2241b63433ee36ad15d869c5928e2c5ac61a5c40c9f091", "size": 3978, "type": "file", "uid": 0}
  actual:   MISSING
MISMATCH /usr/share/man/man3/TAP::Parser::SourceHandler::Handle.3
  expected: {"gid": 0, "mode": 420, "path": "/usr/share/man/man3/TAP::Parser::SourceHandler::Handle.3", "sha256": "7f4777abb46f49102fff44773851d1b2da9f6402b78e015d7c7e0f8e194e8777", "size": 3817, "type": "file", "uid": 0}
  actual:   MISSING
MISMATCH /usr/share/man/man3/TAP::Parser::SourceHandler::Perl.3
  expected: {"gid": 0, "mode": 420, "path": "/usr/share/man/man3/TAP::Parser::SourceHandler::Perl.3", "sha256": "296af4900db95ed46d5a4fe53d074293afe8a3c167465bdfe652f881635a9bd5", "size": 5668, "type": "file", "uid": 0}
  actual:   MISSING
MISMATCH /usr/share/man/man3/TAP::Parser::SourceHandler::RawTAP.3
  expected: {"gid": 0, "mode": 420, "path": "/usr/share/man/man3/TAP::Parser::SourceHandler::RawTAP.3", "sha256": "75845f0b47d448f77a33e9b1e1297c63166c58f3e7b61179372490b193e8acb1", "size": 3823, "type": "file", "uid": 0}
  actual:   MISSING
MISMATCH /usr/share/man/man3/TAP::Parser::YAMLish::Reader.3
  expected: {"gid": 0, "mode": 420, "path": "/usr/share/man/man3/TAP::Parser::YAMLish::Reader.3", "sha256": "a7737871c0f9e7f20784dce83c6f85ba6a43f1bd1bfe68d354b6142a7c6a644a", "size": 3402, "type": "file", "uid": 0}
  actual:   MISSING
MISMATCH /usr/share/man/man3/TAP::Parser::YAMLish::Writer.3
  expected: {"gid": 0, "mode": 420, "path": "/usr/share/man/man3/TAP::Parser::YAMLish::Writer.3", "sha256": "aa3fc1d111f3b13a9217cb19eec5ea72aca3671fec2471326cd50b62a3204479", "size": 4261, "type": "file", "uid": 0}
  actual:   MISSING
MISMATCH /usr/share/man/man3/Term::ANSIColor.3
  expected: {"gid": 0, "mode": 420, "path": "/usr/share/man/man3/Term::ANSIColor.3", "sha256": "b7e66e8796917ea64e2d8be2f7b7bd7e9eea8def0e89f090b76561b2ec8f18aa", "size": 39034, "type": "file", "uid": 0}
  actual:   MISSING
MISMATCH /usr/share/man/man3/Term::Cap.3
  expected: {"gid": 0, "mode": 420, "path": "/usr/share/man/man3/Term::Cap.3", "sha256": "55200be3dd8365836b9c45e721702700860351c203aad8a667bba702a66c0bb7", "size": 9835, "type": "file", "uid": 0}
  actual:   MISSING
MISMATCH /usr/share/man/man3/Term::Complete.3
  expected: {"gid": 0, "mode": 420, "path": "/usr/share/man/man3/Term::Complete.3", "sha256": "a8994fbf3a211ef79c60daff9f04079b9f893a2d2b4b940726f8c51e97a793a1", "size": 2857, "type": "file", "uid": 0}
  actual:   MISSING
MISMATCH /usr/share/man/man3/Term::ReadLine.3
  expected: {"gid": 0, "mode": 420, "path": "/usr/share/man/man3/Term::ReadLine.3", "sha256": "a2937cc2c1c67c0d196023046e0e797dd564ac1bcc47dcd1d1d85ebe05d9e0b4", "size": 9641, "type": "file", "uid": 0}
  actual:   MISSING
MISMATCH /usr/share/man/man3/Term::Table.3
  expected: {"gid": 0, "mode": 420, "path": "/usr/share/man/man3/Term::Table.3", "sha256": "d9a92e52e2c0c127ac44d5a8a7546a2f280d934e06f1a71671f1b141e9740168", "size": 9343, "type": "file", "uid": 0}
  actual:   MISSING
MISMATCH /usr/share/man/man3/Term::Table::Cell.3
  expected: {"gid": 0, "mode": 420, "path": "/usr/share/man/man3/Term::Table::Cell.3", "sha256": "52e4c0739b206a64891883952509898e9d72cff43edb37337e6919f82a76f1fb", "size": 2428, "type": "file", "uid": 0}
  actual:   MISSING
MISMATCH /usr/share/man/man3/Term::Table::CellStack.3
  expected: {"gid": 0, "mode": 420, "path": "/usr/share/man/man3/Term::Table::CellStack.3", "sha256": "8ab162439123eb7aa80397306ac865dfaa9dd4fa85c24f79fb77bcb6019d2aa3", "size": 2467, "type": "file", "uid": 0}
  actual:   MISSING
MISMATCH /usr/share/man/man3/Term::Table::HashBase.3
  expected: {"gid": 0, "mode": 420, "path": "/usr/share/man/man3/Term::Table::HashBase.3", "sha256": "20b559c7dcb5eaf7b64f86e9c26ca9782ce161d069506d077bc91a87480a72a2", "size": 11695, "type": "file", "uid": 0}
  actual:   MISSING
MISMATCH /usr/share/man/man3/Term::Table::LineBreak.3
  expected: {"gid": 0, "mode": 420, "path": "/usr/share/man/man3/Term::Table::LineBreak.3", "sha256": "9021e1ca0964165b75cd27ca58e6715cee767808a7d9f727b387a68f163e8f70", "size": 2740, "type": "file", "uid": 0}
  actual:   MISSING
MISMATCH /usr/share/man/man3/Term::Table::Util.3
  expected: {"gid": 0, "mode": 420, "path": "/usr/share/man/man3/Term::Table::Util.3", "sha256": "2e2fd5428a7a2ac15697bddbb73ff24a7adc92e09d9ea1a3e39922d54d711e95", "size": 3538, "type": "file", "uid": 0}
  actual:   MISSING
MISMATCH /usr/share/man/man3/Test.3
  expected: {"gid": 0, "mode": 420, "path": "/usr/share/man/man3/Test.3", "sha256": "6079d375c8a3504f727911781b167f8eabb31e911f5f1abfbe00ebaa6ffaefa8", "size": 21012, "type": "file", "uid": 0}
  actual:   MISSING
MISMATCH /usr/share/man/man3/Test2.3
  expected: {"gid": 0, "mode": 420, "path": "/usr/share/man/man3/Test2.3", "sha256": "29db8c929a99dc71be32ac4429f94f874436896b275b515a0da480d5dd1a4293", "size": 8807, "type": "file", "uid": 0}
  actual:   MISSING
MISMATCH /usr/share/man/man3/Test2::API.3
  expected: {"gid": 0, "mode": 420, "path": "/usr/share/man/man3/Test2::API.3", "sha256": "4bdf7eabe6045373c5d7ae1c426e5b615b0a846ba3987ba8f8a37a3847446c36", "size": 36846, "type": "file", "uid": 0}
  actual:   MISSING
MISMATCH /usr/share/man/man3/Test2::API::Breakage.3
  expected: {"gid": 0, "mode": 420, "path": "/usr/share/man/man3/Test2::API::Breakage.3", "sha256": "8155db391b29c874bf97e420ac098676cc999da1fe443103f37875cf8c12f8ac", "size": 4386, "type": "file", "uid": 0}
  actual:   MISSING
MISMATCH /usr/share/man/man3/Test2::API::Context.3
  expected: {"gid": 0, "mode": 420, "path": "/usr/share/man/man3/Test2::API::Context.3", "sha256": "a516a0cfb15f7a8ea81fa4c471c4d593cff4a0fb3adf2feb6dd91a2dc64af25f", "size": 23330, "type": "file", "uid": 0}
  actual:   MISSING
MISMATCH /usr/share/man/man3/Test2::API::Instance.3
  expected: {"gid": 0, "mode": 420, "path": "/usr/share/man/man3/Test2::API::Instance.3", "sha256": "5c1adc9cda87966a0bbcc326d72c2bca5a196868ff9766871d7680c3bacd73e5", "size": 12487, "type": "file", "uid": 0}
  actual:   MISSING
MISMATCH /usr/share/man/man3/Test2::API::InterceptResult.3
  expected: {"gid": 0, "mode": 420, "path": "/usr/share/man/man3/Test2::API::InterceptResult.3", "sha256": "6db75b7a7756b069ff7e7bfbc15061b3544c8919ef8a8a1a003f1c8db9172247", "size": 19922, "type": "file", "uid": 0}
  actual:   MISSING
MISMATCH /usr/share/man/man3/Test2::API::InterceptResult::Event.3
  expected: {"gid": 0, "mode": 420, "path": "/usr/share/man/man3/Test2::API::InterceptResult::Event.3", "sha256": "8a9153a9e64e14e81f3dbec4e09e57018fc2aa610e98e6f602ce2963645fbc60", "size": 24512, "type": "file", "uid": 0}
  actual:   MISSING
MISMATCH /usr/share/man/man3/Test2::API::InterceptResult::Hub.3
  expected: {"gid": 0, "mode": 420, "path": "/usr/share/man/man3/Test2::API::InterceptResult::Hub.3", "sha256": "898af480dc62095d3caac8910fe80d6f665da3b1b1eeeee4eb50f4dcbcfeb345", "size": 2354, "type": "file", "uid": 0}
  actual:   MISSING
MISMATCH /usr/share/man/man3/Test2::API::InterceptResult::Squasher.3
  expected: {"gid": 0, "mode": 420, "path": "/usr/share/man/man3/Test2::API::InterceptResult::Squasher.3", "sha256": "ce8e3039518eb7821b9ae772cdd54cb7b0b98e0d6c6bd5546dda3ac425df6b70", "size": 2483, "type": "file", "uid": 0}
  actual:   MISSING
MISMATCH /usr/share/man/man3/Test2::API::Stack.3
  expected: {"gid": 0, "mode": 420, "path": "/usr/share/man/man3/Test2::API::Stack.3", "sha256": "3d4f69ba3d6665f412759de87421d649b872c85b033aa57a5310085466daf7ce", "size": 5920, "type": "file", "uid": 0}
  actual:   MISSING
MISMATCH /usr/share/man/man3/Test2::AsyncSubtest.3
  expected: {"gid": 0, "mode": 420, "path": "/usr/share/man/man3/Test2::AsyncSubtest.3", "sha256": "93febaf9ea35ace2d021aab61487c1bc3ef5bcfef821542c1ee8bcab8348185a", "size": 12166, "type": "file", "uid": 0}
  actual:   MISSING
MISMATCH /usr/share/man/man3/Test2::AsyncSubtest::Event::Attach.3
  expected: {"gid": 0, "mode": 420, "path": "/usr/share/man/man3/Test2::AsyncSubtest::Event::Attach.3", "sha256": "a9d1fcb1a0d6ac34089255445ed41671b5ec2279d9ac46dff711864612f27c6e", "size": 2512, "type": "file", "uid": 0}
  actual:   MISSING
MISMATCH /usr/share/man/man3/Test2::AsyncSubtest::Event::Detach.3
  expected: {"gid": 0, "mode": 420, "path": "/usr/share/man/man3/Test2::AsyncSubtest::Event::Detach.3", "sha256": "4dbd4eb1bc06fd84bfd9db3da96bca7e4c801eaf4d0c35908e47b0d8fcbbc057", "size": 2514, "type": "file", "uid": 0}
  actual:   MISSING
MISMATCH /usr/share/man/man3/Test2::AsyncSubtest::Hub.3
  expected: {"gid": 0, "mode": 420, "path": "/usr/share/man/man3/Test2::AsyncSubtest::Hub.3", "sha256": "8b7b7cc503efabeacdfa7f5ae58b7cce13acba1692ef9d83899910d9265ee473", "size": 2733, "type": "file", "uid": 0}
  actual:   MISSING
MISMATCH /usr/share/man/man3/Test2::Bundle.3
  expected: {"gid": 0, "mode": 420, "path": "/usr/share/man/man3/Test2::Bundle.3", "sha256": "f16a9f8a83e56be71af911af828a5f097a93189c0b64fd076f1e4a380e0c21d5", "size": 3334, "type": "file", "uid": 0}
  actual:   MISSING
MISMATCH /usr/share/man/man3/Test2::Bundle::Extended.3
  expected: {"gid": 0, "mode": 420, "path": "/usr/share/man/man3/Test2::Bundle::Extended.3", "sha256": "c84e5235d00c60d8fe6816b1b45910b54fa0f8f4cca0c23614fae5f372ef95d9", "size": 16446, "type": "file", "uid": 0}
  actual:   MISSING
MISMATCH /usr/share/man/man3/Test2::Bundle::More.3
  expected: {"gid": 0, "mode": 420, "path": "/usr/share/man/man3/Test2::Bundle::More.3", "sha256": "1ebf383d49978bd1f1be86d9c4bdc64a3da778ec170eb8e272bd89c11bb00457", "size": 7053, "type": "file", "uid": 0}
  actual:   MISSING
MISMATCH /usr/share/man/man3/Test2::Bundle::Simple.3
  expected: {"gid": 0, "mode": 420, "path": "/usr/share/man/man3/Test2::Bundle::Simple.3", "sha256": "8c3f851598304b4468009803997723e5f9c9181d3a5d8274c4305eecb955f48c", "size": 3886, "type": "file", "uid": 0}
  actual:   MISSING
MISMATCH /usr/share/man/man3/Test2::Compare.3
  expected: {"gid": 0, "mode": 420, "path": "/usr/share/man/man3/Test2::Compare.3", "sha256": "fa49b9e6615409a430dc8b577badbe9d77fb3d335b312a624ed54472e237ad76", "size": 10159, "type": "file", "uid": 0}
  actual:   MISSING
MISMATCH /usr/share/man/man3/Test2::Compare::Array.3
  expected: {"gid": 0, "mode": 420, "path": "/usr/share/man/man3/Test2::Compare::Array.3", "sha256": "90fde02f9b3d1930df64f07b96c39ad6cdf4047d453eec5f5a04c6153c413f79", "size": 6232, "type": "file", "uid": 0}
  actual:   MISSING
MISMATCH /usr/share/man/man3/Test2::Compare::Bag.3
  expected: {"gid": 0, "mode": 420, "path": "/usr/share/man/man3/Test2::Compare::Bag.3", "sha256": "e8b5e6c0a6a4d53b462391a22f30fc12698a44a79dc0be9e792c01c5b25889ef", "size": 4826, "type": "file", "uid": 0}
  actual:   MISSING
MISMATCH /usr/share/man/man3/Test2::Compare::Base.3
  expected: {"gid": 0, "mode": 420, "path": "/usr/share/man/man3/Test2::Compare::Base.3", "sha256": "1b5518fe590900bfb4fd6cd166422db77168a34f7deeb2e87b815c73f7f319de", "size": 6396, "type": "file", "uid": 0}
  actual:   MISSING
MISMATCH /usr/share/man/man3/Test2::Compare::Bool.3
  expected: {"gid": 0, "mode": 420, "path": "/usr/share/man/man3/Test2::Compare::Bool.3", "sha256": "28bf5e2e47c9f5d39f41f2f1ea8c0588fa9695c14cb616452ac81d100b669a40", "size": 2454, "type": "file", "uid": 0}
  actual:   MISSING
MISMATCH /usr/share/man/man3/Test2::Compare::Custom.3
  expected: {"gid": 0, "mode": 420, "path": "/usr/share/man/man3/Test2::Compare::Custom.3", "sha256": "dbf515f2c9add66ed423dba50ce42be76fdd2fed4b6a672fa01fbcee63dc0c7a", "size": 5270, "type": "file", "uid": 0}
  actual:   MISSING
MISMATCH /usr/share/man/man3/Test2::Compare::DeepRef.3
  expected: {"gid": 0, "mode": 420, "path": "/usr/share/man/man3/Test2::Compare::DeepRef.3", "sha256": "1fcc797da01c59b2f36ead6407d4a19b8f37f6fca7bb42cca548ea9a0cf62238", "size": 2452, "type": "file", "uid": 0}
  actual:   MISSING
MISMATCH /usr/share/man/man3/Test2::Compare::Delta.3
  expected: {"gid": 0, "mode": 420, "path": "/usr/share/man/man3/Test2::Compare::Delta.3", "sha256": "5f02c32d466f317c5a151bc8658b22296d51ec0d7851b52acdc1e9bd11170ae5", "size": 10676, "type": "file", "uid": 0}
  actual:   MISSING
MISMATCH /usr/share/man/man3/Test2::Compare::Event.3
  expected: {"gid": 0, "mode": 420, "path": "/usr/share/man/man3/Test2::Compare::Event.3", "sha256": "90cfd56d3b91f8bd3f662ea83be0c96be5e200d421fe74b9623076549b7f6036", "size": 2454, "type": "file", "uid": 0}
  actual:   MISSING
MISMATCH /usr/share/man/man3/Test2::Compare::EventMeta.3
  expected: {"gid": 0, "mode": 420, "path": "/usr/share/man/man3/Test2::Compare::EventMeta.3", "sha256": "e38dac3cb4abe076731f0cf1d44a26a92aa569dd7eb17f220fd7a3adc64f60ac", "size": 3059, "type": "file", "uid": 0}
  actual:   MISSING
MISMATCH /usr/share/man/man3/Test2::Compare::Float.3
  expected: {"gid": 0, "mode": 420, "path": "/usr/share/man/man3/Test2::Compare::Float.3", "sha256": "194491e749f23d977db0929c63e91ee738db7171077c9e66b563eb37256085d5", "size": 3123, "type": "file", "uid": 0}
  actual:   MISSING
MISMATCH /usr/share/man/man3/Test2::Compare::Hash.3
  expected: {"gid": 0, "mode": 420, "path": "/usr/share/man/man3/Test2::Compare::Hash.3", "sha256": "6184253d0eca957e6ee000ed1f2695bd65d5d2e668fc0041663ef4247e5710d1", "size": 2453, "type": "file", "uid": 0}
  actual:   MISSING
MISMATCH /usr/share/man/man3/Test2::Compare::Isa.3
  expected: {"gid": 0, "mode": 420, "path": "/usr/share/man/man3/Test2::Compare::Isa.3", "sha256": "80ce760f9b7b355e4f60fd01cce7a47badd732f92b3e2266c1d2c6048bea643b", "size": 2569, "type": "file", "uid": 0}
  actual:   MISSING
MISMATCH /usr/share/man/man3/Test2::Compare::Meta.3
  expected: {"gid": 0, "mode": 420, "path": "/usr/share/man/man3/Test2::Compare::Meta.3", "sha256": "ab6a1c98534f378cc27454a7e294fcf151c1ee44f58f482dd1cf9f11ac0454b9", "size": 3136, "type": "file", "uid": 0}
  actual:   MISSING
MISMATCH /usr/share/man/man3/Test2::Compare::Negatable.3
  expected: {"gid": 0, "mode": 420, "path": "/usr/share/man/man3/Test2::Compare::Negatable.3", "sha256": "5ae51dd79d4c2f6cba4e724c068a9f5280a7ce93463960c2ddf5a70795cf6e2e", "size": 3842, "type": "file", "uid": 0}
  actual:   MISSING
MISMATCH /usr/share/man/man3/Test2::Compare::Number.3
  expected: {"gid": 0, "mode": 420, "path": "/usr/share/man/man3/Test2::Compare::Number.3", "sha256": "1916ceab8b65d26f77a8ecffd645a4c0e4bcc86af55dc63c3a2afa114e0e4e4c", "size": 2841, "type": "file", "uid": 0}
  actual:   MISSING
MISMATCH /usr/share/man/man3/Test2::Compare::Object.3
  expected: {"gid": 0, "mode": 420, "path": "/usr/share/man/man3/Test2::Compare::Object.3", "sha256": "131ddf3b7952d8bc171bc52ee7fc5245ff54dbb56cde04aaa6966ebc141cfe80", "size": 5229, "type": "file", "uid": 0}
  actual:   MISSING
MISMATCH /usr/share/man/man3/Test2::Compare::OrderedSubset.3
  expected: {"gid": 0, "mode": 420, "path": "/usr/share/man/man3/Test2::Compare::OrderedSubset.3", "sha256": "83f1ef323e2bf309e1b66d35c29fb333a758754e8afa06ee9e405baa293e2276", "size": 4227, "type": "file", "uid": 0}
  actual:   MISSING
MISMATCH /usr/share/man/man3/Test2::Compare::Pattern.3
  expected: {"gid": 0, "mode": 420, "path": "/usr/share/man/man3/Test2::Compare::Pattern.3", "sha256": "34f5ca4e1fca4e7e677968248c04b043a458dd85febd1b0126669738aad594aa", "size": 2622, "type": "file", "uid": 0}
  actual:   MISSING
MISMATCH /usr/share/man/man3/Test2::Compare::Ref.3
  expected: {"gid": 0, "mode": 420, "path": "/usr/share/man/man3/Test2::Compare::Ref.3", "sha256": "1a0792eba5bb2bc6bb23d98e08758910ef585094805846d16a76388ad02d7ea4", "size": 2769, "type": "file", "uid": 0}
  actual:   MISSING
MISMATCH /usr/share/man/man3/Test2::Compare::Regex.3
  expected: {"gid": 0, "mode": 420, "path": "/usr/share/man/man3/Test2::Compare::Regex.3", "sha256": "d9cd377108d751123f9fbcee71dbe5e2684dd480ad7ec36bd52c53644fee3a67", "size": 2452, "type": "file", "uid": 0}
  actual:   MISSING
MISMATCH /usr/share/man/man3/Test2::Compare::Scalar.3
  expected: {"gid": 0, "mode": 420, "path": "/usr/share/man/man3/Test2::Compare::Scalar.3", "sha256": "3e5a0d49201b94bd6c94bc7b470c689b861699448e50945f959e5d394b3e08a9", "size": 2738, "type": "file", "uid": 0}
  actual:   MISSING
MISMATCH /usr/share/man/man3/Test2::Compare::Set.3
  expected: {"gid": 0, "mode": 420, "path": "/usr/share/man/man3/Test2::Compare::Set.3", "sha256": "f0257e64b5b129edf0d4abd63b9c5404723e9debe9a6f3ceff6d202ee8572412", "size": 2498, "type": "file", "uid": 0}
  actual:   MISSING
MISMATCH /usr/share/man/man3/Test2::Compare::String.3
  expected: {"gid": 0, "mode": 420, "path": "/usr/share/man/man3/Test2::Compare::String.3", "sha256": "ac1e466f588aa76ad183e17f874a521ab262688d272a9ec8ce5855e8059971c3", "size": 2584, "type": "file", "uid": 0}
  actual:   MISSING
MISMATCH /usr/share/man/man3/Test2::Compare::Undef.3
  expected: {"gid": 0, "mode": 420, "path": "/usr/share/man/man3/Test2::Compare::Undef.3", "sha256": "da4b4e88f3989571894e442be0cdb2ec0d033a3627baa4143e5576d26d266832", "size": 2479, "type": "file", "uid": 0}
  actual:   MISSING
MISMATCH /usr/share/man/man3/Test2::Compare::Wildcard.3
  expected: {"gid": 0, "mode": 420, "path": "/usr/share/man/man3/Test2::Compare::Wildcard.3", "sha256": "0a4e1039cc40f190ced8992a5078cc96946cfa706ddadbc9aba5d9aede6f6c96", "size": 2581, "type": "file", "uid": 0}
  actual:   MISSING
MISMATCH /usr/share/man/man3/Test2::Env.3
  expected: {"gid": 0, "mode": 420, "path": "/usr/share/man/man3/Test2::Env.3", "sha256": "440a9d672a1701607012e3093b479b31fc28e91e6cf4e2d1074a175a5c60cfcb", "size": 5253, "type": "file", "uid": 0}
  actual:   MISSING
MISMATCH /usr/share/man/man3/Test2::Event.3
  expected: {"gid": 0, "mode": 420, "path": "/usr/share/man/man3/Test2::Event.3", "sha256": "bc5d21552ada0d9227f8132928b1dc134afc3f2617b9f4ccc9b7816925bbb295", "size": 20795, "type": "file", "uid": 0}
  actual:   MISSING
MISMATCH /usr/share/man/man3/Test2::Event::Bail.3
  expected: {"gid": 0, "mode": 420, "path": "/usr/share/man/man3/Test2::Event::Bail.3", "sha256": "71f2238a6a89c2d30f98644b1211c4c0b64e3b8ddfa4ff41cecede6d836bfd21", "size": 2866, "type": "file", "uid": 0}
  actual:   MISSING
MISMATCH /usr/share/man/man3/Test2::Event::Diag.3
  expected: {"gid": 0, "mode": 420, "path": "/usr/share/man/man3/Test2::Event::Diag.3", "sha256": "2e09b66bfb4cd3a380c892e8c9daaba3e24bacb5c2229ef6e3373556265b8845", "size": 2723, "type": "file", "uid": 0}
  actual:   MISSING
MISMATCH /usr/share/man/man3/Test2::Event::Encoding.3
  expected: {"gid": 0, "mode": 420, "path": "/usr/share/man/man3/Test2::Event::Encoding.3", "sha256": "172ac6fa71068bb9647ff9221d5ae4817c11161cdfafaae864dd6df4300bee31", "size": 3078, "type": "file", "uid": 0}
  actual:   MISSING
MISMATCH /usr/share/man/man3/Test2::Event::Exception.3
  expected: {"gid": 0, "mode": 420, "path": "/usr/share/man/man3/Test2::Event::Exception.3", "sha256": "4edb518f330af1ead1ceaf074c75434dbef1763db420deaa950a3cbc2f18d464", "size": 3008, "type": "file", "uid": 0}
  actual:   MISSING
MISMATCH /usr/share/man/man3/Test2::Event::Fail.3
  expected: {"gid": 0, "mode": 420, "path": "/usr/share/man/man3/Test2::Event::Fail.3", "sha256": "f88e2274e2e98bc0f1ef0711ac5a4767eefc30bdee87705a684dfbb946a986bd", "size": 2638, "type": "file", "uid": 0}
  actual:   MISSING
MISMATCH /usr/share/man/man3/Test2::Event::Generic.3
  expected: {"gid": 0, "mode": 420, "path": "/usr/share/man/man3/Test2::Event::Generic.3", "sha256": "a35fa8a93158bd860dab2efd75177555524aa05d457f85d7e210cba17717b5b8", "size": 7433, "type": "file", "uid": 0}
  actual:   MISSING
MISMATCH /usr/share/man/man3/Test2::Event::Note.3
  expected: {"gid": 0, "mode": 420, "path": "/usr/share/man/man3/Test2::Event::Note.3", "sha256": "79600a86830078d5ae86c1306a8bb4c42429801b2f6bf77ef1274ba594402f83", "size": 2708, "type": "file", "uid": 0}
  actual:   MISSING
MISMATCH /usr/share/man/man3/Test2::Event::Ok.3
  expected: {"gid": 0, "mode": 420, "path": "/usr/share/man/man3/Test2::Event::Ok.3", "sha256": "467175b47c36d16172b62037c8eb082d8661fecbf94c7b8f6e44bd77851c5649", "size": 3393, "type": "file", "uid": 0}
  actual:   MISSING
MISMATCH /usr/share/man/man3/Test2::Event::Pass.3
  expected: {"gid": 0, "mode": 420, "path": "/usr/share/man/man3/Test2::Event::Pass.3", "sha256": "7e8f890b584ad2c411d8dd3cb75a034bb8ae00dc2984fbf22ae6bf7513db4b47", "size": 2640, "type": "file", "uid": 0}
  actual:   MISSING
MISMATCH /usr/share/man/man3/Test2::Event::Plan.3
  expected: {"gid": 0, "mode": 420, "path": "/usr/share/man/man3/Test2::Event::Plan.3", "sha256": "862ae7de9b5faf3a56142e73fb6f3c2c882c55b17aa99494bb2ef915fe7569b5", "size": 3296, "type": "file", "uid": 0}
  actual:   MISSING
MISMATCH /usr/share/man/man3/Test2::Event::Skip.3
  expected: {"gid": 0, "mode": 420, "path": "/usr/share/man/man3/Test2::Event::Skip.3", "sha256": "8af26f88eb837a4e6d91e505d50c006829271845aae1dd8970b81995c3b7956b", "size": 3047, "type": "file", "uid": 0}
  actual:   MISSING
MISMATCH /usr/share/man/man3/Test2::Event::Subtest.3
  expected: {"gid": 0, "mode": 420, "path": "/usr/share/man/man3/Test2::Event::Subtest.3", "sha256": "66c9e2e3cc765bcd60ae639a1009e8cfead88b6671dc62d5fa845aae0d872124", "size": 2971, "type": "file", "uid": 0}
  actual:   MISSING
MISMATCH /usr/share/man/man3/Test2::Event::TAP::Version.3
  expected: {"gid": 0, "mode": 420, "path": "/usr/share/man/man3/Test2::Event::TAP::Version.3", "sha256": "e30cdb93c1e747ec488acbfb8e93c9de34a3bc8bc5e0109a75e300b27cfa81df", "size": 2882, "type": "file", "uid": 0}
  actual:   MISSING
MISMATCH /usr/share/man/man3/Test2::Event::V2.3
  expected: {"gid": 0, "mode": 420, "path": "/usr/share/man/man3/Test2::Event::V2.3", "sha256": "1118a5e1cdc11921f609e3d1c8397ffc03a18ebde15717bfbc4b18f95bf2f4a2", "size": 5959, "type": "file", "uid": 0}
  actual:   MISSING
MISMATCH /usr/share/man/man3/Test2::Event::Waiting.3
  expected: {"gid": 0, "mode": 420, "path": "/usr/share/man/man3/Test2::Event::Waiting.3", "sha256": "078ab61388107348e759e1084d642da91be68836ef329a741f8565ee94c6c585", "size": 2500, "type": "file", "uid": 0}
  actual:   MISSING
MISMATCH /usr/share/man/man3/Test2::EventFacet.3
  expected: {"gid": 0, "mode": 420, "path": "/usr/share/man/man3/Test2::EventFacet.3", "sha256": "d978a2db25df69ef4de0cc5f82a70157c6390dd96a7c8ccb08a4c422468340e6", "size": 3293, "type": "file", "uid": 0}
  actual:   MISSING
MISMATCH /usr/share/man/man3/Test2::EventFacet::About.3
  expected: {"gid": 0, "mode": 420, "path": "/usr/share/man/man3/Test2::EventFacet::About.3", "sha256": "a5ffbe4e9805386214aeb03898bc2bebf495f120902d5d48d0d63d145bbada32", "size": 4113, "type": "file", "uid": 0}
  actual:   MISSING
MISMATCH /usr/share/man/man3/Test2::EventFacet::Amnesty.3
  expected: {"gid": 0, "mode": 420, "path": "/usr/share/man/man3/Test2::EventFacet::Amnesty.3", "sha256": "3018fe6932384b5be0fca1adbc015500159daf6e839e84a4919a2e6aea54306d", "size": 3901, "type": "file", "uid": 0}
  actual:   MISSING
MISMATCH /usr/share/man/man3/Test2::EventFacet::Assert.3
  expected: {"gid": 0, "mode": 420, "path": "/usr/share/man/man3/Test2::EventFacet::Assert.3", "sha256": "e291cffa577fd4ac09a2f1f874c5c31c04cb7cc2db3731a3bab3e302796d50dd", "size": 4141, "type": "file", "uid": 0}
  actual:   MISSING
MISMATCH /usr/share/man/man3/Test2::EventFacet::Control.3
  expected: {"gid": 0, "mode": 420, "path": "/usr/share/man/man3/Test2::EventFacet::Control.3", "sha256": "63ce9d608769305def543989cc935501361ce2856211ee96bf7dac08ca13b255", "size": 5155, "type": "file", "uid": 0}
  actual:   MISSING
MISMATCH /usr/share/man/man3/Test2::EventFacet::Error.3
  expected: {"gid": 0, "mode": 420, "path": "/usr/share/man/man3/Test2::EventFacet::Error.3", "sha256": "54015e7dff4b8710914fd7a3625b13b8493caf930bb73bc867fc09586bcd72f5", "size": 4000, "type": "file", "uid": 0}
  actual:   MISSING
MISMATCH /usr/share/man/man3/Test2::EventFacet::Hub.3
  expected: {"gid": 0, "mode": 420, "path": "/usr/share/man/man3/Test2::EventFacet::Hub.3", "sha256": "d01ee9c772489ae157d321e26e1d5a0f4d8b4046a1b36061d2741c3c8662f2c9", "size": 4856, "type": "file", "uid": 0}
  actual:   MISSING
MISMATCH /usr/share/man/man3/Test2::EventFacet::Info.3
  expected: {"gid": 0, "mode": 420, "path": "/usr/share/man/man3/Test2::EventFacet::Info.3", "sha256": "1e202c193f50a7167982da82135109a4f5eba86dc3168285f71e7395eb462620", "size": 5950, "type": "file", "uid": 0}
  actual:   MISSING
MISMATCH /usr/share/man/man3/Test2::EventFacet::Info::Table.3
  expected: {"gid": 0, "mode": 420, "path": "/usr/share/man/man3/Test2::EventFacet::Info::Table.3", "sha256": "59aded09e5e1e74102daf7c58f4d99f23070ce9bc3ad487a7ca3ad1f8c761cb6", "size": 4922, "type": "file", "uid": 0}
  actual:   MISSING
MISMATCH /usr/share/man/man3/Test2::EventFacet::Meta.3
  expected: {"gid": 0, "mode": 420, "path": "/usr/share/man/man3/Test2::EventFacet::Meta.3", "sha256": "ff14efd8f41155cc534fe5e018b5ed7d9e0908710c0026181cf328aefcf8dcd2", "size": 2944, "type": "file", "uid": 0}
  actual:   MISSING
MISMATCH /usr/share/man/man3/Test2::EventFacet::Parent.3
  expected: {"gid": 0, "mode": 420, "path": "/usr/share/man/man3/Test2::EventFacet::Parent.3", "sha256": "91c27b1e9de0e9452761f083ca2103ed7e3d15ae08d42d39496c51f9f702d9e4", "size": 4051, "type": "file", "uid": 0}
  actual:   MISSING
MISMATCH /usr/share/man/man3/Test2::EventFacet::Plan.3
  expected: {"gid": 0, "mode": 420, "path": "/usr/share/man/man3/Test2::EventFacet::Plan.3", "sha256": "03058a5a13bb1c644c964d470edbe00eb4e5329a0379822cb235bc5740a10a4f", "size": 4419, "type": "file", "uid": 0}
  actual:   MISSING
MISMATCH /usr/share/man/man3/Test2::EventFacet::Render.3
  expected: {"gid": 0, "mode": 420, "path": "/usr/share/man/man3/Test2::EventFacet::Render.3", "sha256": "55a0a8125542849166a9f8c4ce1e309e2aa3faf8e4e8fe7ff92514abcde7df0c", "size": 4593, "type": "file", "uid": 0}
  actual:   MISSING
MISMATCH /usr/share/man/man3/Test2::EventFacet::Trace.3
  expected: {"gid": 0, "mode": 420, "path": "/usr/share/man/man3/Test2::EventFacet::Trace.3", "sha256": "8a1cd6667db9431ab717b4468f74061af82081310b021fca0dff91fe41e7c95f", "size": 10399, "type": "file", "uid": 0}
  actual:   MISSING
MISMATCH /usr/share/man/man3/Test2::Formatter.3
  expected: {"gid": 0, "mode": 420, "path": "/usr/share/man/man3/Test2::Formatter.3", "sha256": "aac203d536ec2e7da6dc879c0cfb30d3e22c1fd415a4e3c1c5ccfcd660bb9366", "size": 5655, "type": "file", "uid": 0}
  actual:   MISSING
MISMATCH /usr/share/man/man3/Test2::Formatter::TAP.3
  expected: {"gid": 0, "mode": 420, "path": "/usr/share/man/man3/Test2::Formatter::TAP.3", "sha256": "f9691bd72b8a50d491e5abb248ce9a46f182e1853ef1beb8eb37d0f0682f0a0c", "size": 4102, "type": "file", "uid": 0}
  actual:   MISSING
MISMATCH /usr/share/man/man3/Test2::Hub.3
  expected: {"gid": 0, "mode": 420, "path": "/usr/share/man/man3/Test2::Hub.3", "sha256": "be24463b81c27132395b4fe6a61915c6ab0a0c7d6f95ed857ae9bd8cf408c951", "size": 16130, "type": "file", "uid": 0}
  actual:   MISSING
MISMATCH /usr/share/man/man3/Test2::Hub::Interceptor.3
  expected: {"gid": 0, "mode": 420, "path": "/usr/share/man/man3/Test2::Hub::Interceptor.3", "sha256": "f1f5a2ae9f974882fcf4c1b5bb4b37523917bbfaa57d34a542a5d038aec3890d", "size": 2339, "type": "file", "uid": 0}
  actual:   MISSING
MISMATCH /usr/share/man/man3/Test2::Hub::Interceptor::Terminator.3
  expected: {"gid": 0, "mode": 420, "path": "/usr/share/man/man3/Test2::Hub::Interceptor::Terminator.3", "sha256": "af958e2c78cade1926f751030f524b32b75867edf40821925754c33eff6ab725", "size": 2382, "type": "file", "uid": 0}
  actual:   MISSING
MISMATCH /usr/share/man/man3/Test2::Hub::Subtest.3
  expected: {"gid": 0, "mode": 420, "path": "/usr/share/man/man3/Test2::Hub::Subtest.3", "sha256": "74f6934cba98469620c1e6024258fe04551bffdc44219c1b030e9252e4c3ea4f", "size": 3198, "type": "file", "uid": 0}
  actual:   MISSING
MISMATCH /usr/share/man/man3/Test2::IPC.3
  expected: {"gid": 0, "mode": 420, "path": "/usr/share/man/man3/Test2::IPC.3", "sha256": "82e6cc3c994d0fbc1270d6a2e97d2bdbb3d50f64d7034e67c086b97c36e0567b", "size": 2865, "type": "file", "uid": 0}
  actual:   MISSING
MISMATCH /usr/share/man/man3/Test2::IPC::Driver.3
  expected: {"gid": 0, "mode": 420, "path": "/usr/share/man/man3/Test2::IPC::Driver.3", "sha256": "a323eff7ad5f2bed501723e3d60105fe60b392a27e010a377edc44f9583d6b9e", "size": 8271, "type": "file", "uid": 0}
  actual:   MISSING
MISMATCH /usr/share/man/man3/Test2::IPC::Driver::Files.3
  expected: {"gid": 0, "mode": 420, "path": "/usr/share/man/man3/Test2::IPC::Driver::Files.3", "sha256": "1e21f62f0e3a9f3ab8d1693b0a6479182aed589af7d25a0a1aaf55f71964c034", "size": 3210, "type": "file", "uid": 0}
  actual:   MISSING
MISMATCH /usr/share/man/man3/Test2::Manual.3
  expected: {"gid": 0, "mode": 420, "path": "/usr/share/man/man3/Test2::Manual.3", "sha256": "635ad639fd195f812bb08f5900d70ca866e5fba7efb02ed91c690fb213f4c794", "size": 3356, "type": "file", "uid": 0}
  actual:   MISSING
MISMATCH /usr/share/man/man3/Test2::Manual::Anatomy.3
  expected: {"gid": 0, "mode": 420, "path": "/usr/share/man/man3/Test2::Manual::Anatomy.3", "sha256": "28ba48e6f007c1eac785c3c1ffb2b18b14eae8ed7e6dc44475118950aa86026e", "size": 3631, "type": "file", "uid": 0}
  actual:   MISSING
MISMATCH /usr/share/man/man3/Test2::Manual::Anatomy::API.3
  expected: {"gid": 0, "mode": 420, "path": "/usr/share/man/man3/Test2::Manual::Anatomy::API.3", "sha256": "ddab42fa4c8de59b91f05ca79762911999960aca4608bd48929652a0934a8f30", "size": 3714, "type": "file", "uid": 0}
  actual:   MISSING
MISMATCH /usr/share/man/man3/Test2::Manual::Anatomy::Context.3
  expected: {"gid": 0, "mode": 420, "path": "/usr/share/man/man3/Test2::Manual::Anatomy::Context.3", "sha256": "53a4b267b7629d6e08ccf49bc9be2ac9092142633bebdd13a95f598bd2249f1c", "size": 5846, "type": "file", "uid": 0}
  actual:   MISSING
MISMATCH /usr/share/man/man3/Test2::Manual::Anatomy::EndToEnd.3
  expected: {"gid": 0, "mode": 420, "path": "/usr/share/man/man3/Test2::Manual::Anatomy::EndToEnd.3", "sha256": "e394856de8262262406326898bd369ed0db9daee615f444b4fcba43e0bee876f", "size": 15461, "type": "file", "uid": 0}
  actual:   MISSING
MISMATCH /usr/share/man/man3/Test2::Manual::Anatomy::Event.3
  expected: {"gid": 0, "mode": 420, "path": "/usr/share/man/man3/Test2::Manual::Anatomy::Event.3", "sha256": "fa42faf492e6615ae0e1693252c3afd452a617ed0abb95efaab11eb2cd56ce77", "size": 18901, "type": "file", "uid": 0}
  actual:   MISSING
MISMATCH /usr/share/man/man3/Test2::Manual::Anatomy::Hubs.3
  expected: {"gid": 0, "mode": 420, "path": "/usr/share/man/man3/Test2::Manual::Anatomy::Hubs.3", "sha256": "3a879e0de56dc0f88656e21c903375626c92984cb6356f154d9fa14ca1894204", "size": 5520, "type": "file", "uid": 0}
  actual:   MISSING
MISMATCH /usr/share/man/man3/Test2::Manual::Anatomy::IPC.3
  expected: {"gid": 0, "mode": 420, "path": "/usr/share/man/man3/Test2::Manual::Anatomy::IPC.3", "sha256": "ee28703f0f80ec16f04bd8db9188ee9f2eb0faf8332ea6346fb3c9bd04296cb1", "size": 4483, "type": "file", "uid": 0}
  actual:   MISSING
MISMATCH /usr/share/man/man3/Test2::Manual::Anatomy::Utilities.3
  expected: {"gid": 0, "mode": 420, "path": "/usr/share/man/man3/Test2::Manual::Anatomy::Utilities.3", "sha256": "1f1d4f332c62af4a3586e5be514f8f5900465ed31cc29a9ca2a774d400ea9277", "size": 3460, "type": "file", "uid": 0}
  actual:   MISSING
MISMATCH /usr/share/man/man3/Test2::Manual::Concurrency.3
  expected: {"gid": 0, "mode": 420, "path": "/usr/share/man/man3/Test2::Manual::Concurrency.3", "sha256": "0e82377c9a463388d254b10886b39652e76d8d9585ada52361fa899b54f35f9b", "size": 6241, "type": "file", "uid": 0}
  actual:   MISSING
MISMATCH /usr/share/man/man3/Test2::Manual::Contributing.3
  expected: {"gid": 0, "mode": 420, "path": "/usr/share/man/man3/Test2::Manual::Contributing.3", "sha256": "efab7fdc6f88a46b6748ad6642e2bf903df353d4a22ad68ab534ccd30144bf22", "size": 4820, "type": "file", "uid": 0}
  actual:   MISSING
MISMATCH /usr/share/man/man3/Test2::Manual::Testing.3
  expected: {"gid": 0, "mode": 420, "path": "/usr/share/man/man3/Test2::Manual::Testing.3", "sha256": "365749c9b58038843479f5c0bf8bc486195cf17c5194fa65adc15e40386f863a", "size": 8230, "type": "file", "uid": 0}
  actual:   MISSING
MISMATCH /usr/share/man/man3/Test2::Manual::Testing::Introduction.3
  expected: {"gid": 0, "mode": 420, "path": "/usr/share/man/man3/Test2::Manual::Testing::Introduction.3", "sha256": "eeeb9c51566ecd27516347b968d227c93bd09dc813a46a4bb6f88071b90c7e28", "size": 10510, "type": "file", "uid": 0}
  actual:   MISSING
MISMATCH /usr/share/man/man3/Test2::Manual::Testing::Migrating.3
  expected: {"gid": 0, "mode": 420, "path": "/usr/share/man/man3/Test2::Manual::Testing::Migrating.3", "sha256": "fc3689b5f6be0039d4891c054950f36463e0c44302ee90b598168b65a91fffca", "size": 13593, "type": "file", "uid": 0}
  actual:   MISSING
MISMATCH /usr/share/man/man3/Test2::Manual::Testing::Planning.3
  expected: {"gid": 0, "mode": 420, "path": "/usr/share/man/man3/Test2::Manual::Testing::Planning.3", "sha256": "c8f1fbff571d3b0bbfd4a80b1bfc110563e9da4ff3045ed5c53e2b1c3864a29a", "size": 4057, "type": "file", "uid": 0}
  actual:   MISSING
MISMATCH /usr/share/man/man3/Test2::Manual::Testing::Todo.3
  expected: {"gid": 0, "mode": 420, "path": "/usr/share/man/man3/Test2::Manual::Testing::Todo.3", "sha256": "adb1da4115eea9bfb62a34c84875a276dc983dbcd8c0129aaab00f390ba9e9c0", "size": 4862, "type": "file", "uid": 0}
  actual:   MISSING
MISMATCH /usr/share/man/man3/Test2::Manual::Tooling.3
  expected: {"gid": 0, "mode": 420, "path": "/usr/share/man/man3/Test2::Manual::Tooling.3", "sha256": "1faa124097e2be21c27ecbcf1b9ceb1815cffc88883a9d3f9d2ca971c7081823", "size": 4738, "type": "file", "uid": 0}
  actual:   MISSING
MISMATCH /usr/share/man/man3/Test2::Manual::Tooling::FirstTool.3
  expected: {"gid": 0, "mode": 420, "path": "/usr/share/man/man3/Test2::Manual::Tooling::FirstTool.3", "sha256": "ceb6c46bbb12c7a8034b6b7de247664b3558653d4e28c0bdb8f2fdd8b8f3d66c", "size": 6136, "type": "file", "uid": 0}
  actual:   MISSING
MISMATCH /usr/share/man/man3/Test2::Manual::Tooling::Formatter.3
  expected: {"gid": 0, "mode": 420, "path": "/usr/share/man/man3/Test2::Manual::Tooling::Formatter.3", "sha256": "6c7b9b384d2da1dd3c60192a67eeacf21a466ac48dcf23bec1e6c321cea536ac", "size": 5255, "type": "file", "uid": 0}
  actual:   MISSING
MISMATCH /usr/share/man/man3/Test2::Manual::Tooling::Nesting.3
  expected: {"gid": 0, "mode": 420, "path": "/usr/share/man/man3/Test2::Manual::Tooling::Nesting.3", "sha256": "83f955fbfd3a70e4afd9f1172904385925290f2c06397891fc50a7a62947d3d6", "size": 5774, "type": "file", "uid": 0}
  actual:   MISSING
MISMATCH /usr/share/man/man3/Test2::Manual::Tooling::Plugin::TestExit.3
  expected: {"gid": 0, "mode": 420, "path": "/usr/share/man/man3/Test2::Manual::Tooling::Plugin::TestExit.3", "sha256": "91956f12729f08490dad26efa23afb664c7eb920c2afd490de34469fb04b8e4e", "size": 4567, "type": "file", "uid": 0}
  actual:   MISSING
MISMATCH /usr/share/man/man3/Test2::Manual::Tooling::Plugin::TestingDone.3
  expected: {"gid": 0, "mode": 420, "path": "/usr/share/man/man3/Test2::Manual::Tooling::Plugin::TestingDone.3", "sha256": "72d28b74f0215cfa137ddd12c4f2d7e3d0b235a4bfb9d917b09879337a9130a8", "size": 5020, "type": "file", "uid": 0}
  actual:   MISSING
MISMATCH /usr/share/man/man3/Test2::Manual::Tooling::Plugin::ToolCompletes.3
  expected: {"gid": 0, "mode": 420, "path": "/usr/share/man/man3/Test2::Manual::Tooling::Plugin::ToolCompletes.3", "sha256": "96cf0a331ce55375b07d2d5573574ea9a09a1377f12a9445468d8a149d848b1f", "size": 3974, "type": "file", "uid": 0}
  actual:   MISSING
MISMATCH /usr/share/man/man3/Test2::Manual::Tooling::Plugin::ToolStarts.3
  expected: {"gid": 0, "mode": 420, "path": "/usr/share/man/man3/Test2::Manual::Tooling::Plugin::ToolStarts.3", "sha256": "0036677b833fd96e867037e276e5d66001bf9cc33846d8eb2a360d41e39a03ce", "size": 5439, "type": "file", "uid": 0}
  actual:   MISSING
MISMATCH /usr/share/man/man3/Test2::Manual::Tooling::Subtest.3
  expected: {"gid": 0, "mode": 420, "path": "/usr/share/man/man3/Test2::Manual::Tooling::Subtest.3", "sha256": "63f0054d093adc08ea52543541b837bafd0ebbd6d9176d966edcad3d883efd8e", "size": 6418, "type": "file", "uid": 0}
  actual:   MISSING
MISMATCH /usr/share/man/man3/Test2::Manual::Tooling::TestBuilder.3
  expected: {"gid": 0, "mode": 420, "path": "/usr/share/man/man3/Test2::Manual::Tooling::TestBuilder.3", "sha256": "85fdbdad729f08e23f2c0b97ed0321dde6d6a10c29448eebb72d4f15069fb07c", "size": 6692, "type": "file", "uid": 0}
  actual:   MISSING
MISMATCH /usr/share/man/man3/Test2::Manual::Tooling::Testing.3
  expected: {"gid": 0, "mode": 420, "path": "/usr/share/man/man3/Test2::Manual::Tooling::Testing.3", "sha256": "9bdad255ccc2437164b131e9b22481d5529efa353434f5311f25253d685e4aaf", "size": 6787, "type": "file", "uid": 0}
  actual:   MISSING
MISMATCH /usr/share/man/man3/Test2::Mock.3
  expected: {"gid": 0, "mode": 420, "path": "/usr/share/man/man3/Test2::Mock.3", "sha256": "a443c2ab782480f7c4eeb76fb5953bb455101ff6fcafa6a31beabc225bf38096", "size": 16183, "type": "file", "uid": 0}
  actual:   MISSING
MISMATCH /usr/share/man/man3/Test2::Plugin.3
  expected: {"gid": 0, "mode": 420, "path": "/usr/share/man/man3/Test2::Plugin.3", "sha256": "9645ef862a605f1438d8d57d92a01b9f59ff9aca408ab612560bbd024a8f8b6c", "size": 3597, "type": "file", "uid": 0}
  actual:   MISSING
MISMATCH /usr/share/man/man3/Test2::Plugin::BailOnFail.3
  expected: {"gid": 0, "mode": 420, "path": "/usr/share/man/man3/Test2::Plugin::BailOnFail.3", "sha256": "55e5a5570817b3b0bfe891138c09ee691a6c2238aadf46af50e3ed6b18a9c30a", "size": 2933, "type": "file", "uid": 0}
  actual:   MISSING
MISMATCH /usr/share/man/man3/Test2::Plugin::DieOnFail.3
  expected: {"gid": 0, "mode": 420, "path": "/usr/share/man/man3/Test2::Plugin::DieOnFail.3", "sha256": "fe8a6e25704a48888369baa2207cb5113a463508a49af79e28778b9100ac2157", "size": 2899, "type": "file", "uid": 0}
  actual:   MISSING
MISMATCH /usr/share/man/man3/Test2::Plugin::ExitSummary.3
  expected: {"gid": 0, "mode": 420, "path": "/usr/share/man/man3/Test2::Plugin::ExitSummary.3", "sha256": "de9b435bb908086f06a7bc86e2ef701abb6a93c6d2c7e19bf9926b461ac1177e", "size": 2739, "type": "file", "uid": 0}
  actual:   MISSING
MISMATCH /usr/share/man/man3/Test2::Plugin::SRand.3
  expected: {"gid": 0, "mode": 420, "path": "/usr/share/man/man3/Test2::Plugin::SRand.3", "sha256": "0284b7372b7a70ff0e61a865b3df6a8e65d4d93a0ba157d2f8d555fd6474c722", "size": 3938, "type": "file", "uid": 0}
  actual:   MISSING
MISMATCH /usr/share/man/man3/Test2::Plugin::Times.3
  expected: {"gid": 0, "mode": 420, "path": "/usr/share/man/man3/Test2::Plugin::Times.3", "sha256": "5660cf80df5e8ec05014c94e1b6726723c7576708d4dd13ae53c3907993437f9", "size": 3661, "type": "file", "uid": 0}
  actual:   MISSING
MISMATCH /usr/share/man/man3/Test2::Plugin::UTF8.3
  expected: {"gid": 0, "mode": 420, "path": "/usr/share/man/man3/Test2::Plugin::UTF8.3", "sha256": "66952c2576db00740b5523dfb100e8aa920121fd157dce3a3dc808e67934090c", "size": 3621, "type": "file", "uid": 0}
  actual:   MISSING
MISMATCH /usr/share/man/man3/Test2::Require.3
  expected: {"gid": 0, "mode": 420, "path": "/usr/share/man/man3/Test2::Require.3", "sha256": "8529f19dfe7754b5e0374d180127875250671c35bf80370a1c5a1c597a851736", "size": 4217, "type": "file", "uid": 0}
  actual:   MISSING
MISMATCH /usr/share/man/man3/Test2::Require::AuthorTesting.3
  expected: {"gid": 0, "mode": 420, "path": "/usr/share/man/man3/Test2::Require::AuthorTesting.3", "sha256": "ed8c15f6c0aa72354fde79526fe32429036abe1d838bd68992839b0563cb4c11", "size": 2749, "type": "file", "uid": 0}
  actual:   MISSING
MISMATCH /usr/share/man/man3/Test2::Require::AutomatedTesting.3
  expected: {"gid": 0, "mode": 420, "path": "/usr/share/man/man3/Test2::Require::AutomatedTesting.3", "sha256": "c76fc9027f7d541663729698f55847a4c2acb272b4b00a7937e9b3324997c9ca", "size": 2767, "type": "file", "uid": 0}
  actual:   MISSING
MISMATCH /usr/share/man/man3/Test2::Require::EnvVar.3
  expected: {"gid": 0, "mode": 420, "path": "/usr/share/man/man3/Test2::Require::EnvVar.3", "sha256": "57d2289063a8ee46a3b9544750a25065ca36da6180d8b5c024768cd48f18f150", "size": 2716, "type": "file", "uid": 0}
  actual:   MISSING
MISMATCH /usr/share/man/man3/Test2::Require::ExtendedTesting.3
  expected: {"gid": 0, "mode": 420, "path": "/usr/share/man/man3/Test2::Require::ExtendedTesting.3", "sha256": "ec9cf6e1bfc291d7eed885b3d1e7124eb081fa0f37b6882c8a4b04d68d7be987", "size": 2761, "type": "file", "uid": 0}
  actual:   MISSING
MISMATCH /usr/share/man/man3/Test2::Require::Fork.3
  expected: {"gid": 0, "mode": 420, "path": "/usr/share/man/man3/Test2::Require::Fork.3", "sha256": "c38dd4504e912b43d6cb987bc3a2a020c5ee895999af92650150057efa3c67c1", "size": 4021, "type": "file", "uid": 0}
  actual:   MISSING
MISMATCH /usr/share/man/man3/Test2::Require::Module.3
  expected: {"gid": 0, "mode": 420, "path": "/usr/share/man/man3/Test2::Require::Module.3", "sha256": "6015be6fce27f6874955d70b07c6ae92d1eeb70d64f4f75033c63c49a269396e", "size": 3495, "type": "file", "uid": 0}
  actual:   MISSING
MISMATCH /usr/share/man/man3/Test2::Require::NonInteractiveTesting.3
  expected: {"gid": 0, "mode": 420, "path": "/usr/share/man/man3/Test2::Require::NonInteractiveTesting.3", "sha256": "e5341a82314a9306850ee367661c9d8eae17f89d56a16c1cfcff9bf9905e917f", "size": 2797, "type": "file", "uid": 0}
  actual:   MISSING
MISMATCH /usr/share/man/man3/Test2::Require::Perl.3
  expected: {"gid": 0, "mode": 420, "path": "/usr/share/man/man3/Test2::Require::Perl.3", "sha256": "f1576b3ca1f7e633d4455c13bba08762c94029913d2edb9017a2f44ee32362a9", "size": 2814, "type": "file", "uid": 0}
  actual:   MISSING
MISMATCH /usr/share/man/man3/Test2::Require::RealFork.3
  expected: {"gid": 0, "mode": 420, "path": "/usr/share/man/man3/Test2::Require::RealFork.3", "sha256": "2c37ec3f06567e5ad8aeb314db93421b96d0c1ffdf2e510fa8e69f1b4ace03d0", "size": 3055, "type": "file", "uid": 0}
  actual:   MISSING
MISMATCH /usr/share/man/man3/Test2::Require::ReleaseTesting.3
  expected: {"gid": 0, "mode": 420, "path": "/usr/share/man/man3/Test2::Require::ReleaseTesting.3", "sha256": "fbc4aa0c4fec05e9b827c7a763f84de971c69b1c29339083f7c5cdcf6addd54e", "size": 2755, "type": "file", "uid": 0}
  actual:   MISSING
MISMATCH /usr/share/man/man3/Test2::Require::Threads.3
  expected: {"gid": 0, "mode": 420, "path": "/usr/share/man/man3/Test2::Require::Threads.3", "sha256": "bc815fccdd769b78efc31b569a955a67654868ef62e65bb4850424bdfe75d96a", "size": 3748, "type": "file", "uid": 0}
  actual:   MISSING
MISMATCH /usr/share/man/man3/Test2::Suite.3
  expected: {"gid": 0, "mode": 420, "path": "/usr/share/man/man3/Test2::Suite.3", "sha256": "5c87f7e5b4a51ce2a24eca348ff3180a9848c0f3593c320f3b9b533dcbbd850f", "size": 12373, "type": "file", "uid": 0}
  actual:   MISSING
MISMATCH /usr/share/man/man3/Test2::Todo.3
  expected: {"gid": 0, "mode": 420, "path": "/usr/share/man/man3/Test2::Todo.3", "sha256": "0ff84b89f55feec038103fdc64c77962094235c2cb6113e63e90b4a8bb9bd6e3", "size": 4830, "type": "file", "uid": 0}
  actual:   MISSING
MISMATCH /usr/share/man/man3/Test2::Tools.3
  expected: {"gid": 0, "mode": 420, "path": "/usr/share/man/man3/Test2::Tools.3", "sha256": "259e3fa19d08801c5fc7e16598262ca7631d7ae1d6a8db2a5f254a6ae4006554", "size": 4482, "type": "file", "uid": 0}
  actual:   MISSING
MISMATCH /usr/share/man/man3/Test2::Tools::AsyncSubtest.3
  expected: {"gid": 0, "mode": 420, "path": "/usr/share/man/man3/Test2::Tools::AsyncSubtest.3", "sha256": "fc51f599c0c18736235d6751be2225230ee3a9d2d4ddfb82769bce42a9084eaa", "size": 5272, "type": "file", "uid": 0}
  actual:   MISSING
MISMATCH /usr/share/man/man3/Test2::Tools::Basic.3
  expected: {"gid": 0, "mode": 420, "path": "/usr/share/man/man3/Test2::Tools::Basic.3", "sha256": "c3784048b33df147996315719c73a722680293cdafd61d44028318b1db14c049", "size": 8186, "type": "file", "uid": 0}
  actual:   MISSING
MISMATCH /usr/share/man/man3/Test2::Tools::Class.3
  expected: {"gid": 0, "mode": 420, "path": "/usr/share/man/man3/Test2::Tools::Class.3", "sha256": "c78ee5c7f43dfd7aa12e4efaf51c40c5dcb12344a70b9104c2b9b6c325316644", "size": 4949, "type": "file", "uid": 0}
  actual:   MISSING
MISMATCH /usr/share/man/man3/Test2::Tools::ClassicCompare.3
  expected: {"gid": 0, "mode": 420, "path": "/usr/share/man/man3/Test2::Tools::ClassicCompare.3", "sha256": "ed20d70fe2cdbd59f44d711b07c3afcbd667bdb51ba84c5202dc909f32f303e4", "size": 9727, "type": "file", "uid": 0}
  actual:   MISSING
MISMATCH /usr/share/man/man3/Test2::Tools::Compare.3
  expected: {"gid": 0, "mode": 420, "path": "/usr/share/man/man3/Test2::Tools::Compare.3", "sha256": "ffd961e795dad356317a7a886e14e7b78e3ac6b57639ad0fe831a36b5343b5a1", "size": 48008, "type": "file", "uid": 0}
  actual:   MISSING
MISMATCH /usr/share/man/man3/Test2::Tools::Defer.3
  expected: {"gid": 0, "mode": 420, "path": "/usr/share/man/man3/Test2::Tools::Defer.3", "sha256": "d3c3e2b367362c25d552cf9afe00329b2761960ed090395502979f5dab148b84", "size": 3742, "type": "file", "uid": 0}
  actual:   MISSING
MISMATCH /usr/share/man/man3/Test2::Tools::Encoding.3
  expected: {"gid": 0, "mode": 420, "path": "/usr/share/man/man3/Test2::Tools::Encoding.3", "sha256": "afbe78920e1c549201a7add965236d760d0b99fa304fc51dc935848543c700c4", "size": 2904, "type": "file", "uid": 0}
  actual:   MISSING
MISMATCH /usr/share/man/man3/Test2::Tools::Event.3
  expected: {"gid": 0, "mode": 420, "path": "/usr/share/man/man3/Test2::Tools::Event.3", "sha256": "9e33510f022e446d6f135984501d098a94f06b3dc4342d5c99189a30de7bea92", "size": 3673, "type": "file", "uid": 0}
  actual:   MISSING
MISMATCH /usr/share/man/man3/Test2::Tools::Exception.3
  expected: {"gid": 0, "mode": 420, "path": "/usr/share/man/man3/Test2::Tools::Exception.3", "sha256": "710e3df35f734fdf88ad18d8ee8cd3ae3677d60d2e998752f0720af63ffdcb8a", "size": 4748, "type": "file", "uid": 0}
  actual:   MISSING
MISMATCH /usr/share/man/man3/Test2::Tools::Exports.3
  expected: {"gid": 0, "mode": 420, "path": "/usr/share/man/man3/Test2::Tools::Exports.3", "sha256": "d3e2bd597b3e2708224cf1f0ea9d8e9d346396f1daf2bd2ef20fdc876a249f4d", "size": 4951, "type": "file", "uid": 0}
  actual:   MISSING
MISMATCH /usr/share/man/man3/Test2::Tools::GenTemp.3
  expected: {"gid": 0, "mode": 420, "path": "/usr/share/man/man3/Test2::Tools::GenTemp.3", "sha256": "00872c6e9256bb7454e4f7566c656e331091ca04a08ebc7af9455154a7f68ae4", "size": 3641, "type": "file", "uid": 0}
  actual:   MISSING
MISMATCH /usr/share/man/man3/Test2::Tools::Grab.3
  expected: {"gid": 0, "mode": 420, "path": "/usr/share/man/man3/Test2::Tools::Grab.3", "sha256": "986643dd6a8c437e10fbf8769434eace26fe1cdf7aeb0e45e3be7c68ba3be9b0", "size": 4302, "type": "file", "uid": 0}
  actual:   MISSING
MISMATCH /usr/share/man/man3/Test2::Tools::Mock.3
  expected: {"gid": 0, "mode": 420, "path": "/usr/share/man/man3/Test2::Tools::Mock.3", "sha256": "83ad281cd9287151e9107e9e03f62ce6676b3380dbf17b0a209e473f0bfdb657", "size": 11154, "type": "file", "uid": 0}
  actual:   MISSING
MISMATCH /usr/share/man/man3/Test2::Tools::Ref.3
  expected: {"gid": 0, "mode": 420, "path": "/usr/share/man/man3/Test2::Tools::Ref.3", "sha256": "8c316468993d8f80563233c6af8f72bb022ea78c1c05226474e6e7aa43c65889", "size": 3867, "type": "file", "uid": 0}
  actual:   MISSING
MISMATCH /usr/share/man/man3/Test2::Tools::Refcount.3
  expected: {"gid": 0, "mode": 420, "path": "/usr/share/man/man3/Test2::Tools::Refcount.3", "sha256": "17ac5fb015769290e44f4de9632fcf1b990d23ebf432f524fc136908e6cbb16f", "size": 9332, "type": "file", "uid": 0}
  actual:   MISSING
MISMATCH /usr/share/man/man3/Test2::Tools::Spec.3
  expected: {"gid": 0, "mode": 420, "path": "/usr/share/man/man3/Test2::Tools::Spec.3", "sha256": "890d473154daa7e995c5f7d7b1490ef1120af153242112ede4c895af3cd29850", "size": 13979, "type": "file", "uid": 0}
  actual:   MISSING
MISMATCH /usr/share/man/man3/Test2::Tools::Subtest.3
  expected: {"gid": 0, "mode": 420, "path": "/usr/share/man/man3/Test2::Tools::Subtest.3", "sha256": "6486e0ba5383a6ef8f41b1f94972c3a08c563308e095473d463900be2d00718d", "size": 5945, "type": "file", "uid": 0}
  actual:   MISSING
MISMATCH /usr/share/man/man3/Test2::Tools::Target.3
  expected: {"gid": 0, "mode": 420, "path": "/usr/share/man/man3/Test2::Tools::Target.3", "sha256": "f22bef2a207297fc93cd89b25a4f277fc60f4d986a92a3d2754a936532a3ae9e", "size": 2852, "type": "file", "uid": 0}
  actual:   MISSING
MISMATCH /usr/share/man/man3/Test2::Tools::Tester.3
  expected: {"gid": 0, "mode": 420, "path": "/usr/share/man/man3/Test2::Tools::Tester.3", "sha256": "ce546f17bdc17789e5d1f9e621ff464a7ffe1a00281817beea777b2a79967e29", "size": 7119, "type": "file", "uid": 0}
  actual:   MISSING
MISMATCH /usr/share/man/man3/Test2::Tools::Tiny.3
  expected: {"gid": 0, "mode": 420, "path": "/usr/share/man/man3/Test2::Tools::Tiny.3", "sha256": "c184fb8b49017231085d72ecea46ed9d4b9203bf8ccc2f333e4f1eaf3798ae76", "size": 6194, "type": "file", "uid": 0}
  actual:   MISSING
MISMATCH /usr/share/man/man3/Test2::Tools::Warnings.3
  expected: {"gid": 0, "mode": 420, "path": "/usr/share/man/man3/Test2::Tools::Warnings.3", "sha256": "e64961da5f8a3dd1485a7acee3d2295387c542eb7dfa1c67a3da97d9dbd63204", "size": 4227, "type": "file", "uid": 0}
  actual:   MISSING
MISMATCH /usr/share/man/man3/Test2::Transition.3
  expected: {"gid": 0, "mode": 420, "path": "/usr/share/man/man3/Test2::Transition.3", "sha256": "bf1d55b5e27092ed961f5f80949108163c54ec1c970292dd94315ed3cc2f0ff3", "size": 17538, "type": "file", "uid": 0}
  actual:   MISSING
MISMATCH /usr/share/man/man3/Test2::Util.3
  expected: {"gid": 0, "mode": 420, "path": "/usr/share/man/man3/Test2::Util.3", "sha256": "eb24415f7058e7fe5a80eb8c131681183cdc90bf32ad53071848d1f55ef223fc", "size": 6440, "type": "file", "uid": 0}
  actual:   MISSING
MISMATCH /usr/share/man/man3/Test2::Util::ExternalMeta.3
  expected: {"gid": 0, "mode": 420, "path": "/usr/share/man/man3/Test2::Util::ExternalMeta.3", "sha256": "4b6574ff116c418290508c46a70aa7f564df9ea8887819c52c1cd480f35f77dd", "size": 4984, "type": "file", "uid": 0}
  actual:   MISSING
MISMATCH /usr/share/man/man3/Test2::Util::Facets2Legacy.3
  expected: {"gid": 0, "mode": 420, "path": "/usr/share/man/man3/Test2::Util::Facets2Legacy.3", "sha256": "f72c3150be0c5cf34333c844e4882c9c76e82d949e68a24999aaa7cb9f9b1b81", "size": 7662, "type": "file", "uid": 0}
  actual:   MISSING
MISMATCH /usr/share/man/man3/Test2::Util::Grabber.3
  expected: {"gid": 0, "mode": 420, "path": "/usr/share/man/man3/Test2::Util::Grabber.3", "sha256": "3e50709cbb5bd78b5d4d5a1e21d05ac197f900bdd3d0735e03dd38138aeaea5b", "size": 6436, "type": "file", "uid": 0}
  actual:   MISSING
MISMATCH /usr/share/man/man3/Test2::Util::Guard.3
  expected: {"gid": 0, "mode": 420, "path": "/usr/share/man/man3/Test2::Util::Guard.3", "sha256": "072954c1327c1332e55bbe1c2c1503d99fe1049223b393d919301fe1adc9e47c", "size": 2330, "type": "file", "uid": 0}
  actual:   MISSING
MISMATCH /usr/share/man/man3/Test2::Util::HashBase.3
  expected: {"gid": 0, "mode": 420, "path": "/usr/share/man/man3/Test2::Util::HashBase.3", "sha256": "9a1daa81cb8b7f22b9768d24b05deded22b01783c31a856bfec63942b7a8e2d3", "size": 11682, "type": "file", "uid": 0}
  actual:   MISSING
MISMATCH /usr/share/man/man3/Test2::Util::Importer.3
  expected: {"gid": 0, "mode": 420, "path": "/usr/share/man/man3/Test2::Util::Importer.3", "sha256": "c4cba8939116fb71131b03069b805feea1b4dc737525b6c95428f86e7aebf3f2", "size": 2244, "type": "file", "uid": 0}
  actual:   MISSING
MISMATCH /usr/share/man/man3/Test2::Util::Ref.3
  expected: {"gid": 0, "mode": 420, "path": "/usr/share/man/man3/Test2::Util::Ref.3", "sha256": "8d665d61c387d0282fc3b1c97c67096fd9c5a0cee3c762b92416fef455452476", "size": 3466, "type": "file", "uid": 0}
  actual:   MISSING
MISMATCH /usr/share/man/man3/Test2::Util::Sig.3
  expected: {"gid": 0, "mode": 420, "path": "/usr/share/man/man3/Test2::Util::Sig.3", "sha256": "07c58e5dd9e6354b27cb78595c6914b734e889de67132d8f640d8f349d6bd00a", "size": 3246, "type": "file", "uid": 0}
  actual:   MISSING
MISMATCH /usr/share/man/man3/Test2::Util::Stash.3
  expected: {"gid": 0, "mode": 420, "path": "/usr/share/man/man3/Test2::Util::Stash.3", "sha256": "7717950d16cdab17173e47dc83ae9e9b865be71dec1a2fae2240dddf63f0c91d", "size": 5374, "type": "file", "uid": 0}
  actual:   MISSING
MISMATCH /usr/share/man/man3/Test2::Util::Sub.3
  expected: {"gid": 0, "mode": 420, "path": "/usr/share/man/man3/Test2::Util::Sub.3", "sha256": "f10212dd598c67604c0581278abfb09704b4fb45ae600591baba3e0913fe91f0", "size": 5698, "type": "file", "uid": 0}
  actual:   MISSING
MISMATCH /usr/share/man/man3/Test2::Util::Table.3
  expected: {"gid": 0, "mode": 420, "path": "/usr/share/man/man3/Test2::Util::Table.3", "sha256": "c371588651a5cf027bf94f28ff9f7da19c2bdbe877d0b23296236b74aae7b1f0", "size": 7147, "type": "file", "uid": 0}
  actual:   MISSING
MISMATCH /usr/share/man/man3/Test2::Util::Table::LineBreak.3
  expected: {"gid": 0, "mode": 420, "path": "/usr/share/man/man3/Test2::Util::Table::LineBreak.3", "sha256": "e8d802191a1cb22e809f651f60503d0d12716aa71b94d40f4729abb69284ffe4", "size": 2774, "type": "file", "uid": 0}
  actual:   MISSING
MISMATCH /usr/share/man/man3/Test2::Util::Times.3
  expected: {"gid": 0, "mode": 420, "path": "/usr/share/man/man3/Test2::Util::Times.3", "sha256": "1b5eb071fb27f2b8c73fca74d90f79e7ba2be993bb4ba72b72fae736e9224e01", "size": 3881, "type": "file", "uid": 0}
  actual:   MISSING
MISMATCH /usr/share/man/man3/Test2::Util::Trace.3
  expected: {"gid": 0, "mode": 420, "path": "/usr/share/man/man3/Test2::Util::Trace.3", "sha256": "3e221b1d24c4e38160d8d78f49d2a02621fbaa57a941491939ee7a9bfe12b8b5", "size": 2450, "type": "file", "uid": 0}
  actual:   MISSING
MISMATCH /usr/share/man/man3/Test2::V0.3
  expected: {"gid": 0, "mode": 420, "path": "/usr/share/man/man3/Test2::V0.3", "sha256": "e337d681d1702d59c4ea68973f1d58db336444b79467c5e63c235d5463336419", "size": 17947, "type": "file", "uid": 0}
  actual:   MISSING
MISMATCH /usr/share/man/man3/Test2::Workflow.3
  expected: {"gid": 0, "mode": 420, "path": "/usr/share/man/man3/Test2::Workflow.3", "sha256": "521fbb5c7278535e366e7dbb7a9192fd2edd4ba7a9bb6d1452577aca9865836f", "size": 6997, "type": "file", "uid": 0}
  actual:   MISSING
MISMATCH /usr/share/man/man3/Test2::Workflow::BlockBase.3
  expected: {"gid": 0, "mode": 420, "path": "/usr/share/man/man3/Test2::Workflow::BlockBase.3", "sha256": "5b2dd6a1c6ae6f9112e1710ae7ea5324814962ff5ccc526c2b281bd9b732c0b9", "size": 2364, "type": "file", "uid": 0}
  actual:   MISSING
MISMATCH /usr/share/man/man3/Test2::Workflow::Build.3
  expected: {"gid": 0, "mode": 420, "path": "/usr/share/man/man3/Test2::Workflow::Build.3", "sha256": "f2f757f87025db7d5b3946f65c69dee71aa0cacdbcbb2ca7121c89375422583a", "size": 2348, "type": "file", "uid": 0}
  actual:   MISSING
MISMATCH /usr/share/man/man3/Test2::Workflow::Runner.3
  expected: {"gid": 0, "mode": 420, "path": "/usr/share/man/man3/Test2::Workflow::Runner.3", "sha256": "25477a9e80fc08e4b62fd6b5682a13df9cacf51afe86369d48d8e79eced58f18", "size": 2339, "type": "file", "uid": 0}
  actual:   MISSING
MISMATCH /usr/share/man/man3/Test2::Workflow::Task.3
  expected: {"gid": 0, "mode": 420, "path": "/usr/share/man/man3/Test2::Workflow::Task.3", "sha256": "a900c7e12b68ce77b3309b9b4b3027c7457fee9e02ad46db7cc8c9c8feaf30a3", "size": 2337, "type": "file", "uid": 0}
  actual:   MISSING
MISMATCH /usr/share/man/man3/Test2::Workflow::Task::Action.3
  expected: {"gid": 0, "mode": 420, "path": "/usr/share/man/man3/Test2::Workflow::Task::Action.3", "sha256": "444dce21526ffaba5ba433b60601fbe787db9f34bdf76989e1681dbd87e13c91", "size": 2365, "type": "file", "uid": 0}
  actual:   MISSING
MISMATCH /usr/share/man/man3/Test2::Workflow::Task::Group.3
  expected: {"gid": 0, "mode": 420, "path": "/usr/share/man/man3/Test2::Workflow::Task::Group.3", "sha256": "a9ff8d65091daff7901020fb7c5beae81d9d33562e44698cfdb2514d2c64b84b", "size": 2371, "type": "file", "uid": 0}
  actual:   MISSING
MISMATCH /usr/share/man/man3/Test::Builder.3
  expected: {"gid": 0, "mode": 420, "path": "/usr/share/man/man3/Test::Builder.3", "sha256": "4f14230094499b4403ebbc45c3491b0de433c214b0933fce6125fd916abbaa81", "size": 26503, "type": "file", "uid": 0}
  actual:   MISSING
MISMATCH /usr/share/man/man3/Test::Builder::Formatter.3
  expected: {"gid": 0, "mode": 420, "path": "/usr/share/man/man3/Test::Builder::Formatter.3", "sha256": "36558265b5134759d0c910028b975d5cc9df8b95af39718edb3c7f14caa739d0", "size": 2552, "type": "file", "uid": 0}
  actual:   MISSING
MISMATCH /usr/share/man/man3/Test::Builder::Module.3
  expected: {"gid": 0, "mode": 420, "path": "/usr/share/man/man3/Test::Builder::Module.3", "sha256": "5e2ac44bfefd82f74446f869264ec64a774073345bbac8f365f230812f6cf022", "size": 4997, "type": "file", "uid": 0}
  actual:   MISSING
MISMATCH /usr/share/man/man3/Test::Builder::Tester.3
  expected: {"gid": 0, "mode": 420, "path": "/usr/share/man/man3/Test::Builder::Tester.3", "sha256": "2766777b6af85d379b1a26858041160ff532669858902ccde04e18e673a9664d", "size": 10922, "type": "file", "uid": 0}
  actual:   MISSING
MISMATCH /usr/share/man/man3/Test::Builder::Tester::Color.3
  expected: {"gid": 0, "mode": 420, "path": "/usr/share/man/man3/Test::Builder::Tester::Color.3", "sha256": "571801dbdff0e33766d1ffb228c17c7e4301e5f3d5fc7011e88be5e925002a92", "size": 2556, "type": "file", "uid": 0}
  actual:   MISSING
MISMATCH /usr/share/man/man3/Test::Builder::TodoDiag.3
  expected: {"gid": 0, "mode": 420, "path": "/usr/share/man/man3/Test::Builder::TodoDiag.3", "sha256": "503f184b612cb3911dddd900d6a2931d9131899409a9da1201c056190822f8d7", "size": 2520, "type": "file", "uid": 0}
  actual:   MISSING
MISMATCH /usr/share/man/man3/Test::Harness.3
  expected: {"gid": 0, "mode": 420, "path": "/usr/share/man/man3/Test::Harness.3", "sha256": "ef250549f914be3724960aed55f9e320b1fd4276323d3d965f197992a24aa801", "size": 10403, "type": "file", "uid": 0}
  actual:   MISSING
MISMATCH /usr/share/man/man3/Test::More.3
  expected: {"gid": 0, "mode": 420, "path": "/usr/share/man/man3/Test::More.3", "sha256": "74842f15041a128b4faeb02e7be86f77fd50fb43d250cc53aaa4070ba5a61690", "size": 42416, "type": "file", "uid": 0}
  actual:   MISSING
MISMATCH /usr/share/man/man3/Test::Simple.3
  expected: {"gid": 0, "mode": 420, "path": "/usr/share/man/man3/Test::Simple.3", "sha256": "c1b0c24e1995897daa4f10add56c7ede13b9bdf8f3a9e99b4a323d7c48582a4e", "size": 8456, "type": "file", "uid": 0}
  actual:   MISSING
MISMATCH /usr/share/man/man3/Test::Tester.3
  expected: {"gid": 0, "mode": 420, "path": "/usr/share/man/man3/Test::Tester.3", "sha256": "89636dd9c1f3d0c2b17ed8340487f72d172cc2235e6504fc21b274b04ea29bb5", "size": 15800, "type": "file", "uid": 0}
  actual:   MISSING
MISMATCH /usr/share/man/man3/Test::Tester::Capture.3
  expected: {"gid": 0, "mode": 420, "path": "/usr/share/man/man3/Test::Tester::Capture.3", "sha256": "f964e6f8bf41971ecff28eb4f1cdb46ea7038b372f6f3459ac275054aea8f73c", "size": 2321, "type": "file", "uid": 0}
  actual:   MISSING
MISMATCH /usr/share/man/man3/Test::Tester::CaptureRunner.3
  expected: {"gid": 0, "mode": 420, "path": "/usr/share/man/man3/Test::Tester::CaptureRunner.3", "sha256": "54ba6802b4f68131ed22815097933281e5dad12c5252bd17ddab433979fb1215", "size": 2089, "type": "file", "uid": 0}
  actual:   MISSING
MISMATCH /usr/share/man/man3/Test::Tutorial.3
  expected: {"gid": 0, "mode": 420, "path": "/usr/share/man/man3/Test::Tutorial.3", "sha256": "d15c5ae283bfead850e0991bd049a3ec3cdd3857ac4d25270aba70db5dbdd520", "size": 23601, "type": "file", "uid": 0}
  actual:   MISSING
MISMATCH /usr/share/man/man3/Test::use::ok.3
  expected: {"gid": 0, "mode": 420, "path": "/usr/share/man/man3/Test::use::ok.3", "sha256": "5c1fae86d09e95814baab8413b52a4e949a5939c18ef12cc1e0ba1a1aba36cb4", "size": 3264, "type": "file", "uid": 0}
  actual:   MISSING
MISMATCH /usr/share/man/man3/Text::Abbrev.3
  expected: {"gid": 0, "mode": 420, "path": "/usr/share/man/man3/Text::Abbrev.3", "sha256": "03490e0ddbe8b1ee630e3ab98417b0496d9691342283ef850db7c1905e04f460", "size": 2292, "type": "file", "uid": 0}
  actual:   MISSING
MISMATCH /usr/share/man/man3/Text::Balanced.3
  expected: {"gid": 0, "mode": 420, "path": "/usr/share/man/man3/Text::Balanced.3", "sha256": "4fc3056fa7f981c6353a0cccf84ff7466422adb07c0b89648aa75d4858a718d3", "size": 55700, "type": "file", "uid": 0}
  actual:   MISSING
MISMATCH /usr/share/man/man3/Text::ParseWords.3
  expected: {"gid": 0, "mode": 420, "path": "/usr/share/man/man3/Text::ParseWords.3", "sha256": "20edfceb6fe0b84f8a1859f1f6284ed69e19669e44d517fc2f706d275bc4f519", "size": 5881, "type": "file", "uid": 0}
  actual:   MISSING
MISMATCH /usr/share/man/man3/Text::Tabs.3
  expected: {"gid": 0, "mode": 420, "path": "/usr/share/man/man3/Text::Tabs.3", "sha256": "3a8708c30585d5330d9fa228de3075ca637e2bd4fc9f0bcf5c757bfe94747211", "size": 4406, "type": "file", "uid": 0}
  actual:   MISSING
MISMATCH /usr/share/man/man3/Text::Wrap.3
  expected: {"gid": 0, "mode": 420, "path": "/usr/share/man/man3/Text::Wrap.3", "sha256": "e4a1141edbfca094e321443f1022dc876e138a11604576e515f2e4bd7b042805", "size": 8130, "type": "file", "uid": 0}
  actual:   MISSING
MISMATCH /usr/share/man/man3/Thread.3
  expected: {"gid": 0, "mode": 420, "path": "/usr/share/man/man3/Thread.3", "sha256": "bb2aab6a56bd1f2abc23c381785eb18160e8e300c0ce956b7688f3eeb880e59b", "size": 11014, "type": "file", "uid": 0}
  actual:   MISSING
MISMATCH /usr/share/man/man3/Thread::Queue.3
  expected: {"gid": 0, "mode": 420, "path": "/usr/share/man/man3/Thread::Queue.3", "sha256": "5dbe9029aada9f1179b034add7beaf5296725aec25733b4e28233adec82c7524", "size": 13226, "type": "file", "uid": 0}
  actual:   MISSING
MISMATCH /usr/share/man/man3/Thread::Semaphore.3
  expected: {"gid": 0, "mode": 420, "path": "/usr/share/man/man3/Thread::Semaphore.3", "sha256": "ea3b05c4884426f6a7bc66a3d6a231216331cd99602cb930610f85c9e1fd4ee4", "size": 7569, "type": "file", "uid": 0}
  actual:   MISSING
MISMATCH /usr/share/man/man3/Tie::Array.3
  expected: {"gid": 0, "mode": 420, "path": "/usr/share/man/man3/Tie::Array.3", "sha256": "ed617aeb82091c3a693f6e7f256fb2158ed8c6674a106591362e1659dda898b1", "size": 7455, "type": "file", "uid": 0}
  actual:   MISSING
MISMATCH /usr/share/man/man3/Tie::File.3
  expected: {"gid": 0, "mode": 420, "path": "/usr/share/man/man3/Tie::File.3", "sha256": "27a47b8ab36e522fd33b71c9d7966e6f285acf34cb3c4a9d59aa0f85c2064bf9", "size": 28345, "type": "file", "uid": 0}
  actual:   MISSING
MISMATCH /usr/share/man/man3/Tie::Handle.3
  expected: {"gid": 0, "mode": 420, "path": "/usr/share/man/man3/Tie::Handle.3", "sha256": "85c9ed795eb2446c4b7b2ce3b889335aeb7cc7932e34af29678b1c305ff95e95", "size": 4868, "type": "file", "uid": 0}
  actual:   MISSING
MISMATCH /usr/share/man/man3/Tie::Hash.3
  expected: {"gid": 0, "mode": 420, "path": "/usr/share/man/man3/Tie::Hash.3", "sha256": "754d45b4a7750ab62fc18fec8ed24a03712bf60cee6a6a7cfa40f8292c93c2cb", "size": 8410, "type": "file", "uid": 0}
  actual:   MISSING
MISMATCH /usr/share/man/man3/Tie::Hash::NamedCapture.3
  expected: {"gid": 0, "mode": 420, "path": "/usr/share/man/man3/Tie::Hash::NamedCapture.3", "sha256": "6e773c9f13a864efea303a1abb457d91ac4d7ffa916f5a5670fa0057ca8e7cf1", "size": 3386, "type": "file", "uid": 0}
  actual:   MISSING
MISMATCH /usr/share/man/man3/Tie::Memoize.3
  expected: {"gid": 0, "mode": 420, "path": "/usr/share/man/man3/Tie::Memoize.3", "sha256": "5090b6740cc6595c7e8d855bed1d745d94afe27c4322bf532e5760ebb6953d94", "size": 4729, "type": "file", "uid": 0}
  actual:   MISSING
MISMATCH /usr/share/man/man3/Tie::RefHash.3
  expected: {"gid": 0, "mode": 420, "path": "/usr/share/man/man3/Tie::RefHash.3", "sha256": "99eee1ba6e4d3b950d908f78a5baea0f2981dd42ed06ad86028efd3196271665", "size": 4676, "type": "file", "uid": 0}
  actual:   MISSING
MISMATCH /usr/share/man/man3/Tie::Scalar.3
  expected: {"gid": 0, "mode": 420, "path": "/usr/share/man/man3/Tie::Scalar.3", "sha256": "e29d0a8b6c5478ae1926d4378adbeae847f6a1238b0fe87757655835e4eed8cb", "size": 4948, "type": "file", "uid": 0}
  actual:   MISSING
MISMATCH /usr/share/man/man3/Tie::StdHandle.3
  expected: {"gid": 0, "mode": 420, "path": "/usr/share/man/man3/Tie::StdHandle.3", "sha256": "ed3054f96e656640b1869e9c7d2e245309ea3de56e02148692d8633ad97766b9", "size": 2365, "type": "file", "uid": 0}
  actual:   MISSING
MISMATCH /usr/share/man/man3/Tie::SubstrHash.3
  expected: {"gid": 0, "mode": 420, "path": "/usr/share/man/man3/Tie::SubstrHash.3", "sha256": "651faa20d5baf7a9b8435f2726c0a425dbf3dc71a176480d9a38e78ee7f63636", "size": 3140, "type": "file", "uid": 0}
  actual:   MISSING
MISMATCH /usr/share/man/man3/Time::HiRes.3
  expected: {"gid": 0, "mode": 420, "path": "/usr/share/man/man3/Time::HiRes.3", "sha256": "b764f26056dfae95891d2abd9b5faa02716f2bcd37644bfe73d05d1db125bdd6", "size": 27810, "type": "file", "uid": 0}
  actual:   MISSING
MISMATCH /usr/share/man/man3/Time::Local.3
  expected: {"gid": 0, "mode": 420, "path": "/usr/share/man/man3/Time::Local.3", "sha256": "f5af16f3e6ea30cfc44b89c202d2bd0e7b3f384559b2243a8890223bf23d8b74", "size": 13271, "type": "file", "uid": 0}
  actual:   MISSING
MISMATCH /usr/share/man/man3/Time::Piece.3
  expected: {"gid": 0, "mode": 420, "path": "/usr/share/man/man3/Time::Piece.3", "sha256": "9c4455b73c2825175ae309f498d8b0171a73df6ba783920e67a4e94bf05b6ef2", "size": 14251, "type": "file", "uid": 0}
  actual:   MISSING
MISMATCH /usr/share/man/man3/Time::Seconds.3
  expected: {"gid": 0, "mode": 420, "path": "/usr/share/man/man3/Time::Seconds.3", "sha256": "621fdd980b754634f426a96f0d5eb2980105020671a7baf2ecf398a0720d04b5", "size": 3789, "type": "file", "uid": 0}
  actual:   MISSING
MISMATCH /usr/share/man/man3/Time::gmtime.3
  expected: {"gid": 0, "mode": 420, "path": "/usr/share/man/man3/Time::gmtime.3", "sha256": "607ae41764dec21b9e92e9e6f03834184eb5d441e1ae10d5d7b943fe82bd21ac", "size": 3571, "type": "file", "uid": 0}
  actual:   MISSING
MISMATCH /usr/share/man/man3/Time::localtime.3
  expected: {"gid": 0, "mode": 420, "path": "/usr/share/man/man3/Time::localtime.3", "sha256": "d3114d055ab9c8f68a77b61c0f87acb07498e260722f9f832d8b8a623ffcff9a", "size": 3366, "type": "file", "uid": 0}
  actual:   MISSING
MISMATCH /usr/share/man/man3/Time::tm.3
  expected: {"gid": 0, "mode": 420, "path": "/usr/share/man/man3/Time::tm.3", "sha256": "558c1dd59c7af3e6b095114a98d14ea53269fa9ba02d4cbf8600627d938e242c", "size": 2194, "type": "file", "uid": 0}
  actual:   MISSING
MISMATCH /usr/share/man/man3/UNIVERSAL.3
  expected: {"gid": 0, "mode": 420, "path": "/usr/share/man/man3/UNIVERSAL.3", "sha256": "9acdf540d765e8f7743f2d4bb195bce139f817c61c58767e9f8304367ddc5cf2", "size": 10035, "type": "file", "uid": 0}
  actual:   MISSING
MISMATCH /usr/share/man/man3/Unicode::Collate.3
  expected: {"gid": 0, "mode": 420, "path": "/usr/share/man/man3/Unicode::Collate.3", "sha256": "fe964e583c231a9d09f7b851edf8f943c85014903d194df3ae108d19638e4f5f", "size": 50228, "type": "file", "uid": 0}
  actual:   MISSING
MISMATCH /usr/share/man/man3/Unicode::Collate::CJK::Big5.3
  expected: {"gid": 0, "mode": 420, "path": "/usr/share/man/man3/Unicode::Collate::CJK::Big5.3", "sha256": "ff1f43aae89b74f9fcdd9df94b5f34b824e717845900b019012b7b79c9559ae6", "size": 2770, "type": "file", "uid": 0}
  actual:   MISSING
MISMATCH /usr/share/man/man3/Unicode::Collate::CJK::GB2312.3
  expected: {"gid": 0, "mode": 420, "path": "/usr/share/man/man3/Unicode::Collate::CJK::GB2312.3", "sha256": "559f8ef1c2b940e938c8191e78c0024bddf38f8327ccbc93e02b23a0da41ea28", "size": 3007, "type": "file", "uid": 0}
  actual:   MISSING
MISMATCH /usr/share/man/man3/Unicode::Collate::CJK::JISX0208.3
  expected: {"gid": 0, "mode": 420, "path": "/usr/share/man/man3/Unicode::Collate::CJK::JISX0208.3", "sha256": "550607895e5835cf5860bccd8a808ed12e599dff5a8ca2d534d4d2a61c4bd191", "size": 2480, "type": "file", "uid": 0}
  actual:   MISSING
MISMATCH /usr/share/man/man3/Unicode::Collate::CJK::Korean.3
  expected: {"gid": 0, "mode": 420, "path": "/usr/share/man/man3/Unicode::Collate::CJK::Korean.3", "sha256": "92e0e1959d24838573335e1304474c1616b3e5b9ae72ada034bb21a23bc06bc7", "size": 2785, "type": "file", "uid": 0}
  actual:   MISSING
MISMATCH /usr/share/man/man3/Unicode::Collate::CJK::Pinyin.3
  expected: {"gid": 0, "mode": 420, "path": "/usr/share/man/man3/Unicode::Collate::CJK::Pinyin.3", "sha256": "ab88906b2424ceae6d79944abdd895c9e28f89022b5229f515ec6f1122990537", "size": 3004, "type": "file", "uid": 0}
  actual:   MISSING
MISMATCH /usr/share/man/man3/Unicode::Collate::CJK::Stroke.3
  expected: {"gid": 0, "mode": 420, "path": "/usr/share/man/man3/Unicode::Collate::CJK::Stroke.3", "sha256": "3c6cc7ff8199474cff33c14daae403ba3be12b3312663fbdcc80a9c925c60dbc", "size": 3004, "type": "file", "uid": 0}
  actual:   MISSING
MISMATCH /usr/share/man/man3/Unicode::Collate::CJK::Zhuyin.3
  expected: {"gid": 0, "mode": 420, "path": "/usr/share/man/man3/Unicode::Collate::CJK::Zhuyin.3", "sha256": "a4dff075e16be75844a31ab1d19958a6fac3a6308580ebc1bf510fb87d927590", "size": 3015, "type": "file", "uid": 0}
  actual:   MISSING
MISMATCH /usr/share/man/man3/Unicode::Collate::Locale.3
  expected: {"gid": 0, "mode": 420, "path": "/usr/share/man/man3/Unicode::Collate::Locale.3", "sha256": "73021c8d2b190696480876c6761b16d011560646b836b0c16feeacce2a1186c4", "size": 19959, "type": "file", "uid": 0}
  actual:   MISSING
MISMATCH /usr/share/man/man3/Unicode::Normalize.3
  expected: {"gid": 0, "mode": 420, "path": "/usr/share/man/man3/Unicode::Normalize.3", "sha256": "10b70c34742e870aa013f7bd2fa791a2e17ac3b98d032be73bacd8b3b99bfda2", "size": 24364, "type": "file", "uid": 0}
  actual:   MISSING
MISMATCH /usr/share/man/man3/Unicode::UCD.3
  expected: {"gid": 0, "mode": 420, "path": "/usr/share/man/man3/Unicode::UCD.3", "sha256": "2acb8069b24fa07a0f511606321ee8a3e6197ad94d77ff94a7a5c5850d3d19cf", "size": 85069, "type": "file", "uid": 0}
  actual:   MISSING
MISMATCH /usr/share/man/man3/User::grent.3
  expected: {"gid": 0, "mode": 420, "path": "/usr/share/man/man3/User::grent.3", "sha256": "3c43b0968f5c44522d63442390389352cd8690944baf02fc1809f61af65d193a", "size": 3812, "type": "file", "uid": 0}
  actual:   MISSING
MISMATCH /usr/share/man/man3/User::pwent.3
  expected: {"gid": 0, "mode": 420, "path": "/usr/share/man/man3/User::pwent.3", "sha256": "18dc6fc55deb7e7b971809c0fa099bd62649643959d1e3913605c091d9321991", "size": 7041, "type": "file", "uid": 0}
  actual:   MISSING
MISMATCH /usr/share/man/man3/XSLoader.3
  expected: {"gid": 0, "mode": 420, "path": "/usr/share/man/man3/XSLoader.3", "sha256": "e311e40b807d22be08d1cedcdfdd6f13138b9005699783e4c3851ade93c5fe08", "size": 10681, "type": "file", "uid": 0}
  actual:   MISSING
MISMATCH /usr/share/man/man3/attributes.3
  expected: {"gid": 0, "mode": 420, "path": "/usr/share/man/man3/attributes.3", "sha256": "49f5ccc1ce4ffd639d15a9c6b4f930c75739672041f427036604e84db82300d5", "size": 16797, "type": "file", "uid": 0}
  actual:   MISSING
MISMATCH /usr/share/man/man3/autodie.3
  expected: {"gid": 0, "mode": 420, "path": "/usr/share/man/man3/autodie.3", "sha256": "5dc7a99da9d6c6f462ddda919e048600f6ca8a5b9b2408d09671cb35f080d6ed", "size": 14577, "type": "file", "uid": 0}
  actual:   MISSING
MISMATCH /usr/share/man/man3/autodie::Scope::Guard.3
  expected: {"gid": 0, "mode": 420, "path": "/usr/share/man/man3/autodie::Scope::Guard.3", "sha256": "48d5557805bc2408aca765d0727d136b55d6c5048b3f524b79f0025464794daa", "size": 2780, "type": "file", "uid": 0}
  actual:   MISSING
MISMATCH /usr/share/man/man3/autodie::Scope::GuardStack.3
  expected: {"gid": 0, "mode": 420, "path": "/usr/share/man/man3/autodie::Scope::GuardStack.3", "sha256": "52a4c6962283847496fc7537bebd46f57e12d5c6af3a9f4c27a0f8fb164e3b56", "size": 3279, "type": "file", "uid": 0}
  actual:   MISSING
MISMATCH /usr/share/man/man3/autodie::Util.3
  expected: {"gid": 0, "mode": 420, "path": "/usr/share/man/man3/autodie::Util.3", "sha256": "197c62b3832c46d805dc748b8d1611b6aa617d5478d8b803922f449a4967165f", "size": 5021, "type": "file", "uid": 0}
  actual:   MISSING
MISMATCH /usr/share/man/man3/autodie::exception.3
  expected: {"gid": 0, "mode": 420, "path": "/usr/share/man/man3/autodie::exception.3", "sha256": "c3e00aa9df92355b6d7a8e18fcff29918c369dd55ca9cf74c25b58bbf103c37f", "size": 10361, "type": "file", "uid": 0}
  actual:   MISSING
MISMATCH /usr/share/man/man3/autodie::exception::system.3
  expected: {"gid": 0, "mode": 420, "path": "/usr/share/man/man3/autodie::exception::system.3", "sha256": "94640fb0787f1fbe6f741dade8ef4139a2df06089db7691feb9b4930da09dd8c", "size": 2840, "type": "file", "uid": 0}
  actual:   MISSING
MISMATCH /usr/share/man/man3/autodie::hints.3
  expected: {"gid": 0, "mode": 420, "path": "/usr/share/man/man3/autodie::hints.3", "sha256": "f603d1e232d1d25a5022d38448b047b73fb586c725e7efb211363d275b26fe99", "size": 15678, "type": "file", "uid": 0}
  actual:   MISSING
MISMATCH /usr/share/man/man3/autodie::skip.3
  expected: {"gid": 0, "mode": 420, "path": "/usr/share/man/man3/autodie::skip.3", "sha256": "8ddf1ea1a52d9fc635270a4767ba64fcad080f32a6a67a674b1880278dcd0cb9", "size": 2526, "type": "file", "uid": 0}
  actual:   MISSING
MISMATCH /usr/share/man/man3/autouse.3
  expected: {"gid": 0, "mode": 420, "path": "/usr/share/man/man3/autouse.3", "sha256": "49893a08014996fe2f35bc853b6539ad68fdbbcd30baba9078a12a47df47eef8", "size": 4030, "type": "file", "uid": 0}
  actual:   MISSING
MISMATCH /usr/share/man/man3/base.3
  expected: {"gid": 0, "mode": 420, "path": "/usr/share/man/man3/base.3", "sha256": "73c91f963ea14f4a8d5a3d1ae4aadf064b57c1c12b48e0a015104a0df98f25ff", "size": 4159, "type": "file", "uid": 0}
  actual:   MISSING
MISMATCH /usr/share/man/man3/bigfloat.3
  expected: {"gid": 0, "mode": 420, "path": "/usr/share/man/man3/bigfloat.3", "sha256": "d78d368507f750a167fcd1b2bf2d725dd91d9fb5707b0fc1999b949628403525", "size": 15169, "type": "file", "uid": 0}
  actual:   MISSING
MISMATCH /usr/share/man/man3/bigint.3
  expected: {"gid": 0, "mode": 420, "path": "/usr/share/man/man3/bigint.3", "sha256": "1a89ad7a986aaf28881ef754bb783bf2fa255ff766ef8f295d6b2a1d8cae692b", "size": 16489, "type": "file", "uid": 0}
  actual:   MISSING
MISMATCH /usr/share/man/man3/bignum.3
  expected: {"gid": 0, "mode": 420, "path": "/usr/share/man/man3/bignum.3", "sha256": "e6a878bfd21318d94de7628a88f6f411cfbbb7a3bb7a25f67a90233e47ffb3bb", "size": 19963, "type": "file", "uid": 0}
  actual:   MISSING
MISMATCH /usr/share/man/man3/bigrat.3
  expected: {"gid": 0, "mode": 420, "path": "/usr/share/man/man3/bigrat.3", "sha256": "e6959b086818558c67e30dbe09170f4d500a0e820ede75aca64ad9a12f3de6bf", "size": 14289, "type": "file", "uid": 0}
  actual:   MISSING
MISMATCH /usr/share/man/man3/blib.3
  expected: {"gid": 0, "mode": 420, "path": "/usr/share/man/man3/blib.3", "sha256": "b9da36ad39c6a7aea68b900d55721d7cdefb913408acdfa62eb5ae1163548f76", "size": 2429, "type": "file", "uid": 0}
  actual:   MISSING
MISMATCH /usr/share/man/man3/builtin.3
  expected: {"gid": 0, "mode": 420, "path": "/usr/share/man/man3/builtin.3", "sha256": "70b454ea6989e106e2ba33f1c38eebcf7359061b765b31835f2ff242427b2463", "size": 19446, "type": "file", "uid": 0}
  actual:   MISSING
MISMATCH /usr/share/man/man3/bytes.3
  expected: {"gid": 0, "mode": 420, "path": "/usr/share/man/man3/bytes.3", "sha256": "698a02c8b6430fb76673bec5f8d9df5b9248f25f951d1cc0123c2259adf86483", "size": 5323, "type": "file", "uid": 0}
  actual:   MISSING
MISMATCH /usr/share/man/man3/charnames.3
  expected: {"gid": 0, "mode": 420, "path": "/usr/share/man/man3/charnames.3", "sha256": "6fb21b3441e0d89dfedb3b203d0e7342434e50284a5d5af9a10c867e67773a80", "size": 22258, "type": "file", "uid": 0}
  actual:   MISSING
MISMATCH /usr/share/man/man3/constant.3
  expected: {"gid": 0, "mode": 420, "path": "/usr/share/man/man3/constant.3", "sha256": "810f15b2c3e7183a380d830e2d01af996131d28a9c22ea93b2536562c3a2ddc0", "size": 11581, "type": "file", "uid": 0}
  actual:   MISSING
MISMATCH /usr/share/man/man3/deprecate.3
  expected: {"gid": 0, "mode": 420, "path": "/usr/share/man/man3/deprecate.3", "sha256": "e926b306aae7fada8d8cbfece274e1384ed37ef815d94bce9f337d42230e21c5", "size": 4592, "type": "file", "uid": 0}
  actual:   MISSING
MISMATCH /usr/share/man/man3/diagnostics.3
  expected: {"gid": 0, "mode": 420, "path": "/usr/share/man/man3/diagnostics.3", "sha256": "7e38a3c78fdd968830abf3df15c549430276035397e29889de586c2d60a407f3", "size": 8519, "type": "file", "uid": 0}
  actual:   MISSING
MISMATCH /usr/share/man/man3/encoding.3
  expected: {"gid": 0, "mode": 420, "path": "/usr/share/man/man3/encoding.3", "sha256": "1adf20e220d78cb7fdad8735f5d8e2f84b3f0a53e9b322358149817d848655d2", "size": 21040, "type": "file", "uid": 0}
  actual:   MISSING
MISMATCH /usr/share/man/man3/encoding::warnings.3
  expected: {"gid": 0, "mode": 420, "path": "/usr/share/man/man3/encoding::warnings.3", "sha256": "e39c796e71cd2b22ef59fb032bdad29eb065c6e8326b77875322b43c396a1d06", "size": 7459, "type": "file", "uid": 0}
  actual:   MISSING
MISMATCH /usr/share/man/man3/experimental.3
  expected: {"gid": 0, "mode": 420, "path": "/usr/share/man/man3/experimental.3", "sha256": "fea35532b38db0924f60defd9764e1a819e11e7c2ee952749a0d745bd729b694", "size": 8217, "type": "file", "uid": 0}
  actual:   MISSING
MISMATCH /usr/share/man/man3/feature.3
  expected: {"gid": 0, "mode": 420, "path": "/usr/share/man/man3/feature.3", "sha256": "67a26bf3ec5b2e09e6103251efc2a5cc9028677138ed20f04b353440a64fc113", "size": 32116, "type": "file", "uid": 0}
  actual:   MISSING
MISMATCH /usr/share/man/man3/fields.3
  expected: {"gid": 0, "mode": 420, "path": "/usr/share/man/man3/fields.3", "sha256": "35a3066220ad426664a736b481837e3cd5dd5fdef11ead7a8d9d78347ef2841d", "size": 6549, "type": "file", "uid": 0}
  actual:   MISSING
MISMATCH /usr/share/man/man3/filetest.3
  expected: {"gid": 0, "mode": 420, "path": "/usr/share/man/man3/filetest.3", "sha256": "ae1fcf72262e6077d53bfc36071b8658c0298a96e73ec67e67e720a592d487df", "size": 5906, "type": "file", "uid": 0}
  actual:   MISSING
MISMATCH /usr/share/man/man3/if.3
  expected: {"gid": 0, "mode": 420, "path": "/usr/share/man/man3/if.3", "sha256": "aa035e1157f9d73366c4f2d978b550d6c066f47107c13eac2fec729359dcdcb1", "size": 5265, "type": "file", "uid": 0}
  actual:   MISSING
MISMATCH /usr/share/man/man3/integer.3
  expected: {"gid": 0, "mode": 420, "path": "/usr/share/man/man3/integer.3", "sha256": "66e1a7e3acbeb9158b8d4619705bac3c61ca2dc1e973e608304dae7c45e958f1", "size": 5050, "type": "file", "uid": 0}
  actual:   MISSING
MISMATCH /usr/share/man/man3/less.3
  expected: {"gid": 0, "mode": 420, "path": "/usr/share/man/man3/less.3", "sha256": "7e6e8a5f0b5b89976b3cf378a6abeb123f30142473e667dd8013ccaef14c56a1", "size": 4142, "type": "file", "uid": 0}
  actual:   MISSING
MISMATCH /usr/share/man/man3/lib.3
  expected: {"gid": 0, "mode": 420, "path": "/usr/share/man/man3/lib.3", "sha256": "0ef48e12af437145810daabf702deef13dd30844edc5cb7f132be2f7c7ce082c", "size": 6422, "type": "file", "uid": 0}
  actual:   MISSING
MISMATCH /usr/share/man/man3/locale.3
  expected: {"gid": 0, "mode": 420, "path": "/usr/share/man/man3/locale.3", "sha256": "3bdb953f759748dba9f983cd1851bc00d7683a554da709606da1791d3a709781", "size": 3530, "type": "file", "uid": 0}
  actual:   MISSING
MISMATCH /usr/share/man/man3/mro.3
  expected: {"gid": 0, "mode": 420, "path": "/usr/share/man/man3/mro.3", "sha256": "6eade42353c04cc2522ef7c921a6d6df8c1c894bf850c46a61ec463f57c39e3d", "size": 12483, "type": "file", "uid": 0}
  actual:   MISSING
MISMATCH /usr/share/man/man3/ok.3
  expected: {"gid": 0, "mode": 420, "path": "/usr/share/man/man3/ok.3", "sha256": "6805add7c893a5464bb830ba564e3c6acfb4cbbc6935a6eaef526dcbe78da20d", "size": 2284, "type": "file", "uid": 0}
  actual:   MISSING
MISMATCH /usr/share/man/man3/open.3
  expected: {"gid": 0, "mode": 420, "path": "/usr/share/man/man3/open.3", "sha256": "c33d8e182748d9337b3dc57a7b65e85ccf5ac3917d4e5d2ff811482ddd1cdff3", "size": 7538, "type": "file", "uid": 0}
  actual:   MISSING
MISMATCH /usr/share/man/man3/ops.3
  expected: {"gid": 0, "mode": 420, "path": "/usr/share/man/man3/ops.3", "sha256": "126e7419d16ad7bd65bad3c76175accc6dea0f1e789034d493aa822e8fcd7d26", "size": 2284, "type": "file", "uid": 0}
  actual:   MISSING
MISMATCH /usr/share/man/man3/overload.3
  expected: {"gid": 0, "mode": 420, "path": "/usr/share/man/man3/overload.3", "sha256": "34b7117a7043aacad7df4f0993bb163f6c132c9bcae199013e5d6f825d1660b8", "size": 60242, "type": "file", "uid": 0}
  actual:   MISSING
MISMATCH /usr/share/man/man3/overloading.3
  expected: {"gid": 0, "mode": 420, "path": "/usr/share/man/man3/overloading.3", "sha256": "e210e3dcef3a1dcac35e84fe14fdeb8ee4236fe17c5c1820215d34d77f156454", "size": 2852, "type": "file", "uid": 0}
  actual:   MISSING
MISMATCH /usr/share/man/man3/parent.3
  expected: {"gid": 0, "mode": 420, "path": "/usr/share/man/man3/parent.3", "sha256": "bb96999bcb24ad44f7780b579db5022d30bf2b54952524923b2b7f863e63d4a0", "size": 4379, "type": "file", "uid": 0}
  actual:   MISSING
MISMATCH /usr/share/man/man3/re.3
  expected: {"gid": 0, "mode": 420, "path": "/usr/share/man/man3/re.3", "sha256": "9f91e530898a25ce2cfadeb9fce076e3668543407fd59a149e2160db22e01ca2", "size": 24743, "type": "file", "uid": 0}
  actual:   MISSING
MISMATCH /usr/share/man/man3/sigtrap.3
  expected: {"gid": 0, "mode": 420, "path": "/usr/share/man/man3/sigtrap.3", "sha256": "4dc61f2a2ea6dea50268a803583fa9cfe79343e5368ef6d998f4b4cb6cba0951", "size": 7173, "type": "file", "uid": 0}
  actual:   MISSING
MISMATCH /usr/share/man/man3/sort.3
  expected: {"gid": 0, "mode": 420, "path": "/usr/share/man/man3/sort.3", "sha256": "f72dc35a7dd3cbc2d79657074289c8942bedc36bbaf5dbd3a476430a75c4c5ae", "size": 4041, "type": "file", "uid": 0}
  actual:   MISSING
MISMATCH /usr/share/man/man3/source::encoding.3
  expected: {"gid": 0, "mode": 420, "path": "/usr/share/man/man3/source::encoding.3", "sha256": "02dde0c6eb9497d05eca45f9b7b09b3587974b96c83483c605de2dfe15d90792", "size": 3107, "type": "file", "uid": 0}
  actual:   MISSING
MISMATCH /usr/share/man/man3/stable.3
  expected: {"gid": 0, "mode": 420, "path": "/usr/share/man/man3/stable.3", "sha256": "92be2baf8f73db37d2267ba0adfb5c34a566399c4d75be0b591f7fe4f9dbdc55", "size": 6031, "type": "file", "uid": 0}
  actual:   MISSING
MISMATCH /usr/share/man/man3/strict.3
  expected: {"gid": 0, "mode": 420, "path": "/usr/share/man/man3/strict.3", "sha256": "152fbec40715044a95c83fbdd2a7ceb46223f165b2e2734d229c31f008499fea", "size": 5872, "type": "file", "uid": 0}
  actual:   MISSING
MISMATCH /usr/share/man/man3/subs.3
  expected: {"gid": 0, "mode": 420, "path": "/usr/share/man/man3/subs.3", "sha256": "b247ac2e44fd9933e23d9204c7c993d6e1fb1621a4be2cc495877714b4dace3c", "size": 2413, "type": "file", "uid": 0}
  actual:   MISSING
MISMATCH /usr/share/man/man3/threads.3
  expected: {"gid": 0, "mode": 420, "path": "/usr/share/man/man3/threads.3", "sha256": "d1f1843f23196f8a168121fab0972f315cdc22eb9a8c0ce174d0c2f5509161a7", "size": 43370, "type": "file", "uid": 0}
  actual:   MISSING
MISMATCH /usr/share/man/man3/threads::shared.3
  expected: {"gid": 0, "mode": 420, "path": "/usr/share/man/man3/threads::shared.3", "sha256": "2c40121c5113962c4e0ce4551a3066d03816ee2d9cf957396dc8f949da71829b", "size": 20023, "type": "file", "uid": 0}
  actual:   MISSING
MISMATCH /usr/share/man/man3/utf8.3
  expected: {"gid": 0, "mode": 420, "path": "/usr/share/man/man3/utf8.3", "sha256": "3200c0876d22e24c714ff1c7386bd27e772088dac40017aef5ba3ac6d059c6ca", "size": 13392, "type": "file", "uid": 0}
  actual:   MISSING
MISMATCH /usr/share/man/man3/vars.3
  expected: {"gid": 0, "mode": 420, "path": "/usr/share/man/man3/vars.3", "sha256": "b77b3b8062333d93d3f5d1515f52617fa22393b48ff238b92132a5e6ab49e34f", "size": 3105, "type": "file", "uid": 0}
  actual:   MISSING
MISMATCH /usr/share/man/man3/version.3
  expected: {"gid": 0, "mode": 420, "path": "/usr/share/man/man3/version.3", "sha256": "641eb96e83c4c5ccf8aaf9ffec08b4d53436e0f746daa88e7c8918871e96e173", "size": 14209, "type": "file", "uid": 0}
  actual:   MISSING
MISMATCH /usr/share/man/man3/version::Internals.3
  expected: {"gid": 0, "mode": 420, "path": "/usr/share/man/man3/version::Internals.3", "sha256": "ba583efb5b3dc3e9b79c624721a557216c43c5841a0d2d8848c4359f3b6d487b", "size": 27587, "type": "file", "uid": 0}
  actual:   MISSING
MISMATCH /usr/share/man/man3/vmsish.3
  expected: {"gid": 0, "mode": 420, "path": "/usr/share/man/man3/vmsish.3", "sha256": "10b320c1072fc0354c97734c993dc94b8c51cadad17c440c73e75a9fb868a715", "size": 5743, "type": "file", "uid": 0}
  actual:   MISSING
MISMATCH /usr/share/man/man3/warnings.3
  expected: {"gid": 0, "mode": 420, "path": "/usr/share/man/man3/warnings.3", "sha256": "2296ce9a3fcf9f66b7504dfe250c4e5a62aeaba3f588214d7757544453913a34", "size": 33379, "type": "file", "uid": 0}
  actual:   MISSING
MISMATCH /usr/share/man/man3/warnings::register.3
  expected: {"gid": 0, "mode": 420, "path": "/usr/share/man/man3/warnings::register.3", "sha256": "bddbdfc19dac2fdc83ae573fdfec8946eaae52a23690e9e94d06867ccb41936c", "size": 2001, "type": "file", "uid": 0}
  actual:   MISSING
package=perl version=5.42.0 entries=3181 matched=2164 mismatched=1017
