MISMATCH /usr/lib/itcl4.3.2/libitclstub4.3.2.a
  expected: {"gid": 0, "mode": 420, "path": "/usr/lib/itcl4.3.2/libitclstub4.3.2.a", "sha256": "0d833bc90c70e2d11bab0a187e7bf6ecb641a46550f64e041d20c2ca48c996ca", "size": 2652, "type": "file", "uid": 0}
  actual:   {"gid": 0, "mode": 420, "path": "/usr/lib/itcl4.3.2/libitclstub4.3.2.a", "sha256": "63b097b999ee4be53ec688bea4aeefcd8117d0eedd691f4b6e5a37bff719b40e", "size": 2652, "type": "file", "uid": 0}
MISMATCH /usr/lib/libtclstub8.6.a
  expected: {"gid": 0, "mode": 420, "path": "/usr/lib/libtclstub8.6.a", "sha256": "18556dec9373b89463f762508453a43b837d2f01db82526db534cc044a4d492e", "size": 8084, "type": "file", "uid": 0}
  actual:   {"gid": 0, "mode": 420, "path": "/usr/lib/libtclstub8.6.a", "sha256": "4560cefe7e72e24226f5a62d056c55913959b6ec0bc976a7dcd392c45a824a91", "size": 8084, "type": "file", "uid": 0}
MISMATCH /usr/lib/tdbc1.1.10/libtdbcstub1.1.10.a
  expected: {"gid": 0, "mode": 420, "path": "/usr/lib/tdbc1.1.10/libtdbcstub1.1.10.a", "sha256": "7b95be94e781b7f3aa848444183ed62f9a80f47e35c5ec4481972692ec66ac34", "size": 2958, "type": "file", "uid": 0}
  actual:   {"gid": 0, "mode": 420, "path": "/usr/lib/tdbc1.1.10/libtdbcstub1.1.10.a", "sha256": "fbe69868f0555f234e98375b3310fbbdbfd8f17f051cd584b1dc3860479ceb2d", "size": 2958, "type": "file", "uid": 0}
MISMATCH /usr/share/doc
  expected: {"gid": 0, "mode": 493, "path": "/usr/share/doc", "type": "directory", "uid": 0}
  actual:   {"gid": 1001, "mode": 509, "path": "/usr/share/doc", "type": "directory", "uid": 1001}
MISMATCH /usr/share/doc/tcl-8.6.16
  expected: {"gid": 19249, "mode": 493, "path": "/usr/share/doc/tcl-8.6.16", "type": "directory", "uid": 15399}
  actual:   MISSING
MISMATCH /usr/share/doc/tcl-8.6.16/ItclCmd
  expected: {"gid": 19249, "mode": 493, "path": "/usr/share/doc/tcl-8.6.16/ItclCmd", "type": "directory", "uid": 15399}
  actual:   MISSING
MISMATCH /usr/share/doc/tcl-8.6.16/ItclCmd/body.htm
  expected: {"gid": 19249, "mode": 420, "path": "/usr/share/doc/tcl-8.6.16/ItclCmd/body.htm", "sha256": "df27d3164fc69a8fbeaf6f5ef481303f984061c07f136cdb3b0e164127237d74", "size": 5781, "type": "file", "uid": 15399}
  actual:   MISSING
MISMATCH /usr/share/doc/tcl-8.6.16/ItclCmd/class.htm
  expected: {"gid": 19249, "mode": 420, "path": "/usr/share/doc/tcl-8.6.16/ItclCmd/class.htm", "sha256": "812830cb4f25db253b32cbe8f32b479d6f207918f00c67510be142e5044d4d8e", "size": 28431, "type": "file", "uid": 15399}
  actual:   MISSING
MISMATCH /usr/share/doc/tcl-8.6.16/ItclCmd/code.htm
  expected: {"gid": 19249, "mode": 420, "path": "/usr/share/doc/tcl-8.6.16/ItclCmd/code.htm", "sha256": "861b6c7097a21954dc4da07f87941dbe67fb340a8dd95eb62286ce47f904795f", "size": 4682, "type": "file", "uid": 15399}
  actual:   MISSING
MISMATCH /usr/share/doc/tcl-8.6.16/ItclCmd/configbody.htm
  expected: {"gid": 19249, "mode": 420, "path": "/usr/share/doc/tcl-8.6.16/ItclCmd/configbody.htm", "sha256": "f8965bd9031f023b37b1acdd46c68001b7c739c4601e2dd51ce9006af0ce068f", "size": 5623, "type": "file", "uid": 15399}
  actual:   MISSING
MISMATCH /usr/share/doc/tcl-8.6.16/ItclCmd/contents.htm
  expected: {"gid": 19249, "mode": 420, "path": "/usr/share/doc/tcl-8.6.16/ItclCmd/contents.htm", "sha256": "b69a096c710afd5b786dd28ac26b729798fc32d04fd1d79d32dae45859f7747b", "size": 3178, "type": "file", "uid": 15399}
  actual:   MISSING
MISMATCH /usr/share/doc/tcl-8.6.16/ItclCmd/delete.htm
  expected: {"gid": 19249, "mode": 420, "path": "/usr/share/doc/tcl-8.6.16/ItclCmd/delete.htm", "sha256": "7886d86edd0dda2306b9febb4b2856b9787fd1f465a95dca6d86311be0799320", "size": 4021, "type": "file", "uid": 15399}
  actual:   MISSING
MISMATCH /usr/share/doc/tcl-8.6.16/ItclCmd/ensemble.htm
  expected: {"gid": 19249, "mode": 420, "path": "/usr/share/doc/tcl-8.6.16/ItclCmd/ensemble.htm", "sha256": "a8492af0c548bd6a450d85dec5345d33de5ee29ca6a32e9398041d7c2ba161a2", "size": 8190, "type": "file", "uid": 15399}
  actual:   MISSING
MISMATCH /usr/share/doc/tcl-8.6.16/ItclCmd/find.htm
  expected: {"gid": 19249, "mode": 420, "path": "/usr/share/doc/tcl-8.6.16/ItclCmd/find.htm", "sha256": "bc4cc31149c1a6ae16aae9e58d5ccc913008c0d5703ab7960618eb2ca4bdcd48", "size": 4388, "type": "file", "uid": 15399}
  actual:   MISSING
MISMATCH /usr/share/doc/tcl-8.6.16/ItclCmd/is.htm
  expected: {"gid": 19249, "mode": 420, "path": "/usr/share/doc/tcl-8.6.16/ItclCmd/is.htm", "sha256": "05eaaf3a19873be16f2aa9e3a8ef9fb739acc7c18a1d6f01d2f74103e6376475", "size": 3524, "type": "file", "uid": 15399}
  actual:   MISSING
MISMATCH /usr/share/doc/tcl-8.6.16/ItclCmd/itcl.htm
  expected: {"gid": 19249, "mode": 420, "path": "/usr/share/doc/tcl-8.6.16/ItclCmd/itcl.htm", "sha256": "ae4c2d6a43cc5ab07e08231f57b58737f375c47b3dabefe96164dd7cecb1919b", "size": 9171, "type": "file", "uid": 15399}
  actual:   MISSING
MISMATCH /usr/share/doc/tcl-8.6.16/ItclCmd/itclcomponent.htm
  expected: {"gid": 19249, "mode": 420, "path": "/usr/share/doc/tcl-8.6.16/ItclCmd/itclcomponent.htm", "sha256": "0b748f52a761ad81cd74048ed0bb9251ee487dfe0ecf3a15358dee7f8930af08", "size": 2915, "type": "file", "uid": 15399}
  actual:   MISSING
MISMATCH /usr/share/doc/tcl-8.6.16/ItclCmd/itcldelegate.htm
  expected: {"gid": 19249, "mode": 420, "path": "/usr/share/doc/tcl-8.6.16/ItclCmd/itcldelegate.htm", "sha256": "2d39dce44e59b01c07fef368a46ebc71601fa8b63550d97e5ba70cde8977275c", "size": 10905, "type": "file", "uid": 15399}
  actual:   MISSING
MISMATCH /usr/share/doc/tcl-8.6.16/ItclCmd/itclextendedclass.htm
  expected: {"gid": 19249, "mode": 420, "path": "/usr/share/doc/tcl-8.6.16/ItclCmd/itclextendedclass.htm", "sha256": "ca8cc1c4b3707e35a1b8f2029aa205625b029a336a4a90e67b122df53a60c66a", "size": 30727, "type": "file", "uid": 15399}
  actual:   MISSING
MISMATCH /usr/share/doc/tcl-8.6.16/ItclCmd/itcloption.htm
  expected: {"gid": 19249, "mode": 420, "path": "/usr/share/doc/tcl-8.6.16/ItclCmd/itcloption.htm", "sha256": "fc7afdbbf5332c1cb6208ef64bdb40247b6185e2100ec77f37ca919ade5dd6d2", "size": 8263, "type": "file", "uid": 15399}
  actual:   MISSING
MISMATCH /usr/share/doc/tcl-8.6.16/ItclCmd/itclvars.htm
  expected: {"gid": 19249, "mode": 420, "path": "/usr/share/doc/tcl-8.6.16/ItclCmd/itclvars.htm", "sha256": "87e7a35db02ef8758c2e762b4183fab8b397364d87a637bbb4cc7f00ca0906f1", "size": 5524, "type": "file", "uid": 15399}
  actual:   MISSING
MISMATCH /usr/share/doc/tcl-8.6.16/ItclCmd/itclwidget.htm
  expected: {"gid": 19249, "mode": 420, "path": "/usr/share/doc/tcl-8.6.16/ItclCmd/itclwidget.htm", "sha256": "e3b27f4fa35e25195dbdcaac4210a668f6286560f439e539908cb22a0cda04ae", "size": 29492, "type": "file", "uid": 15399}
  actual:   MISSING
MISMATCH /usr/share/doc/tcl-8.6.16/ItclCmd/local.htm
  expected: {"gid": 19249, "mode": 420, "path": "/usr/share/doc/tcl-8.6.16/ItclCmd/local.htm", "sha256": "60cca0abd04f456f380c378f051c0a02433337bd9062c4b0c8e9c05770594244", "size": 3356, "type": "file", "uid": 15399}
  actual:   MISSING
MISMATCH /usr/share/doc/tcl-8.6.16/ItclCmd/scope.htm
  expected: {"gid": 19249, "mode": 420, "path": "/usr/share/doc/tcl-8.6.16/ItclCmd/scope.htm", "sha256": "1c761fe8831f6a23bd5cc3fed640af11eb83f2abd97893f8862d2321817d63c3", "size": 3921, "type": "file", "uid": 15399}
  actual:   MISSING
MISMATCH /usr/share/doc/tcl-8.6.16/ItclLib
  expected: {"gid": 19249, "mode": 493, "path": "/usr/share/doc/tcl-8.6.16/ItclLib", "type": "directory", "uid": 15399}
  actual:   MISSING
MISMATCH /usr/share/doc/tcl-8.6.16/ItclLib/Class.htm
  expected: {"gid": 19249, "mode": 420, "path": "/usr/share/doc/tcl-8.6.16/ItclLib/Class.htm", "sha256": "d673816a8f360e87bce5f04d5ee5d792d22032c2065a26b57a784a3319767aef", "size": 2891, "type": "file", "uid": 15399}
  actual:   MISSING
MISMATCH /usr/share/doc/tcl-8.6.16/ItclLib/List.htm
  expected: {"gid": 19249, "mode": 420, "path": "/usr/share/doc/tcl-8.6.16/ItclLib/List.htm", "sha256": "88ffb59bdd4a28df2d0d1c9dc609cd2f1ae45379d8e24cf782f3fb6d6cd90288", "size": 2807, "type": "file", "uid": 15399}
  actual:   MISSING
MISMATCH /usr/share/doc/tcl-8.6.16/ItclLib/Object.htm
  expected: {"gid": 19249, "mode": 420, "path": "/usr/share/doc/tcl-8.6.16/ItclLib/Object.htm", "sha256": "d4d24754df9d7272c1c0e6acedc61f2f3c55ac3533dd307f6c5514c7fef49819", "size": 2395, "type": "file", "uid": 15399}
  actual:   MISSING
MISMATCH /usr/share/doc/tcl-8.6.16/ItclLib/Preserve.htm
  expected: {"gid": 19249, "mode": 420, "path": "/usr/share/doc/tcl-8.6.16/ItclLib/Preserve.htm", "sha256": "81282301463a2d1f0d48bfb966095b8433c3da57e33720a21354fa2186e0a149", "size": 4775, "type": "file", "uid": 15399}
  actual:   MISSING
MISMATCH /usr/share/doc/tcl-8.6.16/ItclLib/RegisterC.htm
  expected: {"gid": 19249, "mode": 420, "path": "/usr/share/doc/tcl-8.6.16/ItclLib/RegisterC.htm", "sha256": "164f65577dbda2ff3cf25803af27402103f64e457d0ed4e701ecd9e83a02b088", "size": 6929, "type": "file", "uid": 15399}
  actual:   MISSING
MISMATCH /usr/share/doc/tcl-8.6.16/ItclLib/Stack.htm
  expected: {"gid": 19249, "mode": 420, "path": "/usr/share/doc/tcl-8.6.16/ItclLib/Stack.htm", "sha256": "23d1984562d0d2a7c12e499e9877bf76e4a1b2d3a4fdffb412d394d2f0a9132a", "size": 3059, "type": "file", "uid": 15399}
  actual:   MISSING
MISMATCH /usr/share/doc/tcl-8.6.16/ItclLib/contents.htm
  expected: {"gid": 19249, "mode": 420, "path": "/usr/share/doc/tcl-8.6.16/ItclLib/contents.htm", "sha256": "79f062ec119c79a1989dc9d901a77cbdf00a2808264894651770bf8bea70dcef", "size": 4561, "type": "file", "uid": 15399}
  actual:   MISSING
MISMATCH /usr/share/doc/tcl-8.6.16/Keywords
  expected: {"gid": 19249, "mode": 493, "path": "/usr/share/doc/tcl-8.6.16/Keywords", "type": "directory", "uid": 15399}
  actual:   MISSING
MISMATCH /usr/share/doc/tcl-8.6.16/Keywords/A.htm
  expected: {"gid": 19249, "mode": 420, "path": "/usr/share/doc/tcl-8.6.16/Keywords/A.htm", "sha256": "572a5b1a2ecf9f2e54e16d60bea36d925d8c704d07461879605205f94f5182bf", "size": 20606, "type": "file", "uid": 15399}
  actual:   MISSING
MISMATCH /usr/share/doc/tcl-8.6.16/Keywords/B.htm
  expected: {"gid": 19249, "mode": 420, "path": "/usr/share/doc/tcl-8.6.16/Keywords/B.htm", "sha256": "2c83aa24274cff0a13bbc4303f693a7ee44a3ee8ff9a468a51ee2fb38a1fd8ce", "size": 21226, "type": "file", "uid": 15399}
  actual:   MISSING
MISMATCH /usr/share/doc/tcl-8.6.16/Keywords/C.htm
  expected: {"gid": 19249, "mode": 420, "path": "/usr/share/doc/tcl-8.6.16/Keywords/C.htm", "sha256": "02eb277bc726b380d003bf12fa3a3ea9ed8c4aec3bbddd4398efaf7f2be61453", "size": 48373, "type": "file", "uid": 15399}
  actual:   MISSING
MISMATCH /usr/share/doc/tcl-8.6.16/Keywords/D.htm
  expected: {"gid": 19249, "mode": 420, "path": "/usr/share/doc/tcl-8.6.16/Keywords/D.htm", "sha256": "d64c19d650363751a2470a67e10f16a595d654654efbcd357cc3d1f4b52dbd5d", "size": 17973, "type": "file", "uid": 15399}
  actual:   MISSING
MISMATCH /usr/share/doc/tcl-8.6.16/Keywords/E.htm
  expected: {"gid": 19249, "mode": 420, "path": "/usr/share/doc/tcl-8.6.16/Keywords/E.htm", "sha256": "887adbb1b0d1e716f91bd8315a781d87bdb5743360cbf8910735cf32b5851afe", "size": 22941, "type": "file", "uid": 15399}
  actual:   MISSING
MISMATCH /usr/share/doc/tcl-8.6.16/Keywords/F.htm
  expected: {"gid": 19249, "mode": 420, "path": "/usr/share/doc/tcl-8.6.16/Keywords/F.htm", "sha256": "2efc913289c433c61ad3444cea2059b197e25e8491ae725c22063aad774c4913", "size": 16220, "type": "file", "uid": 15399}
  actual:   MISSING
MISMATCH /usr/share/doc/tcl-8.6.16/Keywords/G.htm
  expected: {"gid": 19249, "mode": 420, "path": "/usr/share/doc/tcl-8.6.16/Keywords/G.htm", "sha256": "c92e7f1d9825254d16939c04132f71764598c45bbf44e711ee0a085a91f68402", "size": 9325, "type": "file", "uid": 15399}
  actual:   MISSING
MISMATCH /usr/share/doc/tcl-8.6.16/Keywords/H.htm
  expected: {"gid": 19249, "mode": 420, "path": "/usr/share/doc/tcl-8.6.16/Keywords/H.htm", "sha256": "ab788865d50e37089d1055d64fd6bab0d5ad80fed0d2f3da47a49f55338a8b5f", "size": 9336, "type": "file", "uid": 15399}
  actual:   MISSING
MISMATCH /usr/share/doc/tcl-8.6.16/Keywords/I.htm
  expected: {"gid": 19249, "mode": 420, "path": "/usr/share/doc/tcl-8.6.16/Keywords/I.htm", "sha256": "36fd0a7900c685c08f6d16e3ee5e55177fbf39b9a77fad45905aadd4d05be236", "size": 25459, "type": "file", "uid": 15399}
  actual:   MISSING
MISMATCH /usr/share/doc/tcl-8.6.16/Keywords/J.htm
  expected: {"gid": 19249, "mode": 420, "path": "/usr/share/doc/tcl-8.6.16/Keywords/J.htm", "sha256": "c15319dea45a9394c3271042731ebe0b3c50ab84b892b7af233ac36a6f58774c", "size": 5113, "type": "file", "uid": 15399}
  actual:   MISSING
MISMATCH /usr/share/doc/tcl-8.6.16/Keywords/K.htm
  expected: {"gid": 19249, "mode": 420, "path": "/usr/share/doc/tcl-8.6.16/Keywords/K.htm", "sha256": "fd17bcea7c6c2042c720af18f6c21c0a7723d682dd36b0f7505a6b845eb99cbe", "size": 4996, "type": "file", "uid": 15399}
  actual:   MISSING
MISMATCH /usr/share/doc/tcl-8.6.16/Keywords/L.htm
  expected: {"gid": 19249, "mode": 420, "path": "/usr/share/doc/tcl-8.6.16/Keywords/L.htm", "sha256": "8d8b912e4ffc4acb73159ed81cb0a9f01a6cb0e1a87c9a94ac5f45975c4c3cb4", "size": 13104, "type": "file", "uid": 15399}
  actual:   MISSING
MISMATCH /usr/share/doc/tcl-8.6.16/Keywords/M.htm
  expected: {"gid": 19249, "mode": 420, "path": "/usr/share/doc/tcl-8.6.16/Keywords/M.htm", "sha256": "9835df33e8e667c0aad4f47a41827593a39cd343ec9c1aa3c6611fe408425c15", "size": 14973, "type": "file", "uid": 15399}
  actual:   MISSING
MISMATCH /usr/share/doc/tcl-8.6.16/Keywords/N.htm
  expected: {"gid": 19249, "mode": 420, "path": "/usr/share/doc/tcl-8.6.16/Keywords/N.htm", "sha256": "61542af3155dd3f9b11ee2ec0daad42c8f00904b4f0b87ce9bb0c9eef48e09c4", "size": 11019, "type": "file", "uid": 15399}
  actual:   MISSING
MISMATCH /usr/share/doc/tcl-8.6.16/Keywords/O.htm
  expected: {"gid": 19249, "mode": 420, "path": "/usr/share/doc/tcl-8.6.16/Keywords/O.htm", "sha256": "120b9d68225e94d96292a9652a59d10c7be4093877f582507dc885e50106786c", "size": 11469, "type": "file", "uid": 15399}
  actual:   MISSING
MISMATCH /usr/share/doc/tcl-8.6.16/Keywords/P.htm
  expected: {"gid": 19249, "mode": 420, "path": "/usr/share/doc/tcl-8.6.16/Keywords/P.htm", "sha256": "8b4b51a03b0deca34c793c906813b0f4af6851b1b07428cf2363660548cc3629", "size": 21825, "type": "file", "uid": 15399}
  actual:   MISSING
MISMATCH /usr/share/doc/tcl-8.6.16/Keywords/Q.htm
  expected: {"gid": 19249, "mode": 420, "path": "/usr/share/doc/tcl-8.6.16/Keywords/Q.htm", "sha256": "9f2218c00d9c5a7c660cb467298943d6410f67735f98505143c91bfef1871c8a", "size": 4004, "type": "file", "uid": 15399}
  actual:   MISSING
MISMATCH /usr/share/doc/tcl-8.6.16/Keywords/R.htm
  expected: {"gid": 19249, "mode": 420, "path": "/usr/share/doc/tcl-8.6.16/Keywords/R.htm", "sha256": "18fdc99afd1420234644130df6eb67466a1f6c3ffbedec3d9c0093d3381ec1f6", "size": 19632, "type": "file", "uid": 15399}
  actual:   MISSING
MISMATCH /usr/share/doc/tcl-8.6.16/Keywords/S.htm
  expected: {"gid": 19249, "mode": 420, "path": "/usr/share/doc/tcl-8.6.16/Keywords/S.htm", "sha256": "653f016fcb63908992f555159f6dd1de88d817c9f6dcb4ee360afe5d809453c5", "size": 35872, "type": "file", "uid": 15399}
  actual:   MISSING
MISMATCH /usr/share/doc/tcl-8.6.16/Keywords/T.htm
  expected: {"gid": 19249, "mode": 420, "path": "/usr/share/doc/tcl-8.6.16/Keywords/T.htm", "sha256": "3bb2de12cc6289949cb0ec6b2ba146a08194b10756817fa115d20a57ec4485df", "size": 22279, "type": "file", "uid": 15399}
  actual:   MISSING
MISMATCH /usr/share/doc/tcl-8.6.16/Keywords/U.htm
  expected: {"gid": 19249, "mode": 420, "path": "/usr/share/doc/tcl-8.6.16/Keywords/U.htm", "sha256": "1ecedbebaf042b08926b7c885ec993bbe5afa76073dc83d72189d1af8e71b6ed", "size": 10585, "type": "file", "uid": 15399}
  actual:   MISSING
MISMATCH /usr/share/doc/tcl-8.6.16/Keywords/V.htm
  expected: {"gid": 19249, "mode": 420, "path": "/usr/share/doc/tcl-8.6.16/Keywords/V.htm", "sha256": "caaec196b6e787c9433abdad4ea2881907d5be9f964239de5f4cdf769dc66791", "size": 21016, "type": "file", "uid": 15399}
  actual:   MISSING
MISMATCH /usr/share/doc/tcl-8.6.16/Keywords/W.htm
  expected: {"gid": 19249, "mode": 420, "path": "/usr/share/doc/tcl-8.6.16/Keywords/W.htm", "sha256": "9136fe22ad273980c2adba1123659d25dbdc6576e720d8da6227900fcd5af3ba", "size": 16686, "type": "file", "uid": 15399}
  actual:   MISSING
MISMATCH /usr/share/doc/tcl-8.6.16/Keywords/X.htm
  expected: {"gid": 19249, "mode": 420, "path": "/usr/share/doc/tcl-8.6.16/Keywords/X.htm", "sha256": "89e9b7bf6f56a8731c31a55f9c212ccd1e555c43bea3566d6fef20ed540ea836", "size": 4929, "type": "file", "uid": 15399}
  actual:   MISSING
MISMATCH /usr/share/doc/tcl-8.6.16/Keywords/Y.htm
  expected: {"gid": 19249, "mode": 420, "path": "/usr/share/doc/tcl-8.6.16/Keywords/Y.htm", "sha256": "9cedadeab66dd4c0c0e014acca0d4b2c9aac3eb534c113a6147c7df93f2fb666", "size": 4754, "type": "file", "uid": 15399}
  actual:   MISSING
MISMATCH /usr/share/doc/tcl-8.6.16/Keywords/Z.htm
  expected: {"gid": 19249, "mode": 420, "path": "/usr/share/doc/tcl-8.6.16/Keywords/Z.htm", "sha256": "c99718aa6c5fd09dead2b915b64c75e43d2c9f7098fbf1281322af7347e1dd9b", "size": 3786, "type": "file", "uid": 15399}
  actual:   MISSING
MISMATCH /usr/share/doc/tcl-8.6.16/Keywords/contents.htm
  expected: {"gid": 19249, "mode": 420, "path": "/usr/share/doc/tcl-8.6.16/Keywords/contents.htm", "sha256": "5cc7532e270611b56dd9b70b2ebaa1a3edf76781dedfbeb2e6dd50abbe64d5cc", "size": 3614, "type": "file", "uid": 15399}
  actual:   MISSING
MISMATCH /usr/share/doc/tcl-8.6.16/SqliteCmd
  expected: {"gid": 19249, "mode": 493, "path": "/usr/share/doc/tcl-8.6.16/SqliteCmd", "type": "directory", "uid": 15399}
  actual:   MISSING
MISMATCH /usr/share/doc/tcl-8.6.16/SqliteCmd/contents.htm
  expected: {"gid": 19249, "mode": 420, "path": "/usr/share/doc/tcl-8.6.16/SqliteCmd/contents.htm", "sha256": "a1a6790b66fd5b34f4e6a7486548fb6c5cc4cbbae41576c41e06f08fb8785ef0", "size": 1469, "type": "file", "uid": 15399}
  actual:   MISSING
MISMATCH /usr/share/doc/tcl-8.6.16/SqliteCmd/sqlite3.htm
  expected: {"gid": 19249, "mode": 420, "path": "/usr/share/doc/tcl-8.6.16/SqliteCmd/sqlite3.htm", "sha256": "e2bd424f1557edc8641ebc814cacc51a03ce985b8347da6e0219457eda639e45", "size": 1988, "type": "file", "uid": 15399}
  actual:   MISSING
MISMATCH /usr/share/doc/tcl-8.6.16/TclCmd
  expected: {"gid": 19249, "mode": 493, "path": "/usr/share/doc/tcl-8.6.16/TclCmd", "type": "directory", "uid": 15399}
  actual:   MISSING
MISMATCH /usr/share/doc/tcl-8.6.16/TclCmd/Tcl.htm
  expected: {"gid": 19249, "mode": 420, "path": "/usr/share/doc/tcl-8.6.16/TclCmd/Tcl.htm", "sha256": "c1c54d81a5e8301c42b38e71203208afa218576bd01852090b3ed8026e56ff4d", "size": 15511, "type": "file", "uid": 15399}
  actual:   MISSING
MISMATCH /usr/share/doc/tcl-8.6.16/TclCmd/after.htm
  expected: {"gid": 19249, "mode": 420, "path": "/usr/share/doc/tcl-8.6.16/TclCmd/after.htm", "sha256": "15535bcf2810492f5e542bbcc8f608465c0cc4205ddcbe7adf05683f5fd34b36", "size": 8835, "type": "file", "uid": 15399}
  actual:   MISSING
MISMATCH /usr/share/doc/tcl-8.6.16/TclCmd/append.htm
  expected: {"gid": 19249, "mode": 420, "path": "/usr/share/doc/tcl-8.6.16/TclCmd/append.htm", "sha256": "4db1ccadba792cce9de683b9fcdf4c70f54b098cf5897e1ee752d650378da2e4", "size": 2720, "type": "file", "uid": 15399}
  actual:   MISSING
MISMATCH /usr/share/doc/tcl-8.6.16/TclCmd/apply.htm
  expected: {"gid": 19249, "mode": 420, "path": "/usr/share/doc/tcl-8.6.16/TclCmd/apply.htm", "sha256": "a5202d8b561dc27d19e8cf51929983d4b4054fa8946cac3fb067f56f5979296e", "size": 5323, "type": "file", "uid": 15399}
  actual:   MISSING
MISMATCH /usr/share/doc/tcl-8.6.16/TclCmd/array.htm
  expected: {"gid": 19249, "mode": 420, "path": "/usr/share/doc/tcl-8.6.16/TclCmd/array.htm", "sha256": "1d5fd44ef6b9e0b6f7772ba3aa62e7d003ae562f13c1018089793a510cae8845", "size": 11398, "type": "file", "uid": 15399}
  actual:   MISSING
MISMATCH /usr/share/doc/tcl-8.6.16/TclCmd/bgerror.htm
  expected: {"gid": 19249, "mode": 420, "path": "/usr/share/doc/tcl-8.6.16/TclCmd/bgerror.htm", "sha256": "2ca7b5471fc1d4f2dbb8b50122609951925acb8cfb5cd2cacb2906f755a2301c", "size": 5769, "type": "file", "uid": 15399}
  actual:   MISSING
MISMATCH /usr/share/doc/tcl-8.6.16/TclCmd/binary.htm
  expected: {"gid": 19249, "mode": 420, "path": "/usr/share/doc/tcl-8.6.16/TclCmd/binary.htm", "sha256": "9173df4c537d278b1ffc343d61ac55b7357498ec31f13b8e6bd810fe210872a3", "size": 44861, "type": "file", "uid": 15399}
  actual:   MISSING
MISMATCH /usr/share/doc/tcl-8.6.16/TclCmd/break.htm
  expected: {"gid": 19249, "mode": 420, "path": "/usr/share/doc/tcl-8.6.16/TclCmd/break.htm", "sha256": "dd6ebade38078d3688910345f7248f27439d8edea78070cb01f1469b36f0dac9", "size": 3077, "type": "file", "uid": 15399}
  actual:   MISSING
MISMATCH /usr/share/doc/tcl-8.6.16/TclCmd/catch.htm
  expected: {"gid": 19249, "mode": 420, "path": "/usr/share/doc/tcl-8.6.16/TclCmd/catch.htm", "sha256": "1c56e4d62b90213681f947d7eccfb44345e9cda15268e4e523720a4ec6d1b9e0", "size": 7645, "type": "file", "uid": 15399}
  actual:   MISSING
MISMATCH /usr/share/doc/tcl-8.6.16/TclCmd/cd.htm
  expected: {"gid": 19249, "mode": 420, "path": "/usr/share/doc/tcl-8.6.16/TclCmd/cd.htm", "sha256": "e0aaea51e250f589166868df93cce1d61512eaa3bd2b8fb270608814aa1e8691", "size": 2561, "type": "file", "uid": 15399}
  actual:   MISSING
MISMATCH /usr/share/doc/tcl-8.6.16/TclCmd/chan.htm
  expected: {"gid": 19249, "mode": 420, "path": "/usr/share/doc/tcl-8.6.16/TclCmd/chan.htm", "sha256": "bb2523224ae378b6b9aa82dc28f80880ad5b9e783b670e40e688803e457df2b1", "size": 49671, "type": "file", "uid": 15399}
  actual:   MISSING
MISMATCH /usr/share/doc/tcl-8.6.16/TclCmd/class.htm
  expected: {"gid": 19249, "mode": 420, "path": "/usr/share/doc/tcl-8.6.16/TclCmd/class.htm", "sha256": "5b4fd783e488e8ff5a8caa4f6096729ee4b3e32f86d0b28ad487099decb948a1", "size": 7791, "type": "file", "uid": 15399}
  actual:   MISSING
MISMATCH /usr/share/doc/tcl-8.6.16/TclCmd/clock.htm
  expected: {"gid": 19249, "mode": 420, "path": "/usr/share/doc/tcl-8.6.16/TclCmd/clock.htm", "sha256": "15d3c5fad87652d76e84fac49bd5a675b0a1fc7670bb8a1ac0a8b8a8c56f4364", "size": 52265, "type": "file", "uid": 15399}
  actual:   MISSING
MISMATCH /usr/share/doc/tcl-8.6.16/TclCmd/close.htm
  expected: {"gid": 19249, "mode": 420, "path": "/usr/share/doc/tcl-8.6.16/TclCmd/close.htm", "sha256": "48b4c2e13892441ea55d53ca8c25a4fd84fff002fc62f135b20a8fc2228a1c35", "size": 6322, "type": "file", "uid": 15399}
  actual:   MISSING
MISMATCH /usr/share/doc/tcl-8.6.16/TclCmd/concat.htm
  expected: {"gid": 19249, "mode": 420, "path": "/usr/share/doc/tcl-8.6.16/TclCmd/concat.htm", "sha256": "b76b39945c8ee6695ca40418e631d630f93e2225bf8aad6449f7d9a93765b81a", "size": 3179, "type": "file", "uid": 15399}
  actual:   MISSING
MISMATCH /usr/share/doc/tcl-8.6.16/TclCmd/contents.htm
  expected: {"gid": 19249, "mode": 420, "path": "/usr/share/doc/tcl-8.6.16/TclCmd/contents.htm", "sha256": "ec5864f3e9888f1a6865162586c4d00f3b966d97bcdd995c398405e09a102a1a", "size": 16597, "type": "file", "uid": 15399}
  actual:   MISSING
MISMATCH /usr/share/doc/tcl-8.6.16/TclCmd/continue.htm
  expected: {"gid": 19249, "mode": 420, "path": "/usr/share/doc/tcl-8.6.16/TclCmd/continue.htm", "sha256": "54779390aeed7129ff4b17025a237872f0b5b21a7acaf90e3d0fa74388e0e7b4", "size": 3072, "type": "file", "uid": 15399}
  actual:   MISSING
MISMATCH /usr/share/doc/tcl-8.6.16/TclCmd/copy.htm
  expected: {"gid": 19249, "mode": 420, "path": "/usr/share/doc/tcl-8.6.16/TclCmd/copy.htm", "sha256": "53276784f1382468fd066c6485a8ed68c01a165676d0533f2979a06e7807868d", "size": 4491, "type": "file", "uid": 15399}
  actual:   MISSING
MISMATCH /usr/share/doc/tcl-8.6.16/TclCmd/coroutine.htm
  expected: {"gid": 19249, "mode": 420, "path": "/usr/share/doc/tcl-8.6.16/TclCmd/coroutine.htm", "sha256": "0d5fcb341b548531b7a926f0fd7559427cb710abc9365fe10f2cdd9f57c97e65", "size": 8357, "type": "file", "uid": 15399}
  actual:   MISSING
MISMATCH /usr/share/doc/tcl-8.6.16/TclCmd/dde.htm
  expected: {"gid": 19249, "mode": 420, "path": "/usr/share/doc/tcl-8.6.16/TclCmd/dde.htm", "sha256": "3975d87e9428f02f400cd3ac32ef5300f55cef3aa5f313484d95393e2bbc09ae", "size": 11379, "type": "file", "uid": 15399}
  actual:   MISSING
MISMATCH /usr/share/doc/tcl-8.6.16/TclCmd/define.htm
  expected: {"gid": 19249, "mode": 420, "path": "/usr/share/doc/tcl-8.6.16/TclCmd/define.htm", "sha256": "ecca6c25d99cf030c569c85422082230b90d9b52e2790defcd6e6fb9baa965d4", "size": 26075, "type": "file", "uid": 15399}
  actual:   MISSING
MISMATCH /usr/share/doc/tcl-8.6.16/TclCmd/dict.htm
  expected: {"gid": 19249, "mode": 420, "path": "/usr/share/doc/tcl-8.6.16/TclCmd/dict.htm", "sha256": "91c5f1e214d021476cde116338ca679266d4e4a261cd980e8bdff7a7c5f2b449", "size": 25806, "type": "file", "uid": 15399}
  actual:   MISSING
MISMATCH /usr/share/doc/tcl-8.6.16/TclCmd/encoding.htm
  expected: {"gid": 19249, "mode": 420, "path": "/usr/share/doc/tcl-8.6.16/TclCmd/encoding.htm", "sha256": "a4f2ef4ffbba6ecf60baa02f5aab38a4339deb0e69c6f9fc3de42b2452ed204b", "size": 6208, "type": "file", "uid": 15399}
  actual:   MISSING
MISMATCH /usr/share/doc/tcl-8.6.16/TclCmd/eof.htm
  expected: {"gid": 19249, "mode": 420, "path": "/usr/share/doc/tcl-8.6.16/TclCmd/eof.htm", "sha256": "2e4c3ad50630c49aac28eeee20788740aca54999810a3789327b990a9d39a281", "size": 3368, "type": "file", "uid": 15399}
  actual:   MISSING
MISMATCH /usr/share/doc/tcl-8.6.16/TclCmd/error.htm
  expected: {"gid": 19249, "mode": 420, "path": "/usr/share/doc/tcl-8.6.16/TclCmd/error.htm", "sha256": "2ef244a4aef32398a24a7611a15e173bfce9850410ba265cde46ead58f7d28b0", "size": 3872, "type": "file", "uid": 15399}
  actual:   MISSING
MISMATCH /usr/share/doc/tcl-8.6.16/TclCmd/eval.htm
  expected: {"gid": 19249, "mode": 420, "path": "/usr/share/doc/tcl-8.6.16/TclCmd/eval.htm", "sha256": "1a78bc0331597cb33c437e54a636ce7b3dff1b377e53062cb2645d43648b7e7e", "size": 4722, "type": "file", "uid": 15399}
  actual:   MISSING
MISMATCH /usr/share/doc/tcl-8.6.16/TclCmd/exec.htm
  expected: {"gid": 19249, "mode": 420, "path": "/usr/share/doc/tcl-8.6.16/TclCmd/exec.htm", "sha256": "7971bdfdf9a71c625c1d13b6b772cb6cb3be88133f4c891985ca028a392ed519", "size": 24090, "type": "file", "uid": 15399}
  actual:   MISSING
MISMATCH /usr/share/doc/tcl-8.6.16/TclCmd/exit.htm
  expected: {"gid": 19249, "mode": 420, "path": "/usr/share/doc/tcl-8.6.16/TclCmd/exit.htm", "sha256": "ec79ddcdde308aa13c5a688e2b4f3c32f7bafef5ee8284b953ed3a7d3a0b317f", "size": 2816, "type": "file", "uid": 15399}
  actual:   MISSING
MISMATCH /usr/share/doc/tcl-8.6.16/TclCmd/expr.htm
  expected: {"gid": 19249, "mode": 420, "path": "/usr/share/doc/tcl-8.6.16/TclCmd/expr.htm", "sha256": "ab59eba0ce99d4a96bd05edb99ab8b130e01e88bb43eac364cd36be1d8b27500", "size": 22030, "type": "file", "uid": 15399}
  actual:   MISSING
MISMATCH /usr/share/doc/tcl-8.6.16/TclCmd/fblocked.htm
  expected: {"gid": 19249, "mode": 420, "path": "/usr/share/doc/tcl-8.6.16/TclCmd/fblocked.htm", "sha256": "2d615519c0a618654d15c03d0593639b3c631abe20811428d7fae474a89ef50a", "size": 4215, "type": "file", "uid": 15399}
  actual:   MISSING
MISMATCH /usr/share/doc/tcl-8.6.16/TclCmd/fconfigure.htm
  expected: {"gid": 19249, "mode": 420, "path": "/usr/share/doc/tcl-8.6.16/TclCmd/fconfigure.htm", "sha256": "9d7d8518d7838c6478567ccca9f0501dc8860ff02318ba02a5fcb846f52b6e81", "size": 17685, "type": "file", "uid": 15399}
  actual:   MISSING
MISMATCH /usr/share/doc/tcl-8.6.16/TclCmd/fcopy.htm
  expected: {"gid": 19249, "mode": 420, "path": "/usr/share/doc/tcl-8.6.16/TclCmd/fcopy.htm", "sha256": "0bdc72d35095f4e9345325e0b39eb3145a61214c33162ba5d5091c500ee48f8c", "size": 8633, "type": "file", "uid": 15399}
  actual:   MISSING
MISMATCH /usr/share/doc/tcl-8.6.16/TclCmd/file.htm
  expected: {"gid": 19249, "mode": 420, "path": "/usr/share/doc/tcl-8.6.16/TclCmd/file.htm", "sha256": "a9ecc6bf721eb4a0c199ca80065c22de5ac9b9584599a28ef07fa6a2e2791786", "size": 29911, "type": "file", "uid": 15399}
  actual:   MISSING
MISMATCH /usr/share/doc/tcl-8.6.16/TclCmd/fileevent.htm
  expected: {"gid": 19249, "mode": 420, "path": "/usr/share/doc/tcl-8.6.16/TclCmd/fileevent.htm", "sha256": "20eedb71abc0c1f749f89bc32af19cfc603c4ecbeffa97886d699eb8e02fbee9", "size": 9308, "type": "file", "uid": 15399}
  actual:   MISSING
MISMATCH /usr/share/doc/tcl-8.6.16/TclCmd/filename.htm
  expected: {"gid": 19249, "mode": 420, "path": "/usr/share/doc/tcl-8.6.16/TclCmd/filename.htm", "sha256": "0c6cb0f0d02649e22d24b4127608b3fbe4913e3180cb6d5277331eefd4dae177", "size": 11358, "type": "file", "uid": 15399}
  actual:   MISSING
MISMATCH /usr/share/doc/tcl-8.6.16/TclCmd/flush.htm
  expected: {"gid": 19249, "mode": 420, "path": "/usr/share/doc/tcl-8.6.16/TclCmd/flush.htm", "sha256": "6d256fbcfdd0199380b92e6c39bc78f4fb703bb1608391c64a095dc38743d642", "size": 3386, "type": "file", "uid": 15399}
  actual:   MISSING
MISMATCH /usr/share/doc/tcl-8.6.16/TclCmd/for.htm
  expected: {"gid": 19249, "mode": 420, "path": "/usr/share/doc/tcl-8.6.16/TclCmd/for.htm", "sha256": "fe0b2017ab32dc93ed2dddda95e07288c8b5552834fa1776089549e052725a50", "size": 4690, "type": "file", "uid": 15399}
  actual:   MISSING
MISMATCH /usr/share/doc/tcl-8.6.16/TclCmd/foreach.htm
  expected: {"gid": 19249, "mode": 420, "path": "/usr/share/doc/tcl-8.6.16/TclCmd/foreach.htm", "sha256": "e927ef329c8dadf711ed79f2945d94134c2fc67424ba2887770daa07bc5c67ce", "size": 4967, "type": "file", "uid": 15399}
  actual:   MISSING
MISMATCH /usr/share/doc/tcl-8.6.16/TclCmd/format.htm
  expected: {"gid": 19249, "mode": 420, "path": "/usr/share/doc/tcl-8.6.16/TclCmd/format.htm", "sha256": "5786b645ae06cbb4f8716c73bb1e189daf05ce3c88e17282209a4c0d988e88d9", "size": 15515, "type": "file", "uid": 15399}
  actual:   MISSING
MISMATCH /usr/share/doc/tcl-8.6.16/TclCmd/gets.htm
  expected: {"gid": 19249, "mode": 420, "path": "/usr/share/doc/tcl-8.6.16/TclCmd/gets.htm", "sha256": "eb4d3e64609b6de9639c9e1c918365a8664900089a654f6cf0e916a6ba7d7630", "size": 4363, "type": "file", "uid": 15399}
  actual:   MISSING
MISMATCH /usr/share/doc/tcl-8.6.16/TclCmd/glob.htm
  expected: {"gid": 19249, "mode": 420, "path": "/usr/share/doc/tcl-8.6.16/TclCmd/glob.htm", "sha256": "93c8947e044f42dc40021f53afb43e743f3ef98ec8ef6790b76094739725c338", "size": 12372, "type": "file", "uid": 15399}
  actual:   MISSING
MISMATCH /usr/share/doc/tcl-8.6.16/TclCmd/global.htm
  expected: {"gid": 19249, "mode": 420, "path": "/usr/share/doc/tcl-8.6.16/TclCmd/global.htm", "sha256": "10e54caca12675452ab5ea2c5adea47411bea104a8dfb3796767f3d7ce8ab881", "size": 3592, "type": "file", "uid": 15399}
  actual:   MISSING
MISMATCH /usr/share/doc/tcl-8.6.16/TclCmd/history.htm
  expected: {"gid": 19249, "mode": 420, "path": "/usr/share/doc/tcl-8.6.16/TclCmd/history.htm", "sha256": "9df752c7b6e9c37941d50e13bd64225ac232aa15a9c3f18fe1b5344686d006fa", "size": 7112, "type": "file", "uid": 15399}
  actual:   MISSING
MISMATCH /usr/share/doc/tcl-8.6.16/TclCmd/http.htm
  expected: {"gid": 19249, "mode": 420, "path": "/usr/share/doc/tcl-8.6.16/TclCmd/http.htm", "sha256": "a30f29f08b5cbdb55c9673d139372a9b2f490c1ea0477e30f3671ba993475026", "size": 45534, "type": "file", "uid": 15399}
  actual:   MISSING
MISMATCH /usr/share/doc/tcl-8.6.16/TclCmd/if.htm
  expected: {"gid": 19249, "mode": 420, "path": "/usr/share/doc/tcl-8.6.16/TclCmd/if.htm", "sha256": "151c671a3282ed647b0db431acfbac31ab50e08c13b5105b9cb81df8246379a4", "size": 4139, "type": "file", "uid": 15399}
  actual:   MISSING
MISMATCH /usr/share/doc/tcl-8.6.16/TclCmd/incr.htm
  expected: {"gid": 19249, "mode": 420, "path": "/usr/share/doc/tcl-8.6.16/TclCmd/incr.htm", "sha256": "a5698e77aaf9b193028c17ad0e78e930ea9c7c626c57b5665e5a63c3630b2fcc", "size": 3170, "type": "file", "uid": 15399}
  actual:   MISSING
MISMATCH /usr/share/doc/tcl-8.6.16/TclCmd/info.htm
  expected: {"gid": 19249, "mode": 420, "path": "/usr/share/doc/tcl-8.6.16/TclCmd/info.htm", "sha256": "ccaa54f92b5f4e93d6cd1d2d640018f3dda7fd695dd1e686bbd25f1b6468003f", "size": 41677, "type": "file", "uid": 15399}
  actual:   MISSING
MISMATCH /usr/share/doc/tcl-8.6.16/TclCmd/interp.htm
  expected: {"gid": 19249, "mode": 420, "path": "/usr/share/doc/tcl-8.6.16/TclCmd/interp.htm", "sha256": "3da19155932fbc26eef82cc750be36d6ae563b613722a8c1089a027054c13ec2", "size": 59711, "type": "file", "uid": 15399}
  actual:   MISSING
MISMATCH /usr/share/doc/tcl-8.6.16/TclCmd/join.htm
  expected: {"gid": 19249, "mode": 420, "path": "/usr/share/doc/tcl-8.6.16/TclCmd/join.htm", "sha256": "de6cdfc9d51b4bf1b059c840d4378a0b82f37cba5ba43c316eb7d2e798537b4d", "size": 2769, "type": "file", "uid": 15399}
  actual:   MISSING
MISMATCH /usr/share/doc/tcl-8.6.16/TclCmd/lappend.htm
  expected: {"gid": 19249, "mode": 420, "path": "/usr/share/doc/tcl-8.6.16/TclCmd/lappend.htm", "sha256": "eddbc62dadc0278e2812af0290d8fa9ad19c43bbe93796e742afcb65562cbff5", "size": 3274, "type": "file", "uid": 15399}
  actual:   MISSING
MISMATCH /usr/share/doc/tcl-8.6.16/TclCmd/lassign.htm
  expected: {"gid": 19249, "mode": 420, "path": "/usr/share/doc/tcl-8.6.16/TclCmd/lassign.htm", "sha256": "8f9c6cd489cb33d9f36cda148482b51356ccc59242d89c394e00dd156f3319e7", "size": 3628, "type": "file", "uid": 15399}
  actual:   MISSING
MISMATCH /usr/share/doc/tcl-8.6.16/TclCmd/library.htm
  expected: {"gid": 19249, "mode": 420, "path": "/usr/share/doc/tcl-8.6.16/TclCmd/library.htm", "sha256": "148ff340631d8901e2c079f203f5d408f8847bda2882da3aee1cdc13dcd95dd7", "size": 21361, "type": "file", "uid": 15399}
  actual:   MISSING
MISMATCH /usr/share/doc/tcl-8.6.16/TclCmd/lindex.htm
  expected: {"gid": 19249, "mode": 420, "path": "/usr/share/doc/tcl-8.6.16/TclCmd/lindex.htm", "sha256": "383fd77a5da9c959c8163c207c7c2a2769ef2d0115aa67749b9fb159e11bbd10", "size": 5472, "type": "file", "uid": 15399}
  actual:   MISSING
MISMATCH /usr/share/doc/tcl-8.6.16/TclCmd/linsert.htm
  expected: {"gid": 19249, "mode": 420, "path": "/usr/share/doc/tcl-8.6.16/TclCmd/linsert.htm", "sha256": "a156ce08bc977708208a94ca9f10b3a71fd5870e05e37fb45afd3d6a6b284735", "size": 3941, "type": "file", "uid": 15399}
  actual:   MISSING
MISMATCH /usr/share/doc/tcl-8.6.16/TclCmd/list.htm
  expected: {"gid": 19249, "mode": 420, "path": "/usr/share/doc/tcl-8.6.16/TclCmd/list.htm", "sha256": "d1808c602e9f2967bd3eb585df73fe7c455718c48c0ef4e833cd7ffc27ecabcd", "size": 3565, "type": "file", "uid": 15399}
  actual:   MISSING
MISMATCH /usr/share/doc/tcl-8.6.16/TclCmd/llength.htm
  expected: {"gid": 19249, "mode": 420, "path": "/usr/share/doc/tcl-8.6.16/TclCmd/llength.htm", "sha256": "ae5346fb61c09e5d68ae6f858938f6000c362a943aefc504be41e17c5eebf31d", "size": 3058, "type": "file", "uid": 15399}
  actual:   MISSING
MISMATCH /usr/share/doc/tcl-8.6.16/TclCmd/lmap.htm
  expected: {"gid": 19249, "mode": 420, "path": "/usr/share/doc/tcl-8.6.16/TclCmd/lmap.htm", "sha256": "3c48805426c47e4516cebc851249719c535857b5273f52fc809d714b07822aa6", "size": 4934, "type": "file", "uid": 15399}
  actual:   MISSING
MISMATCH /usr/share/doc/tcl-8.6.16/TclCmd/load.htm
  expected: {"gid": 19249, "mode": 420, "path": "/usr/share/doc/tcl-8.6.16/TclCmd/load.htm", "sha256": "41381a516431a9789a72c72b1a37f94816027e7144e7f3e0c2bc6acd9da73439", "size": 10205, "type": "file", "uid": 15399}
  actual:   MISSING
MISMATCH /usr/share/doc/tcl-8.6.16/TclCmd/lrange.htm
  expected: {"gid": 19249, "mode": 420, "path": "/usr/share/doc/tcl-8.6.16/TclCmd/lrange.htm", "sha256": "657b4c97915a15051af1a0ffb6dbf1080e5a613eec4f442e2270d2ac3edec571", "size": 4170, "type": "file", "uid": 15399}
  actual:   MISSING
MISMATCH /usr/share/doc/tcl-8.6.16/TclCmd/lrepeat.htm
  expected: {"gid": 19249, "mode": 420, "path": "/usr/share/doc/tcl-8.6.16/TclCmd/lrepeat.htm", "sha256": "9607d2860cf43d2031b8f707c08390390858c31d6f294813fc2d43b25914a88e", "size": 2852, "type": "file", "uid": 15399}
  actual:   MISSING
MISMATCH /usr/share/doc/tcl-8.6.16/TclCmd/lreplace.htm
  expected: {"gid": 19249, "mode": 420, "path": "/usr/share/doc/tcl-8.6.16/TclCmd/lreplace.htm", "sha256": "7bcdc8cc4705fc9a3ad1fe824db30255a4b87a1e5ad755a125378609e870d0c5", "size": 5069, "type": "file", "uid": 15399}
  actual:   MISSING
MISMATCH /usr/share/doc/tcl-8.6.16/TclCmd/lreverse.htm
  expected: {"gid": 19249, "mode": 420, "path": "/usr/share/doc/tcl-8.6.16/TclCmd/lreverse.htm", "sha256": "60632606803984d0d0d8989648a5ed5c553d2ef181a2c7dcc7ed0e79aa6a1c12", "size": 2352, "type": "file", "uid": 15399}
  actual:   MISSING
MISMATCH /usr/share/doc/tcl-8.6.16/TclCmd/lsearch.htm
  expected: {"gid": 19249, "mode": 420, "path": "/usr/share/doc/tcl-8.6.16/TclCmd/lsearch.htm", "sha256": "3293808d23e2f55f1f55b627d5ff514490d2822f4ef856a89ccca544e4e3c2e5", "size": 12769, "type": "file", "uid": 15399}
  actual:   MISSING
MISMATCH /usr/share/doc/tcl-8.6.16/TclCmd/lset.htm
  expected: {"gid": 19249, "mode": 420, "path": "/usr/share/doc/tcl-8.6.16/TclCmd/lset.htm", "sha256": "72de002b7d41d32a277ed1dbfea5428367e9254529fa566373e1657fd3936967", "size": 6715, "type": "file", "uid": 15399}
  actual:   MISSING
MISMATCH /usr/share/doc/tcl-8.6.16/TclCmd/lsort.htm
  expected: {"gid": 19249, "mode": 420, "path": "/usr/share/doc/tcl-8.6.16/TclCmd/lsort.htm", "sha256": "9617768e2fde69c50c37216a673b832611e48a98cbac5f510680b437b3c9fbff", "size": 10944, "type": "file", "uid": 15399}
  actual:   MISSING
MISMATCH /usr/share/doc/tcl-8.6.16/TclCmd/mathfunc.htm
  expected: {"gid": 19249, "mode": 420, "path": "/usr/share/doc/tcl-8.6.16/TclCmd/mathfunc.htm", "sha256": "13d0a4ed6baf227f45c88d27e127fafce1b454031bd3c0574a4d2c856d1f2903", "size": 15906, "type": "file", "uid": 15399}
  actual:   MISSING
MISMATCH /usr/share/doc/tcl-8.6.16/TclCmd/mathop.htm
  expected: {"gid": 19249, "mode": 420, "path": "/usr/share/doc/tcl-8.6.16/TclCmd/mathop.htm", "sha256": "5bdc1fef001259e2a89a23c07b5448c73376a413f4ed82e81f160aa8ca93307e", "size": 16796, "type": "file", "uid": 15399}
  actual:   MISSING
MISMATCH /usr/share/doc/tcl-8.6.16/TclCmd/memory.htm
  expected: {"gid": 19249, "mode": 420, "path": "/usr/share/doc/tcl-8.6.16/TclCmd/memory.htm", "sha256": "79db08d2b25a6195b22a83d1b13b5dcb61b4d48b058b9681bd2832059f1ce77f", "size": 8313, "type": "file", "uid": 15399}
  actual:   MISSING
MISMATCH /usr/share/doc/tcl-8.6.16/TclCmd/msgcat.htm
  expected: {"gid": 19249, "mode": 420, "path": "/usr/share/doc/tcl-8.6.16/TclCmd/msgcat.htm", "sha256": "3a89cd19739907bc4e70091250a964b458f8bb7ee047a106deb4e66d0c70d686", "size": 31843, "type": "file", "uid": 15399}
  actual:   MISSING
MISMATCH /usr/share/doc/tcl-8.6.16/TclCmd/my.htm
  expected: {"gid": 19249, "mode": 420, "path": "/usr/share/doc/tcl-8.6.16/TclCmd/my.htm", "sha256": "8f85b08921c600012a278e77dd833ed6a8c412b67996cd6417e23b1b63152f89", "size": 3347, "type": "file", "uid": 15399}
  actual:   MISSING
MISMATCH /usr/share/doc/tcl-8.6.16/TclCmd/namespace.htm
  expected: {"gid": 19249, "mode": 420, "path": "/usr/share/doc/tcl-8.6.16/TclCmd/namespace.htm", "sha256": "da5dfee0b11b67800d5f9f238467bc24d4cb2d96ee2aa6cf6a29bf87d9edfaf8", "size": 44171, "type": "file", "uid": 15399}
  actual:   MISSING
MISMATCH /usr/share/doc/tcl-8.6.16/TclCmd/next.htm
  expected: {"gid": 19249, "mode": 420, "path": "/usr/share/doc/tcl-8.6.16/TclCmd/next.htm", "sha256": "dcf32e7fd4331325c99ef264bb0bfd5914ed6f7132f94cb1e136b65cb15dd63d", "size": 10448, "type": "file", "uid": 15399}
  actual:   MISSING
MISMATCH /usr/share/doc/tcl-8.6.16/TclCmd/object.htm
  expected: {"gid": 19249, "mode": 420, "path": "/usr/share/doc/tcl-8.6.16/TclCmd/object.htm", "sha256": "a5470025110e8f259e6b6e478509625c0b9538c79a6014f680e0386564f17366", "size": 8803, "type": "file", "uid": 15399}
  actual:   MISSING
MISMATCH /usr/share/doc/tcl-8.6.16/TclCmd/open.htm
  expected: {"gid": 19249, "mode": 420, "path": "/usr/share/doc/tcl-8.6.16/TclCmd/open.htm", "sha256": "76c0eb8ad34cf50cfe61afffdd06d5dd5d78a485d010d490e3abf3b05647d231", "size": 25878, "type": "file", "uid": 15399}
  actual:   MISSING
MISMATCH /usr/share/doc/tcl-8.6.16/TclCmd/package.htm
  expected: {"gid": 19249, "mode": 420, "path": "/usr/share/doc/tcl-8.6.16/TclCmd/package.htm", "sha256": "060139bd10a8410a715a2b3bbbbee9388776b5f812351343693df7cbbb82be4c", "size": 17933, "type": "file", "uid": 15399}
  actual:   MISSING
MISMATCH /usr/share/doc/tcl-8.6.16/TclCmd/packagens.htm
  expected: {"gid": 19249, "mode": 420, "path": "/usr/share/doc/tcl-8.6.16/TclCmd/packagens.htm", "sha256": "19d9987e776a6144da63c8651c719c9fa243eb99ca544431d3dfc1453f852198", "size": 4632, "type": "file", "uid": 15399}
  actual:   MISSING
MISMATCH /usr/share/doc/tcl-8.6.16/TclCmd/pid.htm
  expected: {"gid": 19249, "mode": 420, "path": "/usr/share/doc/tcl-8.6.16/TclCmd/pid.htm", "sha256": "78cef4834a014cd81c38596686716d63c58c4cacc55dbbd7713a11258b055e58", "size": 3031, "type": "file", "uid": 15399}
  actual:   MISSING
MISMATCH /usr/share/doc/tcl-8.6.16/TclCmd/pkgMkIndex.htm
  expected: {"gid": 19249, "mode": 420, "path": "/usr/share/doc/tcl-8.6.16/TclCmd/pkgMkIndex.htm", "sha256": "20089c9765cdc1b03893ce1a451869efd1219d9fc04462b2ef2fe20ff9289970", "size": 15017, "type": "file", "uid": 15399}
  actual:   MISSING
MISMATCH /usr/share/doc/tcl-8.6.16/TclCmd/platform.htm
  expected: {"gid": 19249, "mode": 420, "path": "/usr/share/doc/tcl-8.6.16/TclCmd/platform.htm", "sha256": "3739c36fb3f5c6ebdb16e0fefb9ddea709d13f32edd1d0ddf5d947624a197e62", "size": 4899, "type": "file", "uid": 15399}
  actual:   MISSING
MISMATCH /usr/share/doc/tcl-8.6.16/TclCmd/platform_shell.htm
  expected: {"gid": 19249, "mode": 420, "path": "/usr/share/doc/tcl-8.6.16/TclCmd/platform_shell.htm", "sha256": "01ecc1b424abdc9c19de819c3183f4cf5b778221e65974f4414f347bbdacbb20", "size": 3779, "type": "file", "uid": 15399}
  actual:   MISSING
MISMATCH /usr/share/doc/tcl-8.6.16/TclCmd/prefix.htm
  expected: {"gid": 19249, "mode": 420, "path": "/usr/share/doc/tcl-8.6.16/TclCmd/prefix.htm", "sha256": "29c097bbc0e872673b5795ff4020491e8207edced1772f5ca53567ae118c95a4", "size": 6350, "type": "file", "uid": 15399}
  actual:   MISSING
MISMATCH /usr/share/doc/tcl-8.6.16/TclCmd/proc.htm
  expected: {"gid": 19249, "mode": 420, "path": "/usr/share/doc/tcl-8.6.16/TclCmd/proc.htm", "sha256": "86b468eb0e37551788f993067461815c65a2f0ce5145d12aa382968db67d0606", "size": 6598, "type": "file", "uid": 15399}
  actual:   MISSING
MISMATCH /usr/share/doc/tcl-8.6.16/TclCmd/puts.htm
  expected: {"gid": 19249, "mode": 420, "path": "/usr/share/doc/tcl-8.6.16/TclCmd/puts.htm", "sha256": "482744d3f6258dd430856d73921034fe11d7a130e2ce2af0f81036a4c196760d", "size": 5422, "type": "file", "uid": 15399}
  actual:   MISSING
MISMATCH /usr/share/doc/tcl-8.6.16/TclCmd/pwd.htm
  expected: {"gid": 19249, "mode": 420, "path": "/usr/share/doc/tcl-8.6.16/TclCmd/pwd.htm", "sha256": "6a9c12f248c5177b1d9555f2a417f6e94f3e199e08d295ff62ba4670d160d79b", "size": 2649, "type": "file", "uid": 15399}
  actual:   MISSING
MISMATCH /usr/share/doc/tcl-8.6.16/TclCmd/re_syntax.htm
  expected: {"gid": 19249, "mode": 420, "path": "/usr/share/doc/tcl-8.6.16/TclCmd/re_syntax.htm", "sha256": "c8a3a061ff5ca8f7c5de56dc31f222185407f7a7125fd28ae28323e17af56984", "size": 41504, "type": "file", "uid": 15399}
  actual:   MISSING
MISMATCH /usr/share/doc/tcl-8.6.16/TclCmd/read.htm
  expected: {"gid": 19249, "mode": 420, "path": "/usr/share/doc/tcl-8.6.16/TclCmd/read.htm", "sha256": "17a1d49c52bd8f77bb04fbd3a437a404f015789c429cd33ca44301cfdad8dc15", "size": 5666, "type": "file", "uid": 15399}
  actual:   MISSING
MISMATCH /usr/share/doc/tcl-8.6.16/TclCmd/refchan.htm
  expected: {"gid": 19249, "mode": 420, "path": "/usr/share/doc/tcl-8.6.16/TclCmd/refchan.htm", "sha256": "6cdb51389e7ae178fdb38c5eea8e6f068635add8093cbfa279c688db1f18dc56", "size": 21178, "type": "file", "uid": 15399}
  actual:   MISSING
MISMATCH /usr/share/doc/tcl-8.6.16/TclCmd/regexp.htm
  expected: {"gid": 19249, "mode": 420, "path": "/usr/share/doc/tcl-8.6.16/TclCmd/regexp.htm", "sha256": "5ae68fb5c9464480f8effc617ac4933ac7a2446d81e243637b0e32e0e5e353bd", "size": 10479, "type": "file", "uid": 15399}
  actual:   MISSING
MISMATCH /usr/share/doc/tcl-8.6.16/TclCmd/registry.htm
  expected: {"gid": 19249, "mode": 420, "path": "/usr/share/doc/tcl-8.6.16/TclCmd/registry.htm", "sha256": "01ebcdf2d6c1fec05c273acbe3251babe73a8cf8854e4d37d12b89f47b23c5b1", "size": 11775, "type": "file", "uid": 15399}
  actual:   MISSING
MISMATCH /usr/share/doc/tcl-8.6.16/TclCmd/regsub.htm
  expected: {"gid": 19249, "mode": 420, "path": "/usr/share/doc/tcl-8.6.16/TclCmd/regsub.htm", "sha256": "1accff7d42acd3692b26f6c3bda4c4f8475b6b27c2a7538c5a7c9f6305ca4c66", "size": 9579, "type": "file", "uid": 15399}
  actual:   MISSING
MISMATCH /usr/share/doc/tcl-8.6.16/TclCmd/rename.htm
  expected: {"gid": 19249, "mode": 420, "path": "/usr/share/doc/tcl-8.6.16/TclCmd/rename.htm", "sha256": "de3fa5313b6e6f2058bea8da0867b56a2527820345e1936be9cc513d7e288f73", "size": 2987, "type": "file", "uid": 15399}
  actual:   MISSING
MISMATCH /usr/share/doc/tcl-8.6.16/TclCmd/return.htm
  expected: {"gid": 19249, "mode": 420, "path": "/usr/share/doc/tcl-8.6.16/TclCmd/return.htm", "sha256": "f751af909bf89edc8441d3c0f118f08cc15d75ce3d126026e53020d746d3e3c4", "size": 19050, "type": "file", "uid": 15399}
  actual:   MISSING
MISMATCH /usr/share/doc/tcl-8.6.16/TclCmd/safe.htm
  expected: {"gid": 19249, "mode": 420, "path": "/usr/share/doc/tcl-8.6.16/TclCmd/safe.htm", "sha256": "342f03c9fa91ab8b4cf26259189172905dbc32ab07bff62acd3e2d16238ca863", "size": 22016, "type": "file", "uid": 15399}
  actual:   MISSING
MISMATCH /usr/share/doc/tcl-8.6.16/TclCmd/scan.htm
  expected: {"gid": 19249, "mode": 420, "path": "/usr/share/doc/tcl-8.6.16/TclCmd/scan.htm", "sha256": "42bfee7bb4629b38b65e7dd564db1e2d43f109da715c7ca5d371d4618a582381", "size": 15296, "type": "file", "uid": 15399}
  actual:   MISSING
MISMATCH /usr/share/doc/tcl-8.6.16/TclCmd/seek.htm
  expected: {"gid": 19249, "mode": 420, "path": "/usr/share/doc/tcl-8.6.16/TclCmd/seek.htm", "sha256": "9672e7303b10d47117e5cbd67d22bf1e3a1d639b732afb2aeffa1f61f90d5431", "size": 4783, "type": "file", "uid": 15399}
  actual:   MISSING
MISMATCH /usr/share/doc/tcl-8.6.16/TclCmd/self.htm
  expected: {"gid": 19249, "mode": 420, "path": "/usr/share/doc/tcl-8.6.16/TclCmd/self.htm", "sha256": "2ebf754d75cf71592dcd934a5debbc77b62bcee800131400bfd94e95f013c2e6", "size": 8263, "type": "file", "uid": 15399}
  actual:   MISSING
MISMATCH /usr/share/doc/tcl-8.6.16/TclCmd/set.htm
  expected: {"gid": 19249, "mode": 420, "path": "/usr/share/doc/tcl-8.6.16/TclCmd/set.htm", "sha256": "70b69aaefd3100d78a48af2618835456c415cb0dc666535dce8f79ed4ed995f7", "size": 4404, "type": "file", "uid": 15399}
  actual:   MISSING
MISMATCH /usr/share/doc/tcl-8.6.16/TclCmd/socket.htm
  expected: {"gid": 19249, "mode": 420, "path": "/usr/share/doc/tcl-8.6.16/TclCmd/socket.htm", "sha256": "202dbcb5447fb024df61edbf9442fbe82601d9d66915635023b909b72f8c22b7", "size": 13923, "type": "file", "uid": 15399}
  actual:   MISSING
MISMATCH /usr/share/doc/tcl-8.6.16/TclCmd/source.htm
  expected: {"gid": 19249, "mode": 420, "path": "/usr/share/doc/tcl-8.6.16/TclCmd/source.htm", "sha256": "86841dba492c7b0203fbd6e7475c0b18b4fe170d583f0769a396a2e4612deca6", "size": 3929, "type": "file", "uid": 15399}
  actual:   MISSING
MISMATCH /usr/share/doc/tcl-8.6.16/TclCmd/split.htm
  expected: {"gid": 19249, "mode": 420, "path": "/usr/share/doc/tcl-8.6.16/TclCmd/split.htm", "sha256": "3655ed6772f066fd34365ec3d0878bf987dcb974200c1060765d51060ca43b29", "size": 4341, "type": "file", "uid": 15399}
  actual:   MISSING
MISMATCH /usr/share/doc/tcl-8.6.16/TclCmd/string.htm
  expected: {"gid": 19249, "mode": 420, "path": "/usr/share/doc/tcl-8.6.16/TclCmd/string.htm", "sha256": "c95eadb2cc295f3054cd827d133b365dff88d0307746576155033b972d0d6b4d", "size": 28150, "type": "file", "uid": 15399}
  actual:   MISSING
MISMATCH /usr/share/doc/tcl-8.6.16/TclCmd/subst.htm
  expected: {"gid": 19249, "mode": 420, "path": "/usr/share/doc/tcl-8.6.16/TclCmd/subst.htm", "sha256": "30995dbebd0b56c22b73241ca07e3d6421234ac6bf9001cb07f944cc8fc06e4e", "size": 6602, "type": "file", "uid": 15399}
  actual:   MISSING
MISMATCH /usr/share/doc/tcl-8.6.16/TclCmd/switch.htm
  expected: {"gid": 19249, "mode": 420, "path": "/usr/share/doc/tcl-8.6.16/TclCmd/switch.htm", "sha256": "5c31a27809a1918bcd195a2f00e31cb775ffbe998a9114d0e22d6f1a251bd3b0", "size": 9319, "type": "file", "uid": 15399}
  actual:   MISSING
MISMATCH /usr/share/doc/tcl-8.6.16/TclCmd/tailcall.htm
  expected: {"gid": 19249, "mode": 420, "path": "/usr/share/doc/tcl-8.6.16/TclCmd/tailcall.htm", "sha256": "8c69e162fd5fe19ea13f5ebdec9b1678bbfab28a1080387a042097418b68912c", "size": 3429, "type": "file", "uid": 15399}
  actual:   MISSING
MISMATCH /usr/share/doc/tcl-8.6.16/TclCmd/tcltest.htm
  expected: {"gid": 19249, "mode": 420, "path": "/usr/share/doc/tcl-8.6.16/TclCmd/tcltest.htm", "sha256": "8c5393b97fe7cdb16e7538034f9e4b5b27ac6fb5eaa03d310934f224b7bbdeb5", "size": 64750, "type": "file", "uid": 15399}
  actual:   MISSING
MISMATCH /usr/share/doc/tcl-8.6.16/TclCmd/tclvars.htm
  expected: {"gid": 19249, "mode": 420, "path": "/usr/share/doc/tcl-8.6.16/TclCmd/tclvars.htm", "sha256": "1df3b1a800ff68ac5547a1f44d285ffd2323b97eae7d0547ba4f6b804f50b4c4", "size": 30603, "type": "file", "uid": 15399}
  actual:   MISSING
MISMATCH /usr/share/doc/tcl-8.6.16/TclCmd/tell.htm
  expected: {"gid": 19249, "mode": 420, "path": "/usr/share/doc/tcl-8.6.16/TclCmd/tell.htm", "sha256": "09367b88243393c9a2813c194c6d4fdeb450b918670d01e61fe9e4cbe0922d2e", "size": 3469, "type": "file", "uid": 15399}
  actual:   MISSING
MISMATCH /usr/share/doc/tcl-8.6.16/TclCmd/throw.htm
  expected: {"gid": 19249, "mode": 420, "path": "/usr/share/doc/tcl-8.6.16/TclCmd/throw.htm", "sha256": "a3c8cb6642e8e6617ed1565688f950fac8b2e169dc83d0fe9cf6d125790afc27", "size": 3453, "type": "file", "uid": 15399}
  actual:   MISSING
MISMATCH /usr/share/doc/tcl-8.6.16/TclCmd/time.htm
  expected: {"gid": 19249, "mode": 420, "path": "/usr/share/doc/tcl-8.6.16/TclCmd/time.htm", "sha256": "07808323638d2d0152e9a68b1b919024614382daad298fc16949c93c036360e3", "size": 2510, "type": "file", "uid": 15399}
  actual:   MISSING
MISMATCH /usr/share/doc/tcl-8.6.16/TclCmd/timerate.htm
  expected: {"gid": 19249, "mode": 420, "path": "/usr/share/doc/tcl-8.6.16/TclCmd/timerate.htm", "sha256": "064166430ba70e8132c207d16dfb11dcc46ef5fc60b0c061bcc3b9816e7beedd", "size": 7967, "type": "file", "uid": 15399}
  actual:   MISSING
MISMATCH /usr/share/doc/tcl-8.6.16/TclCmd/tm.htm
  expected: {"gid": 19249, "mode": 420, "path": "/usr/share/doc/tcl-8.6.16/TclCmd/tm.htm", "sha256": "e7cfd7a88014a15298974070529ec8d3c97d65d7a5e734762f881fd523afd074", "size": 14829, "type": "file", "uid": 15399}
  actual:   MISSING
MISMATCH /usr/share/doc/tcl-8.6.16/TclCmd/trace.htm
  expected: {"gid": 19249, "mode": 420, "path": "/usr/share/doc/tcl-8.6.16/TclCmd/trace.htm", "sha256": "0b3674421329320d10b2c71b264fdda7fc5d7ac832a01fce78319a37355efe65", "size": 24416, "type": "file", "uid": 15399}
  actual:   MISSING
MISMATCH /usr/share/doc/tcl-8.6.16/TclCmd/transchan.htm
  expected: {"gid": 19249, "mode": 420, "path": "/usr/share/doc/tcl-8.6.16/TclCmd/transchan.htm", "sha256": "6e69fc15877fee6ad2a058f1667a38aefbf9f1d34a570dd95ae578b6317175be", "size": 10633, "type": "file", "uid": 15399}
  actual:   MISSING
MISMATCH /usr/share/doc/tcl-8.6.16/TclCmd/try.htm
  expected: {"gid": 19249, "mode": 420, "path": "/usr/share/doc/tcl-8.6.16/TclCmd/try.htm", "sha256": "a71adba53dc2852508411a82300951f6f51b170499f39ced1d820ac459892b93", "size": 5969, "type": "file", "uid": 15399}
  actual:   MISSING
MISMATCH /usr/share/doc/tcl-8.6.16/TclCmd/unknown.htm
  expected: {"gid": 19249, "mode": 420, "path": "/usr/share/doc/tcl-8.6.16/TclCmd/unknown.htm", "sha256": "bd550ba4cc4a4047beec6208147019dc565be92612b4692c31cef0e86cda8f8f", "size": 5948, "type": "file", "uid": 15399}
  actual:   MISSING
MISMATCH /usr/share/doc/tcl-8.6.16/TclCmd/unload.htm
  expected: {"gid": 19249, "mode": 420, "path": "/usr/share/doc/tcl-8.6.16/TclCmd/unload.htm", "sha256": "4c5af018e27525a7e8977622110e041adec4e471d982d503d9b4c2803a616475", "size": 10607, "type": "file", "uid": 15399}
  actual:   MISSING
MISMATCH /usr/share/doc/tcl-8.6.16/TclCmd/unset.htm
  expected: {"gid": 19249, "mode": 420, "path": "/usr/share/doc/tcl-8.6.16/TclCmd/unset.htm", "sha256": "fd6506e0c8f37239a949b19aa8b56a63f571b2a4ea8d3059df03a6ab5889ff2e", "size": 3657, "type": "file", "uid": 15399}
  actual:   MISSING
MISMATCH /usr/share/doc/tcl-8.6.16/TclCmd/update.htm
  expected: {"gid": 19249, "mode": 420, "path": "/usr/share/doc/tcl-8.6.16/TclCmd/update.htm", "sha256": "4f68e2b417de5cacffb6e83cb21a878c2d868d208e2b30d1a03d5fd9cabbb0a8", "size": 3917, "type": "file", "uid": 15399}
  actual:   MISSING
MISMATCH /usr/share/doc/tcl-8.6.16/TclCmd/uplevel.htm
  expected: {"gid": 19249, "mode": 420, "path": "/usr/share/doc/tcl-8.6.16/TclCmd/uplevel.htm", "sha256": "e75598cc7c2e0de4aaed303142d301a1badbf7f02c157d4260eb8c1626f1afbb", "size": 6021, "type": "file", "uid": 15399}
  actual:   MISSING
MISMATCH /usr/share/doc/tcl-8.6.16/TclCmd/upvar.htm
  expected: {"gid": 19249, "mode": 420, "path": "/usr/share/doc/tcl-8.6.16/TclCmd/upvar.htm", "sha256": "bf83d384e538a8c4716873e0fddee84ac70b188fbd0ddceb5819e2bceff69c47", "size": 6806, "type": "file", "uid": 15399}
  actual:   MISSING
MISMATCH /usr/share/doc/tcl-8.6.16/TclCmd/variable.htm
  expected: {"gid": 19249, "mode": 420, "path": "/usr/share/doc/tcl-8.6.16/TclCmd/variable.htm", "sha256": "0a679c5a2b89903e592dc985b03d41dd24a7785300e2944bbb0833ecef5eb872", "size": 5019, "type": "file", "uid": 15399}
  actual:   MISSING
MISMATCH /usr/share/doc/tcl-8.6.16/TclCmd/vwait.htm
  expected: {"gid": 19249, "mode": 420, "path": "/usr/share/doc/tcl-8.6.16/TclCmd/vwait.htm", "sha256": "faa3ad5f4561bc5c4a9875958f508c5955e20b413a1aabfc8a7a544833fddeb6", "size": 9089, "type": "file", "uid": 15399}
  actual:   MISSING
MISMATCH /usr/share/doc/tcl-8.6.16/TclCmd/while.htm
  expected: {"gid": 19249, "mode": 420, "path": "/usr/share/doc/tcl-8.6.16/TclCmd/while.htm", "sha256": "1ce033feefb31884bf3b7ee284bb2e476cb242a7c00c54483c8c1fa13572862b", "size": 3922, "type": "file", "uid": 15399}
  actual:   MISSING
MISMATCH /usr/share/doc/tcl-8.6.16/TclCmd/zlib.htm
  expected: {"gid": 19249, "mode": 420, "path": "/usr/share/doc/tcl-8.6.16/TclCmd/zlib.htm", "sha256": "e93411641e859a0fe2e075634c33e3981c64540b40686b93d1b87bfff60bc0a5", "size": 25357, "type": "file", "uid": 15399}
  actual:   MISSING
MISMATCH /usr/share/doc/tcl-8.6.16/TclLib
  expected: {"gid": 19249, "mode": 493, "path": "/usr/share/doc/tcl-8.6.16/TclLib", "type": "directory", "uid": 15399}
  actual:   MISSING
MISMATCH /usr/share/doc/tcl-8.6.16/TclLib/Access.htm
  expected: {"gid": 19249, "mode": 420, "path": "/usr/share/doc/tcl-8.6.16/TclLib/Access.htm", "sha256": "2ca0197c8791ee97e278561cd758b3b7ed1b0c272edbf4a6a5592450117a8175", "size": 5328, "type": "file", "uid": 15399}
  actual:   MISSING
MISMATCH /usr/share/doc/tcl-8.6.16/TclLib/AddErrInfo.htm
  expected: {"gid": 19249, "mode": 420, "path": "/usr/share/doc/tcl-8.6.16/TclLib/AddErrInfo.htm", "sha256": "e217ffc21a22a05e992e7bb293adde5cd2b5dec7b0f621ba8e6c1f46ca97421c", "size": 19268, "type": "file", "uid": 15399}
  actual:   MISSING
MISMATCH /usr/share/doc/tcl-8.6.16/TclLib/Alloc.htm
  expected: {"gid": 19249, "mode": 420, "path": "/usr/share/doc/tcl-8.6.16/TclLib/Alloc.htm", "sha256": "4b0906e26c26fe358baa979de369c5c9c844e24c9d8c7759cd0d4f5d59e39a35", "size": 6242, "type": "file", "uid": 15399}
  actual:   MISSING
MISMATCH /usr/share/doc/tcl-8.6.16/TclLib/AllowExc.htm
  expected: {"gid": 19249, "mode": 420, "path": "/usr/share/doc/tcl-8.6.16/TclLib/AllowExc.htm", "sha256": "805cf290313115eb23d880e6444cbbbb181f548697e1ecb50baeb1ae62741ae3", "size": 3610, "type": "file", "uid": 15399}
  actual:   MISSING
MISMATCH /usr/share/doc/tcl-8.6.16/TclLib/AppInit.htm
  expected: {"gid": 19249, "mode": 420, "path": "/usr/share/doc/tcl-8.6.16/TclLib/AppInit.htm", "sha256": "49bbcaeb93a819cb7b53bf9399db6b55869fa7daa59854340c1618fd0ab6145e", "size": 5884, "type": "file", "uid": 15399}
  actual:   MISSING
MISMATCH /usr/share/doc/tcl-8.6.16/TclLib/AssocData.htm
  expected: {"gid": 19249, "mode": 420, "path": "/usr/share/doc/tcl-8.6.16/TclLib/AssocData.htm", "sha256": "a8e751ceffaaca6fdb06f1ccaad78ab5a4a6f65f204d2def4119c8f7af8e7f32", "size": 5935, "type": "file", "uid": 15399}
  actual:   MISSING
MISMATCH /usr/share/doc/tcl-8.6.16/TclLib/Async.htm
  expected: {"gid": 19249, "mode": 420, "path": "/usr/share/doc/tcl-8.6.16/TclLib/Async.htm", "sha256": "cb2937fb2597bfbee2a2319bf529c2e396540b906fb685b7e315eaa15db4fc12", "size": 9367, "type": "file", "uid": 15399}
  actual:   MISSING
MISMATCH /usr/share/doc/tcl-8.6.16/TclLib/BackgdErr.htm
  expected: {"gid": 19249, "mode": 420, "path": "/usr/share/doc/tcl-8.6.16/TclLib/BackgdErr.htm", "sha256": "3866ac7cebc98f2be408750edc191e653bbfa575c1d85e001ee0d7f66217bce5", "size": 4820, "type": "file", "uid": 15399}
  actual:   MISSING
MISMATCH /usr/share/doc/tcl-8.6.16/TclLib/Backslash.htm
  expected: {"gid": 19249, "mode": 420, "path": "/usr/share/doc/tcl-8.6.16/TclLib/Backslash.htm", "sha256": "872454f9d5026093cec9d39493ea303270cb678a8aeafd758605a84defb44568", "size": 3062, "type": "file", "uid": 15399}
  actual:   MISSING
MISMATCH /usr/share/doc/tcl-8.6.16/TclLib/BoolObj.htm
  expected: {"gid": 19249, "mode": 420, "path": "/usr/share/doc/tcl-8.6.16/TclLib/BoolObj.htm", "sha256": "4cd05ee56163d56aa20a803bfd4814094e90d5134d83a4e450d523c0589698be", "size": 6786, "type": "file", "uid": 15399}
  actual:   MISSING
MISMATCH /usr/share/doc/tcl-8.6.16/TclLib/ByteArrObj.htm
  expected: {"gid": 19249, "mode": 420, "path": "/usr/share/doc/tcl-8.6.16/TclLib/ByteArrObj.htm", "sha256": "2bf4f2630a7aa71e49bb19295fa3817c0e3488c122df2ec4e47062d14146acf1", "size": 6977, "type": "file", "uid": 15399}
  actual:   MISSING
MISMATCH /usr/share/doc/tcl-8.6.16/TclLib/CallDel.htm
  expected: {"gid": 19249, "mode": 420, "path": "/usr/share/doc/tcl-8.6.16/TclLib/CallDel.htm", "sha256": "a25c25193e4b3758fe3ed66537ba988952699d88f33089654e1748c2f82ebd85", "size": 4280, "type": "file", "uid": 15399}
  actual:   MISSING
MISMATCH /usr/share/doc/tcl-8.6.16/TclLib/Cancel.htm
  expected: {"gid": 19249, "mode": 420, "path": "/usr/share/doc/tcl-8.6.16/TclLib/Cancel.htm", "sha256": "62ba09a1a959faed3e8eba8f5614d3bdc318aca469b17fe761e59c0339e7650a", "size": 5592, "type": "file", "uid": 15399}
  actual:   MISSING
MISMATCH /usr/share/doc/tcl-8.6.16/TclLib/ChnlStack.htm
  expected: {"gid": 19249, "mode": 420, "path": "/usr/share/doc/tcl-8.6.16/TclLib/ChnlStack.htm", "sha256": "6dac2f1924508bf2045cf3771fe8c7db19ea81b9888c34d042c380316d93e133", "size": 6811, "type": "file", "uid": 15399}
  actual:   MISSING
MISMATCH /usr/share/doc/tcl-8.6.16/TclLib/Class.htm
  expected: {"gid": 19249, "mode": 420, "path": "/usr/share/doc/tcl-8.6.16/TclLib/Class.htm", "sha256": "b8c47e0cb63e310a12d2868686db2c2a66dc21dc8c74415fc5cc8fc065743aef", "size": 16103, "type": "file", "uid": 15399}
  actual:   MISSING
MISMATCH /usr/share/doc/tcl-8.6.16/TclLib/CmdCmplt.htm
  expected: {"gid": 19249, "mode": 420, "path": "/usr/share/doc/tcl-8.6.16/TclLib/CmdCmplt.htm", "sha256": "f56e863537390d6aac5abe7f68c80e9b669385fabba1ccf8856c8daf2ba06f46", "size": 2385, "type": "file", "uid": 15399}
  actual:   MISSING
MISMATCH /usr/share/doc/tcl-8.6.16/TclLib/Concat.htm
  expected: {"gid": 19249, "mode": 420, "path": "/usr/share/doc/tcl-8.6.16/TclLib/Concat.htm", "sha256": "5ea00efa970a0d8938ed497ad80e688bb7cd45c2603e1dddfc7bc9ae5df7fef9", "size": 3470, "type": "file", "uid": 15399}
  actual:   MISSING
MISMATCH /usr/share/doc/tcl-8.6.16/TclLib/CrtAlias.htm
  expected: {"gid": 19249, "mode": 420, "path": "/usr/share/doc/tcl-8.6.16/TclLib/CrtAlias.htm", "sha256": "efa8df823219c52c18dd2e3fba8ca9661a519ea25805dcb3024cfdac6764b316", "size": 16045, "type": "file", "uid": 15399}
  actual:   MISSING
MISMATCH /usr/share/doc/tcl-8.6.16/TclLib/CrtChannel.htm
  expected: {"gid": 19249, "mode": 420, "path": "/usr/share/doc/tcl-8.6.16/TclLib/CrtChannel.htm", "sha256": "8cc8733652f5822332a1cd2f8e7520b59c1d0d4860de4514a9d2c50654a28354", "size": 48924, "type": "file", "uid": 15399}
  actual:   MISSING
MISMATCH /usr/share/doc/tcl-8.6.16/TclLib/CrtChnlHdlr.htm
  expected: {"gid": 19249, "mode": 420, "path": "/usr/share/doc/tcl-8.6.16/TclLib/CrtChnlHdlr.htm", "sha256": "57d85b4a76301134891a603f4afcef64ea31c1e254abfdcdb79a1daad987382a", "size": 6334, "type": "file", "uid": 15399}
  actual:   MISSING
MISMATCH /usr/share/doc/tcl-8.6.16/TclLib/CrtCloseHdlr.htm
  expected: {"gid": 19249, "mode": 420, "path": "/usr/share/doc/tcl-8.6.16/TclLib/CrtCloseHdlr.htm", "sha256": "e715b2735a593a8252460e6c9827144d1a709f4ea88a7e01303df8ed47ea33e2", "size": 4211, "type": "file", "uid": 15399}
  actual:   MISSING
MISMATCH /usr/share/doc/tcl-8.6.16/TclLib/CrtCommand.htm
  expected: {"gid": 19249, "mode": 420, "path": "/usr/share/doc/tcl-8.6.16/TclLib/CrtCommand.htm", "sha256": "10b92cd8ccbf3e5e5279ce701215c43dcd49ec0c347351f0dc9e037627c89b8c", "size": 9468, "type": "file", "uid": 15399}
  actual:   MISSING
MISMATCH /usr/share/doc/tcl-8.6.16/TclLib/CrtFileHdlr.htm
  expected: {"gid": 19249, "mode": 420, "path": "/usr/share/doc/tcl-8.6.16/TclLib/CrtFileHdlr.htm", "sha256": "ee40f43017151f5efad69b525a6e383c97c23ac8bd625f43d06632c1930918eb", "size": 5430, "type": "file", "uid": 15399}
  actual:   MISSING
MISMATCH /usr/share/doc/tcl-8.6.16/TclLib/CrtInterp.htm
  expected: {"gid": 19249, "mode": 420, "path": "/usr/share/doc/tcl-8.6.16/TclLib/CrtInterp.htm", "sha256": "850fbb714a6ab6656f05673ccb8efb1c8fb01e31a4c449d124e551de121e7dbb", "size": 11477, "type": "file", "uid": 15399}
  actual:   MISSING
MISMATCH /usr/share/doc/tcl-8.6.16/TclLib/CrtMathFnc.htm
  expected: {"gid": 19249, "mode": 420, "path": "/usr/share/doc/tcl-8.6.16/TclLib/CrtMathFnc.htm", "sha256": "65f5e8b2a00c255268e756247963e4e815d93feca5af8f5acd2471701db2146f", "size": 10452, "type": "file", "uid": 15399}
  actual:   MISSING
MISMATCH /usr/share/doc/tcl-8.6.16/TclLib/CrtObjCmd.htm
  expected: {"gid": 19249, "mode": 420, "path": "/usr/share/doc/tcl-8.6.16/TclLib/CrtObjCmd.htm", "sha256": "9de437aa97f7ce1897833cf605ab180072efa57d7c92768f8af6aa47c2d7d43c", "size": 17630, "type": "file", "uid": 15399}
  actual:   MISSING
MISMATCH /usr/share/doc/tcl-8.6.16/TclLib/CrtTimerHdlr.htm
  expected: {"gid": 19249, "mode": 420, "path": "/usr/share/doc/tcl-8.6.16/TclLib/CrtTimerHdlr.htm", "sha256": "a7f323d600cfc2254b7b52b1f0f5abd146f84ea75f8c3f35c8b4de9df4eda5a2", "size": 5419, "type": "file", "uid": 15399}
  actual:   MISSING
MISMATCH /usr/share/doc/tcl-8.6.16/TclLib/CrtTrace.htm
  expected: {"gid": 19249, "mode": 420, "path": "/usr/share/doc/tcl-8.6.16/TclLib/CrtTrace.htm", "sha256": "a8ad567305e4d174b7651c3a26357f096a09af828ff7c3eac3bcb270c8175ced", "size": 11403, "type": "file", "uid": 15399}
  actual:   MISSING
MISMATCH /usr/share/doc/tcl-8.6.16/TclLib/DString.htm
  expected: {"gid": 19249, "mode": 420, "path": "/usr/share/doc/tcl-8.6.16/TclLib/DString.htm", "sha256": "358adc3e8ec4a53a71f49f47a557fafb659e9fd7658b9e8860abcd406e55b970", "size": 9040, "type": "file", "uid": 15399}
  actual:   MISSING
MISMATCH /usr/share/doc/tcl-8.6.16/TclLib/DetachPids.htm
  expected: {"gid": 19249, "mode": 420, "path": "/usr/share/doc/tcl-8.6.16/TclLib/DetachPids.htm", "sha256": "0b14e16fce91a0bec376e43b9865f856f015c5bfa865b2c8f79b74bdb9d03e12", "size": 5448, "type": "file", "uid": 15399}
  actual:   MISSING
MISMATCH /usr/share/doc/tcl-8.6.16/TclLib/DictObj.htm
  expected: {"gid": 19249, "mode": 420, "path": "/usr/share/doc/tcl-8.6.16/TclLib/DictObj.htm", "sha256": "8f95e03ab134e3ce53f84b22bb587877aa92cc402e3a63c591688c70cc6837c5", "size": 15044, "type": "file", "uid": 15399}
  actual:   MISSING
MISMATCH /usr/share/doc/tcl-8.6.16/TclLib/DoOneEvent.htm
  expected: {"gid": 19249, "mode": 420, "path": "/usr/share/doc/tcl-8.6.16/TclLib/DoOneEvent.htm", "sha256": "7e2f1edd716e71922ba2fe806ea194fd28a33670a3bdac0d1854cb13902936e7", "size": 7106, "type": "file", "uid": 15399}
  actual:   MISSING
MISMATCH /usr/share/doc/tcl-8.6.16/TclLib/DoWhenIdle.htm
  expected: {"gid": 19249, "mode": 420, "path": "/usr/share/doc/tcl-8.6.16/TclLib/DoWhenIdle.htm", "sha256": "e525d9e3232aa67bff8cde7dd856ad0b3c0ce752364f44d815cc26869f58d324", "size": 5854, "type": "file", "uid": 15399}
  actual:   MISSING
MISMATCH /usr/share/doc/tcl-8.6.16/TclLib/DoubleObj.htm
  expected: {"gid": 19249, "mode": 420, "path": "/usr/share/doc/tcl-8.6.16/TclLib/DoubleObj.htm", "sha256": "624c34af22fe80da2f91ae7fa50a4fe3ce25d8976c010229710413a2824f28f5", "size": 5429, "type": "file", "uid": 15399}
  actual:   MISSING
MISMATCH /usr/share/doc/tcl-8.6.16/TclLib/DumpActiveMemory.htm
  expected: {"gid": 19249, "mode": 420, "path": "/usr/share/doc/tcl-8.6.16/TclLib/DumpActiveMemory.htm", "sha256": "6656856f72834e96da80838bbbf771a637d534180d5df4b0fc22c0fd2c3c4e78", "size": 4883, "type": "file", "uid": 15399}
  actual:   MISSING
MISMATCH /usr/share/doc/tcl-8.6.16/TclLib/Encoding.htm
  expected: {"gid": 19249, "mode": 420, "path": "/usr/share/doc/tcl-8.6.16/TclLib/Encoding.htm", "sha256": "7f8ff3c4560b3f6524937ab2442d99c7da5d74768f2cd99b075e883b9dbd112c", "size": 32959, "type": "file", "uid": 15399}
  actual:   MISSING
MISMATCH /usr/share/doc/tcl-8.6.16/TclLib/Ensemble.htm
  expected: {"gid": 19249, "mode": 420, "path": "/usr/share/doc/tcl-8.6.16/TclLib/Ensemble.htm", "sha256": "11cbbb71fa73f72bc6571ee7edf11ab427caec3c3eccf97f83c160c82696ee63", "size": 14829, "type": "file", "uid": 15399}
  actual:   MISSING
MISMATCH /usr/share/doc/tcl-8.6.16/TclLib/Environment.htm
  expected: {"gid": 19249, "mode": 420, "path": "/usr/share/doc/tcl-8.6.16/TclLib/Environment.htm", "sha256": "b5708b5b0ee8d281e66e32292e29fe6dc3866f11a8bb36342eb63968fa70b91a", "size": 2560, "type": "file", "uid": 15399}
  actual:   MISSING
MISMATCH /usr/share/doc/tcl-8.6.16/TclLib/Eval.htm
  expected: {"gid": 19249, "mode": 420, "path": "/usr/share/doc/tcl-8.6.16/TclLib/Eval.htm", "sha256": "b9fa11452a46b6b7d2095580a1805961e1b4ce2b8160e83e185485aeada4cf65", "size": 12883, "type": "file", "uid": 15399}
  actual:   MISSING
MISMATCH /usr/share/doc/tcl-8.6.16/TclLib/Exit.htm
  expected: {"gid": 19249, "mode": 420, "path": "/usr/share/doc/tcl-8.6.16/TclLib/Exit.htm", "sha256": "9fd7fc08ab2f268fb9d3529dab2bbbe9fb89f319e4fd77487b95699b5195df87", "size": 9206, "type": "file", "uid": 15399}
  actual:   MISSING
MISMATCH /usr/share/doc/tcl-8.6.16/TclLib/ExprLong.htm
  expected: {"gid": 19249, "mode": 420, "path": "/usr/share/doc/tcl-8.6.16/TclLib/ExprLong.htm", "sha256": "6c8c3ca443d8006c4b1d2e7ace82c00fa4b18ec21f5bdf3fbdba6b9f3889f036", "size": 6749, "type": "file", "uid": 15399}
  actual:   MISSING
MISMATCH /usr/share/doc/tcl-8.6.16/TclLib/ExprLongObj.htm
  expected: {"gid": 19249, "mode": 420, "path": "/usr/share/doc/tcl-8.6.16/TclLib/ExprLongObj.htm", "sha256": "1e1930df4c3717e648f60a51a6f285f2f805d0d8460b1ce8b0a65c79563fb2b1", "size": 6838, "type": "file", "uid": 15399}
  actual:   MISSING
MISMATCH /usr/share/doc/tcl-8.6.16/TclLib/FileSystem.htm
  expected: {"gid": 19249, "mode": 420, "path": "/usr/share/doc/tcl-8.6.16/TclLib/FileSystem.htm", "sha256": "5284e3fda39c84a0a5153d235504cd022a42e2fbb8b754ed882e9407344f6ece", "size": 88388, "type": "file", "uid": 15399}
  actual:   MISSING
MISMATCH /usr/share/doc/tcl-8.6.16/TclLib/FindExec.htm
  expected: {"gid": 19249, "mode": 420, "path": "/usr/share/doc/tcl-8.6.16/TclLib/FindExec.htm", "sha256": "0480a7db6c19e650195d791496d16c2e5a4107fbb82bbfac7d311a362dd8912a", "size": 4586, "type": "file", "uid": 15399}
  actual:   MISSING
MISMATCH /usr/share/doc/tcl-8.6.16/TclLib/GetCwd.htm
  expected: {"gid": 19249, "mode": 420, "path": "/usr/share/doc/tcl-8.6.16/TclLib/GetCwd.htm", "sha256": "7cf82701c7856000241e324c4adcdfc9f3707bf23205b9b29863390ceee73cdd", "size": 3845, "type": "file", "uid": 15399}
  actual:   MISSING
MISMATCH /usr/share/doc/tcl-8.6.16/TclLib/GetHostName.htm
  expected: {"gid": 19249, "mode": 420, "path": "/usr/share/doc/tcl-8.6.16/TclLib/GetHostName.htm", "sha256": "3ad0c73314a16faf5bb8b85c0be4dedc196cf7c5a822b3041025010682c3baa4", "size": 2072, "type": "file", "uid": 15399}
  actual:   MISSING
MISMATCH /usr/share/doc/tcl-8.6.16/TclLib/GetIndex.htm
  expected: {"gid": 19249, "mode": 420, "path": "/usr/share/doc/tcl-8.6.16/TclLib/GetIndex.htm", "sha256": "7dc0da19c9d6c0fab4a8b7d481c5021e9314ecf15625a17682e0a5647c202639", "size": 7528, "type": "file", "uid": 15399}
  actual:   MISSING
MISMATCH /usr/share/doc/tcl-8.6.16/TclLib/GetInt.htm
  expected: {"gid": 19249, "mode": 420, "path": "/usr/share/doc/tcl-8.6.16/TclLib/GetInt.htm", "sha256": "28a259e02b5ccc5211639fb3958c39383ae394c09545c024be8379a6f01a57d4", "size": 6075, "type": "file", "uid": 15399}
  actual:   MISSING
MISMATCH /usr/share/doc/tcl-8.6.16/TclLib/GetOpnFl.htm
  expected: {"gid": 19249, "mode": 420, "path": "/usr/share/doc/tcl-8.6.16/TclLib/GetOpnFl.htm", "sha256": "6738ea7e2b5fa23e7e0100b037a9adf1f795fc2d19c4e5b920e9d6aafa73641f", "size": 3909, "type": "file", "uid": 15399}
  actual:   MISSING
MISMATCH /usr/share/doc/tcl-8.6.16/TclLib/GetStdChan.htm
  expected: {"gid": 19249, "mode": 420, "path": "/usr/share/doc/tcl-8.6.16/TclLib/GetStdChan.htm", "sha256": "d50ed700dcee02f38fe1ab3c756285a97c48c68c7899e0574988423e3ee94d77", "size": 6432, "type": "file", "uid": 15399}
  actual:   MISSING
MISMATCH /usr/share/doc/tcl-8.6.16/TclLib/GetTime.htm
  expected: {"gid": 19249, "mode": 420, "path": "/usr/share/doc/tcl-8.6.16/TclLib/GetTime.htm", "sha256": "6acce0a7a42eff12ad892fe727ef04ad4f8b8de475ccda99a570ab7a66abb780", "size": 6707, "type": "file", "uid": 15399}
  actual:   MISSING
MISMATCH /usr/share/doc/tcl-8.6.16/TclLib/GetVersion.htm
  expected: {"gid": 19249, "mode": 420, "path": "/usr/share/doc/tcl-8.6.16/TclLib/GetVersion.htm", "sha256": "8386bfe7e959c81bf890dc4f4d57a13c55dc08bbfd842f1c25d8ed72e42a76f3", "size": 3260, "type": "file", "uid": 15399}
  actual:   MISSING
MISMATCH /usr/share/doc/tcl-8.6.16/TclLib/Hash.htm
  expected: {"gid": 19249, "mode": 420, "path": "/usr/share/doc/tcl-8.6.16/TclLib/Hash.htm", "sha256": "9ed6136d1d51d825f8a340d26eff44462c6ee9a82e639532e51063a78ebe36e3", "size": 17946, "type": "file", "uid": 15399}
  actual:   MISSING
MISMATCH /usr/share/doc/tcl-8.6.16/TclLib/Init.htm
  expected: {"gid": 19249, "mode": 420, "path": "/usr/share/doc/tcl-8.6.16/TclLib/Init.htm", "sha256": "f0ccd72540d0a127f956adf202ace251fdcbe4cf02092031162fbc8de364bf5b", "size": 2496, "type": "file", "uid": 15399}
  actual:   MISSING
MISMATCH /usr/share/doc/tcl-8.6.16/TclLib/InitStubs.htm
  expected: {"gid": 19249, "mode": 420, "path": "/usr/share/doc/tcl-8.6.16/TclLib/InitStubs.htm", "sha256": "28d8c5904ed3de7b81455656fce2f49da98c1f1b0296fc93528c96c99a891d02", "size": 5917, "type": "file", "uid": 15399}
  actual:   MISSING
MISMATCH /usr/share/doc/tcl-8.6.16/TclLib/IntObj.htm
  expected: {"gid": 19249, "mode": 420, "path": "/usr/share/doc/tcl-8.6.16/TclLib/IntObj.htm", "sha256": "c3bf3663f38c4db7f43647a5f5590a4f5d3f9e3033cf83b10caea166190e7fd4", "size": 10396, "type": "file", "uid": 15399}
  actual:   MISSING
MISMATCH /usr/share/doc/tcl-8.6.16/TclLib/Interp.htm
  expected: {"gid": 19249, "mode": 420, "path": "/usr/share/doc/tcl-8.6.16/TclLib/Interp.htm", "sha256": "9e2f92a4af2ef3fa62af2ba25b956a2451c74ce9cfa1a17383df2e9ce985f4c3", "size": 9116, "type": "file", "uid": 15399}
  actual:   MISSING
MISMATCH /usr/share/doc/tcl-8.6.16/TclLib/Limit.htm
  expected: {"gid": 19249, "mode": 420, "path": "/usr/share/doc/tcl-8.6.16/TclLib/Limit.htm", "sha256": "c6558307cfb2893c536cc30376036801e97f3004185ea0e2c6f457aecb72e984", "size": 12030, "type": "file", "uid": 15399}
  actual:   MISSING
MISMATCH /usr/share/doc/tcl-8.6.16/TclLib/LinkVar.htm
  expected: {"gid": 19249, "mode": 420, "path": "/usr/share/doc/tcl-8.6.16/TclLib/LinkVar.htm", "sha256": "7e0e072f5c67f72138f57b39777a08acf0646cacca22ea162d103f5e4cbf7970", "size": 15112, "type": "file", "uid": 15399}
  actual:   MISSING
MISMATCH /usr/share/doc/tcl-8.6.16/TclLib/ListObj.htm
  expected: {"gid": 19249, "mode": 420, "path": "/usr/share/doc/tcl-8.6.16/TclLib/ListObj.htm", "sha256": "5567bcb2c792ac33e460abe86e8d39c4b4db3606f707211d8c9604d877511321", "size": 14817, "type": "file", "uid": 15399}
  actual:   MISSING
MISMATCH /usr/share/doc/tcl-8.6.16/TclLib/Load.htm
  expected: {"gid": 19249, "mode": 420, "path": "/usr/share/doc/tcl-8.6.16/TclLib/Load.htm", "sha256": "41040cbd5c80c60bd4fed4baa33f76e6baf4974bea6a69822e3732fc657c217c", "size": 5368, "type": "file", "uid": 15399}
  actual:   MISSING
MISMATCH /usr/share/doc/tcl-8.6.16/TclLib/Method.htm
  expected: {"gid": 19249, "mode": 420, "path": "/usr/share/doc/tcl-8.6.16/TclLib/Method.htm", "sha256": "4e5a4f59cd069cf2ab93517b98ceadc466bb343ba07b7de041e233c1e4319307", "size": 15640, "type": "file", "uid": 15399}
  actual:   MISSING
MISMATCH /usr/share/doc/tcl-8.6.16/TclLib/NRE.htm
  expected: {"gid": 19249, "mode": 420, "path": "/usr/share/doc/tcl-8.6.16/TclLib/NRE.htm", "sha256": "d48778be53669821b32e76c5c79a1f340254976c4e1ad9cd3f5245e4169f944d", "size": 12688, "type": "file", "uid": 15399}
  actual:   MISSING
MISMATCH /usr/share/doc/tcl-8.6.16/TclLib/Namespace.htm
  expected: {"gid": 19249, "mode": 420, "path": "/usr/share/doc/tcl-8.6.16/TclLib/Namespace.htm", "sha256": "d6c813a9e714452fb6c558038b0af95b6fa9ede5d031b452c032ba71173bebef", "size": 9943, "type": "file", "uid": 15399}
  actual:   MISSING
MISMATCH /usr/share/doc/tcl-8.6.16/TclLib/Notifier.htm
  expected: {"gid": 19249, "mode": 420, "path": "/usr/share/doc/tcl-8.6.16/TclLib/Notifier.htm", "sha256": "7b9b68229b4779d7fc80ed3faac02cd5f3962cdec4d8ae5d7d128a67e90cc36f", "size": 37735, "type": "file", "uid": 15399}
  actual:   MISSING
MISMATCH /usr/share/doc/tcl-8.6.16/TclLib/OOInitStubs.htm
  expected: {"gid": 19249, "mode": 420, "path": "/usr/share/doc/tcl-8.6.16/TclLib/OOInitStubs.htm", "sha256": "079996bf2ccd2e48b38415f84835156966a8fbbe16bb93f3163d2b88a56b0676", "size": 3328, "type": "file", "uid": 15399}
  actual:   MISSING
MISMATCH /usr/share/doc/tcl-8.6.16/TclLib/Object.htm
  expected: {"gid": 19249, "mode": 420, "path": "/usr/share/doc/tcl-8.6.16/TclLib/Object.htm", "sha256": "fdc12b7cd27b38cc43b070ea6f26203456b548588e8fa1734dbeaeea2da48fa6", "size": 18663, "type": "file", "uid": 15399}
  actual:   MISSING
MISMATCH /usr/share/doc/tcl-8.6.16/TclLib/ObjectType.htm
  expected: {"gid": 19249, "mode": 420, "path": "/usr/share/doc/tcl-8.6.16/TclLib/ObjectType.htm", "sha256": "c7987fbc55b50bbd239c98dd7643ca63b896c3be6e354e177b26f5b2c9142e59", "size": 14345, "type": "file", "uid": 15399}
  actual:   MISSING
MISMATCH /usr/share/doc/tcl-8.6.16/TclLib/OpenFileChnl.htm
  expected: {"gid": 19249, "mode": 420, "path": "/usr/share/doc/tcl-8.6.16/TclLib/OpenFileChnl.htm", "sha256": "0da034074826059f231fb5b7aa703e58bf7708f2c170da0bf7a746ee2c4b9624", "size": 42046, "type": "file", "uid": 15399}
  actual:   MISSING
MISMATCH /usr/share/doc/tcl-8.6.16/TclLib/OpenTcp.htm
  expected: {"gid": 19249, "mode": 420, "path": "/usr/share/doc/tcl-8.6.16/TclLib/OpenTcp.htm", "sha256": "9f17896ec5b866c0d71f8110d07d988df9a86d19e7e4a8e8f7e4335220ff888b", "size": 11421, "type": "file", "uid": 15399}
  actual:   MISSING
MISMATCH /usr/share/doc/tcl-8.6.16/TclLib/Panic.htm
  expected: {"gid": 19249, "mode": 420, "path": "/usr/share/doc/tcl-8.6.16/TclLib/Panic.htm", "sha256": "8e9fe80d4102d050ffb4d45d5098088f08c4cad0d50db13ac06674828ec85bff", "size": 5753, "type": "file", "uid": 15399}
  actual:   MISSING
MISMATCH /usr/share/doc/tcl-8.6.16/TclLib/ParseArgs.htm
  expected: {"gid": 19249, "mode": 420, "path": "/usr/share/doc/tcl-8.6.16/TclLib/ParseArgs.htm", "sha256": "36d37c55b11225ec5869fe6f92a0bdc7af3a962fc8ac913d3c39797125fc713f", "size": 11170, "type": "file", "uid": 15399}
  actual:   MISSING
MISMATCH /usr/share/doc/tcl-8.6.16/TclLib/ParseCmd.htm
  expected: {"gid": 19249, "mode": 420, "path": "/usr/share/doc/tcl-8.6.16/TclLib/ParseCmd.htm", "sha256": "8f0aa415233340446e281debfd4d11d94cc4576a8770f0d89f8e28f30372e5dd", "size": 26329, "type": "file", "uid": 15399}
  actual:   MISSING
MISMATCH /usr/share/doc/tcl-8.6.16/TclLib/PkgRequire.htm
  expected: {"gid": 19249, "mode": 420, "path": "/usr/share/doc/tcl-8.6.16/TclLib/PkgRequire.htm", "sha256": "2e399ba71062bc51cec0d6ee69265e7da4fef45eee698df8ff465edf23c99019", "size": 6689, "type": "file", "uid": 15399}
  actual:   MISSING
MISMATCH /usr/share/doc/tcl-8.6.16/TclLib/Preserve.htm
  expected: {"gid": 19249, "mode": 420, "path": "/usr/share/doc/tcl-8.6.16/TclLib/Preserve.htm", "sha256": "d4ad08c04709d2e417231e29fdf028d24ed0f9b0e42d2097013b235f7f9c3d55", "size": 6910, "type": "file", "uid": 15399}
  actual:   MISSING
MISMATCH /usr/share/doc/tcl-8.6.16/TclLib/PrintDbl.htm
  expected: {"gid": 19249, "mode": 420, "path": "/usr/share/doc/tcl-8.6.16/TclLib/PrintDbl.htm", "sha256": "fe0b6b83a7ded18ea6cffb28e556f3d97777d03f2402eebd3d9e6c47db23550f", "size": 3654, "type": "file", "uid": 15399}
  actual:   MISSING
MISMATCH /usr/share/doc/tcl-8.6.16/TclLib/RecEvalObj.htm
  expected: {"gid": 19249, "mode": 420, "path": "/usr/share/doc/tcl-8.6.16/TclLib/RecEvalObj.htm", "sha256": "3263960c1ab5baca436af6ed591928c9705e1cf9fa15deec423834bfbe16e389", "size": 3953, "type": "file", "uid": 15399}
  actual:   MISSING
MISMATCH /usr/share/doc/tcl-8.6.16/TclLib/RecordEval.htm
  expected: {"gid": 19249, "mode": 420, "path": "/usr/share/doc/tcl-8.6.16/TclLib/RecordEval.htm", "sha256": "03bd1a85d8145fd36952eb5f8af40b62bd9c92bfecdc140e31501db42ece6655", "size": 3971, "type": "file", "uid": 15399}
  actual:   MISSING
MISMATCH /usr/share/doc/tcl-8.6.16/TclLib/RegConfig.htm
  expected: {"gid": 19249, "mode": 420, "path": "/usr/share/doc/tcl-8.6.16/TclLib/RegConfig.htm", "sha256": "d5a272fc72aafb6e81bc762857a0829c863803442ed3136aba95e660402c25e9", "size": 6847, "type": "file", "uid": 15399}
  actual:   MISSING
MISMATCH /usr/share/doc/tcl-8.6.16/TclLib/RegExp.htm
  expected: {"gid": 19249, "mode": 420, "path": "/usr/share/doc/tcl-8.6.16/TclLib/RegExp.htm", "sha256": "6580457f9ccdcfbedafeb2266bdcbbcc1a61966a85e36c9569a71c010dc2326f", "size": 20512, "type": "file", "uid": 15399}
  actual:   MISSING
MISMATCH /usr/share/doc/tcl-8.6.16/TclLib/SaveResult.htm
  expected: {"gid": 19249, "mode": 420, "path": "/usr/share/doc/tcl-8.6.16/TclLib/SaveResult.htm", "sha256": "0b096935b4dc40d163a4ea02182ccd8abf4381d31ed6112422b294b67b444596", "size": 7732, "type": "file", "uid": 15399}
  actual:   MISSING
MISMATCH /usr/share/doc/tcl-8.6.16/TclLib/SetChanErr.htm
  expected: {"gid": 19249, "mode": 420, "path": "/usr/share/doc/tcl-8.6.16/TclLib/SetChanErr.htm", "sha256": "d849bcb31601d33929b6c79182eb2a7fb295f90c5a7c84b697198bc3b9b74e3b", "size": 11236, "type": "file", "uid": 15399}
  actual:   MISSING
MISMATCH /usr/share/doc/tcl-8.6.16/TclLib/SetErrno.htm
  expected: {"gid": 19249, "mode": 420, "path": "/usr/share/doc/tcl-8.6.16/TclLib/SetErrno.htm", "sha256": "7915803858721309b7fb9710498ec44ffb13ce6d2e582cabc4ac6fe54cd40216", "size": 4352, "type": "file", "uid": 15399}
  actual:   MISSING
MISMATCH /usr/share/doc/tcl-8.6.16/TclLib/SetRecLmt.htm
  expected: {"gid": 19249, "mode": 420, "path": "/usr/share/doc/tcl-8.6.16/TclLib/SetRecLmt.htm", "sha256": "7287fb92303eb4da2639c55bbe78c033f5892234e1fbfb98b9fb784b657388f3", "size": 3467, "type": "file", "uid": 15399}
  actual:   MISSING
MISMATCH /usr/share/doc/tcl-8.6.16/TclLib/SetResult.htm
  expected: {"gid": 19249, "mode": 420, "path": "/usr/share/doc/tcl-8.6.16/TclLib/SetResult.htm", "sha256": "f7a268d8e5425ab2de1c6a6495ce0340fce26219493930451d7ec53a23a337b8", "size": 15136, "type": "file", "uid": 15399}
  actual:   MISSING
MISMATCH /usr/share/doc/tcl-8.6.16/TclLib/SetVar.htm
  expected: {"gid": 19249, "mode": 420, "path": "/usr/share/doc/tcl-8.6.16/TclLib/SetVar.htm", "sha256": "b0cf9fcf85ef3a99a79e8715b8ee7f237faabe420978cdafd923e06863b389ca", "size": 14973, "type": "file", "uid": 15399}
  actual:   MISSING
MISMATCH /usr/share/doc/tcl-8.6.16/TclLib/Signal.htm
  expected: {"gid": 19249, "mode": 420, "path": "/usr/share/doc/tcl-8.6.16/TclLib/Signal.htm", "sha256": "530899fbfbe4dbfb66d1bf6011c54b3c02a63fd2bcf57166fe85a0d801b9527e", "size": 2443, "type": "file", "uid": 15399}
  actual:   MISSING
MISMATCH /usr/share/doc/tcl-8.6.16/TclLib/Sleep.htm
  expected: {"gid": 19249, "mode": 420, "path": "/usr/share/doc/tcl-8.6.16/TclLib/Sleep.htm", "sha256": "bf9c7d55876e6787398691472a5e93476abaf5dfa6581a1d064a3a772eed29fd", "size": 2549, "type": "file", "uid": 15399}
  actual:   MISSING
MISMATCH /usr/share/doc/tcl-8.6.16/TclLib/SourceRCFile.htm
  expected: {"gid": 19249, "mode": 420, "path": "/usr/share/doc/tcl-8.6.16/TclLib/SourceRCFile.htm", "sha256": "719c51e95cecb7d9f3d6595e8b65f60da5c56bff2a9a1683f7e658629a7d0531", "size": 2543, "type": "file", "uid": 15399}
  actual:   MISSING
MISMATCH /usr/share/doc/tcl-8.6.16/TclLib/SplitList.htm
  expected: {"gid": 19249, "mode": 420, "path": "/usr/share/doc/tcl-8.6.16/TclLib/SplitList.htm", "sha256": "c71252bf5f49c53256e5890ce6aa0dce58b0b4b3e248be67a144413cc7a7b35e", "size": 10928, "type": "file", "uid": 15399}
  actual:   MISSING
MISMATCH /usr/share/doc/tcl-8.6.16/TclLib/SplitPath.htm
  expected: {"gid": 19249, "mode": 420, "path": "/usr/share/doc/tcl-8.6.16/TclLib/SplitPath.htm", "sha256": "ef1f86bbf07eb591bb0a13e448ea77fd89041fb973778e216232a0df37dfd876", "size": 6073, "type": "file", "uid": 15399}
  actual:   MISSING
MISMATCH /usr/share/doc/tcl-8.6.16/TclLib/StaticPkg.htm
  expected: {"gid": 19249, "mode": 420, "path": "/usr/share/doc/tcl-8.6.16/TclLib/StaticPkg.htm", "sha256": "4851f0f24492ff75b9a2a6843285061adc45003c4f706279a28c4451bcaa15d8", "size": 4841, "type": "file", "uid": 15399}
  actual:   MISSING
MISMATCH /usr/share/doc/tcl-8.6.16/TclLib/StdChannels.htm
  expected: {"gid": 19249, "mode": 420, "path": "/usr/share/doc/tcl-8.6.16/TclLib/StdChannels.htm", "sha256": "a4ac56976f76a479e1e7936b0feac3d6bc8199497f02d56bdda4848e43f52109", "size": 8728, "type": "file", "uid": 15399}
  actual:   MISSING
MISMATCH /usr/share/doc/tcl-8.6.16/TclLib/StrMatch.htm
  expected: {"gid": 19249, "mode": 420, "path": "/usr/share/doc/tcl-8.6.16/TclLib/StrMatch.htm", "sha256": "0dff5e6913e6048deae8e8e177f669b8812f4f21d66b52e78df0ba48ce1b2a4a", "size": 3778, "type": "file", "uid": 15399}
  actual:   MISSING
MISMATCH /usr/share/doc/tcl-8.6.16/TclLib/StringObj.htm
  expected: {"gid": 19249, "mode": 420, "path": "/usr/share/doc/tcl-8.6.16/TclLib/StringObj.htm", "sha256": "a9b55f612b06e097c5058a58ac5c171040234a1efe767d093b952d4e19fbf676", "size": 23683, "type": "file", "uid": 15399}
  actual:   MISSING
MISMATCH /usr/share/doc/tcl-8.6.16/TclLib/SubstObj.htm
  expected: {"gid": 19249, "mode": 420, "path": "/usr/share/doc/tcl-8.6.16/TclLib/SubstObj.htm", "sha256": "f0cad8d8493856d9aa3ad14df9df6e4f4e6dea1d58babb4bd9cb2e6146b3d7b3", "size": 4490, "type": "file", "uid": 15399}
  actual:   MISSING
MISMATCH /usr/share/doc/tcl-8.6.16/TclLib/TCL_MEM_DEBUG.htm
  expected: {"gid": 19249, "mode": 420, "path": "/usr/share/doc/tcl-8.6.16/TclLib/TCL_MEM_DEBUG.htm", "sha256": "0f74144d165128028fc91eae7eac968cb7fbccf836068cf0446a4975b5b53e42", "size": 5984, "type": "file", "uid": 15399}
  actual:   MISSING
MISMATCH /usr/share/doc/tcl-8.6.16/TclLib/TclZlib.htm
  expected: {"gid": 19249, "mode": 420, "path": "/usr/share/doc/tcl-8.6.16/TclLib/TclZlib.htm", "sha256": "fed257f3859ec8da2c0c84b4f5ffc9f67056ed37467398469bf4719c63394281", "size": 17724, "type": "file", "uid": 15399}
  actual:   MISSING
MISMATCH /usr/share/doc/tcl-8.6.16/TclLib/Tcl_Main.htm
  expected: {"gid": 19249, "mode": 420, "path": "/usr/share/doc/tcl-8.6.16/TclLib/Tcl_Main.htm", "sha256": "1de9912f1e9d1956beb417742d1782579ff1ace9f617ccc97c5d2560e82cf8cd", "size": 12829, "type": "file", "uid": 15399}
  actual:   MISSING
MISMATCH /usr/share/doc/tcl-8.6.16/TclLib/Thread.htm
  expected: {"gid": 19249, "mode": 420, "path": "/usr/share/doc/tcl-8.6.16/TclLib/Thread.htm", "sha256": "1336d00ef232f40aa52f4e03620f202a8c02544d5f326fef7e05a5872149ea71", "size": 13849, "type": "file", "uid": 15399}
  actual:   MISSING
MISMATCH /usr/share/doc/tcl-8.6.16/TclLib/ToUpper.htm
  expected: {"gid": 19249, "mode": 420, "path": "/usr/share/doc/tcl-8.6.16/TclLib/ToUpper.htm", "sha256": "23abdf57df5b2d1789f6bd127db22ef8157c879856552db5553e95e658664c7c", "size": 5710, "type": "file", "uid": 15399}
  actual:   MISSING
MISMATCH /usr/share/doc/tcl-8.6.16/TclLib/TraceCmd.htm
  expected: {"gid": 19249, "mode": 420, "path": "/usr/share/doc/tcl-8.6.16/TclLib/TraceCmd.htm", "sha256": "b271face115eabb8f8486059aa475c8a77c31bffc70c5eb5d3cb4e69b565a33b", "size": 9852, "type": "file", "uid": 15399}
  actual:   MISSING
MISMATCH /usr/share/doc/tcl-8.6.16/TclLib/TraceVar.htm
  expected: {"gid": 19249, "mode": 420, "path": "/usr/share/doc/tcl-8.6.16/TclLib/TraceVar.htm", "sha256": "89945360a5123d51faebacb7ffb696f31f8a60a0e2a1d93e786b76535c355ee0", "size": 22645, "type": "file", "uid": 15399}
  actual:   MISSING
MISMATCH /usr/share/doc/tcl-8.6.16/TclLib/Translate.htm
  expected: {"gid": 19249, "mode": 420, "path": "/usr/share/doc/tcl-8.6.16/TclLib/Translate.htm", "sha256": "e1bd1cece0763a628cf308dedc94a7e596aa0d589e8eb344d60074a217df35cf", "size": 4881, "type": "file", "uid": 15399}
  actual:   MISSING
MISMATCH /usr/share/doc/tcl-8.6.16/TclLib/UniCharIsAlpha.htm
  expected: {"gid": 19249, "mode": 420, "path": "/usr/share/doc/tcl-8.6.16/TclLib/UniCharIsAlpha.htm", "sha256": "e22459ddaf38f2e260fff8d0ab5b2d5ce99bcb56bc65869342a48b303c3f6440", "size": 5404, "type": "file", "uid": 15399}
  actual:   MISSING
MISMATCH /usr/share/doc/tcl-8.6.16/TclLib/UpVar.htm
  expected: {"gid": 19249, "mode": 420, "path": "/usr/share/doc/tcl-8.6.16/TclLib/UpVar.htm", "sha256": "021e1bbbeefa99995856f92756874368afdd1828bb539146f10be81cc7515feb", "size": 5248, "type": "file", "uid": 15399}
  actual:   MISSING
MISMATCH /usr/share/doc/tcl-8.6.16/TclLib/Utf.htm
  expected: {"gid": 19249, "mode": 420, "path": "/usr/share/doc/tcl-8.6.16/TclLib/Utf.htm", "sha256": "2a98ceddcd9f51df69dfc1ee13b98a8037c376918ad4f8b23ca26fb480c1f99e", "size": 16192, "type": "file", "uid": 15399}
  actual:   MISSING
MISMATCH /usr/share/doc/tcl-8.6.16/TclLib/WrongNumArgs.htm
  expected: {"gid": 19249, "mode": 420, "path": "/usr/share/doc/tcl-8.6.16/TclLib/WrongNumArgs.htm", "sha256": "38e282f8b9e6a26ab2eedc4f0ccc253e68c0dfcc658c3a28f6d21e080dc9f3f0", "size": 4727, "type": "file", "uid": 15399}
  actual:   MISSING
MISMATCH /usr/share/doc/tcl-8.6.16/TclLib/contents.htm
  expected: {"gid": 19249, "mode": 420, "path": "/usr/share/doc/tcl-8.6.16/TclLib/contents.htm", "sha256": "1d1b45b021307a648695dc21cfeb60e57a3137f43adf2ffbf93f01051f414f5c", "size": 72471, "type": "file", "uid": 15399}
  actual:   MISSING
MISMATCH /usr/share/doc/tcl-8.6.16/TdbcCmd
  expected: {"gid": 19249, "mode": 493, "path": "/usr/share/doc/tcl-8.6.16/TdbcCmd", "type": "directory", "uid": 15399}
  actual:   MISSING
MISMATCH /usr/share/doc/tcl-8.6.16/TdbcCmd/contents.htm
  expected: {"gid": 19249, "mode": 420, "path": "/usr/share/doc/tcl-8.6.16/TdbcCmd/contents.htm", "sha256": "2dbf353b539dd91fce87c2a5cfe2be4601d5a9be95acdc640888d72f3dd18cb5", "size": 1945, "type": "file", "uid": 15399}
  actual:   MISSING
MISMATCH /usr/share/doc/tcl-8.6.16/TdbcCmd/tdbc.htm
  expected: {"gid": 19249, "mode": 420, "path": "/usr/share/doc/tcl-8.6.16/TdbcCmd/tdbc.htm", "sha256": "bc31279618639d7442d91e95b431cb464e661b27b8b63ee1a8cd15b01fed22d2", "size": 3811, "type": "file", "uid": 15399}
  actual:   MISSING
MISMATCH /usr/share/doc/tcl-8.6.16/TdbcCmd/tdbc_connection.htm
  expected: {"gid": 19249, "mode": 420, "path": "/usr/share/doc/tcl-8.6.16/TdbcCmd/tdbc_connection.htm", "sha256": "1d3ef1337bbd191f06bc7b1c354130609e5607cf7ec482a7e9864ad05d098b44", "size": 23598, "type": "file", "uid": 15399}
  actual:   MISSING
MISMATCH /usr/share/doc/tcl-8.6.16/TdbcCmd/tdbc_mapSqlState.htm
  expected: {"gid": 19249, "mode": 420, "path": "/usr/share/doc/tcl-8.6.16/TdbcCmd/tdbc_mapSqlState.htm", "sha256": "2e1e6deb19921e247a1fd81df116b7e6e4a4db25c234d772da97b882355b55ec", "size": 3211, "type": "file", "uid": 15399}
  actual:   MISSING
MISMATCH /usr/share/doc/tcl-8.6.16/TdbcCmd/tdbc_resultset.htm
  expected: {"gid": 19249, "mode": 420, "path": "/usr/share/doc/tcl-8.6.16/TdbcCmd/tdbc_resultset.htm", "sha256": "c1cd559034717a40749fcd24a53fb5efd92cb7e44dbc8c2a8bfb6977b1ba1dc5", "size": 9278, "type": "file", "uid": 15399}
  actual:   MISSING
MISMATCH /usr/share/doc/tcl-8.6.16/TdbcCmd/tdbc_statement.htm
  expected: {"gid": 19249, "mode": 420, "path": "/usr/share/doc/tcl-8.6.16/TdbcCmd/tdbc_statement.htm", "sha256": "c81c078a4226812ef23c72238234fd9310a08152abd82bb99aa2537c9598a1cb", "size": 11185, "type": "file", "uid": 15399}
  actual:   MISSING
MISMATCH /usr/share/doc/tcl-8.6.16/TdbcCmd/tdbc_tokenize.htm
  expected: {"gid": 19249, "mode": 420, "path": "/usr/share/doc/tcl-8.6.16/TdbcCmd/tdbc_tokenize.htm", "sha256": "e7530a80c8cfd7ec37a8a4dbb6cff7e109d000baef71f9dd3dad8189d4459be1", "size": 3346, "type": "file", "uid": 15399}
  actual:   MISSING
MISMATCH /usr/share/doc/tcl-8.6.16/TdbcLib
  expected: {"gid": 19249, "mode": 493, "path": "/usr/share/doc/tcl-8.6.16/TdbcLib", "type": "directory", "uid": 15399}
  actual:   MISSING
MISMATCH /usr/share/doc/tcl-8.6.16/TdbcLib/Tdbc_Init.htm
  expected: {"gid": 19249, "mode": 420, "path": "/usr/share/doc/tcl-8.6.16/TdbcLib/Tdbc_Init.htm", "sha256": "dbc82a7a95e94ad98e47ec0c6ea08873c0f7b8deaa604096c591735e55911a91", "size": 5979, "type": "file", "uid": 15399}
  actual:   MISSING
MISMATCH /usr/share/doc/tcl-8.6.16/TdbcLib/contents.htm
  expected: {"gid": 19249, "mode": 420, "path": "/usr/share/doc/tcl-8.6.16/TdbcLib/contents.htm", "sha256": "215bfa5eabd0156e229d2c08f03708b5f5a16127f15b524045600a4efba17c8b", "size": 1724, "type": "file", "uid": 15399}
  actual:   MISSING
MISMATCH /usr/share/doc/tcl-8.6.16/TdbcmysqlCmd
  expected: {"gid": 19249, "mode": 493, "path": "/usr/share/doc/tcl-8.6.16/TdbcmysqlCmd", "type": "directory", "uid": 15399}
  actual:   MISSING
MISMATCH /usr/share/doc/tcl-8.6.16/TdbcmysqlCmd/contents.htm
  expected: {"gid": 19249, "mode": 420, "path": "/usr/share/doc/tcl-8.6.16/TdbcmysqlCmd/contents.htm", "sha256": "60b1ec48ba8b76a7ea824b3064f44b3a6f569e0e3e9607284ce6b2c0a3d0e55f", "size": 1458, "type": "file", "uid": 15399}
  actual:   MISSING
MISMATCH /usr/share/doc/tcl-8.6.16/TdbcmysqlCmd/tdbc_mysql.htm
  expected: {"gid": 19249, "mode": 420, "path": "/usr/share/doc/tcl-8.6.16/TdbcmysqlCmd/tdbc_mysql.htm", "sha256": "8b91843914db377a501bd2bb6f3d723d34151aabf79304ca14e48e1e5a05fd20", "size": 9987, "type": "file", "uid": 15399}
  actual:   MISSING
MISMATCH /usr/share/doc/tcl-8.6.16/TdbcodbcCmd
  expected: {"gid": 19249, "mode": 493, "path": "/usr/share/doc/tcl-8.6.16/TdbcodbcCmd", "type": "directory", "uid": 15399}
  actual:   MISSING
MISMATCH /usr/share/doc/tcl-8.6.16/TdbcodbcCmd/contents.htm
  expected: {"gid": 19249, "mode": 420, "path": "/usr/share/doc/tcl-8.6.16/TdbcodbcCmd/contents.htm", "sha256": "37e7f8d504525300fe31e6c719997361caa69f22248f63993d10608892c1d758", "size": 1453, "type": "file", "uid": 15399}
  actual:   MISSING
MISMATCH /usr/share/doc/tcl-8.6.16/TdbcodbcCmd/tdbc_odbc.htm
  expected: {"gid": 19249, "mode": 420, "path": "/usr/share/doc/tcl-8.6.16/TdbcodbcCmd/tdbc_odbc.htm", "sha256": "ec2d77a75930eaf6028f9b8e55d0ff12f6ff0a6eea572643dca2489532c91346", "size": 11670, "type": "file", "uid": 15399}
  actual:   MISSING
MISMATCH /usr/share/doc/tcl-8.6.16/TdbcpostgresCmd
  expected: {"gid": 19249, "mode": 493, "path": "/usr/share/doc/tcl-8.6.16/TdbcpostgresCmd", "type": "directory", "uid": 15399}
  actual:   MISSING
MISMATCH /usr/share/doc/tcl-8.6.16/TdbcpostgresCmd/contents.htm
  expected: {"gid": 19249, "mode": 420, "path": "/usr/share/doc/tcl-8.6.16/TdbcpostgresCmd/contents.htm", "sha256": "aaca39cb3d86daf73cc5dfe4742c6f685a8264f5b60e5d078b91292a54aec63c", "size": 1473, "type": "file", "uid": 15399}
  actual:   MISSING
MISMATCH /usr/share/doc/tcl-8.6.16/TdbcpostgresCmd/tdbc_postgres.htm
  expected: {"gid": 19249, "mode": 420, "path": "/usr/share/doc/tcl-8.6.16/TdbcpostgresCmd/tdbc_postgres.htm", "sha256": "2a0f2b109a7057fc0903ef854f77b445e91df66e8ba61ab6b3056539ecea9046", "size": 9128, "type": "file", "uid": 15399}
  actual:   MISSING
MISMATCH /usr/share/doc/tcl-8.6.16/TdbcsqliteCmd
  expected: {"gid": 19249, "mode": 493, "path": "/usr/share/doc/tcl-8.6.16/TdbcsqliteCmd", "type": "directory", "uid": 15399}
  actual:   MISSING
MISMATCH /usr/share/doc/tcl-8.6.16/TdbcsqliteCmd/contents.htm
  expected: {"gid": 19249, "mode": 420, "path": "/usr/share/doc/tcl-8.6.16/TdbcsqliteCmd/contents.htm", "sha256": "ac6270eb34903fde5b52f0a23534a71e7fd6bc7904583f2dcbd765d9ae895168", "size": 1493, "type": "file", "uid": 15399}
  actual:   MISSING
MISMATCH /usr/share/doc/tcl-8.6.16/TdbcsqliteCmd/tdbc_sqlite3.htm
  expected: {"gid": 19249, "mode": 420, "path": "/usr/share/doc/tcl-8.6.16/TdbcsqliteCmd/tdbc_sqlite3.htm", "sha256": "37f1f4d5af28bdcf168ce2625f42074cbeaf72ad0771626e8902985a156af4b4", "size": 5070, "type": "file", "uid": 15399}
  actual:   MISSING
MISMATCH /usr/share/doc/tcl-8.6.16/ThreadCmd
  expected: {"gid": 19249, "mode": 493, "path": "/usr/share/doc/tcl-8.6.16/ThreadCmd", "type": "directory", "uid": 15399}
  actual:   MISSING
MISMATCH /usr/share/doc/tcl-8.6.16/ThreadCmd/contents.htm
  expected: {"gid": 19249, "mode": 420, "path": "/usr/share/doc/tcl-8.6.16/ThreadCmd/contents.htm", "sha256": "230e4c7f57d0c8e370de156ef18bd6df4b9fd61960a00bf171ef54dfac645b21", "size": 1826, "type": "file", "uid": 15399}
  actual:   MISSING
MISMATCH /usr/share/doc/tcl-8.6.16/ThreadCmd/thread.htm
  expected: {"gid": 19249, "mode": 420, "path": "/usr/share/doc/tcl-8.6.16/ThreadCmd/thread.htm", "sha256": "9be20c6499abdbeeae0d07b1e621076b6aa900e0383abb7e6c91f9d9f23b6a63", "size": 32730, "type": "file", "uid": 15399}
  actual:   MISSING
MISMATCH /usr/share/doc/tcl-8.6.16/ThreadCmd/tpool.htm
  expected: {"gid": 19249, "mode": 420, "path": "/usr/share/doc/tcl-8.6.16/ThreadCmd/tpool.htm", "sha256": "e81a4efa789543a61985a0c9e7001d2902aefa8500b34c40cd72c2e731d5c53c", "size": 15310, "type": "file", "uid": 15399}
  actual:   MISSING
MISMATCH /usr/share/doc/tcl-8.6.16/ThreadCmd/tsv.htm
  expected: {"gid": 19249, "mode": 420, "path": "/usr/share/doc/tcl-8.6.16/ThreadCmd/tsv.htm", "sha256": "58a6a4f86f14d7cd631c771e16c849a98fe402b8128520070b24cb7e9989c477", "size": 23148, "type": "file", "uid": 15399}
  actual:   MISSING
MISMATCH /usr/share/doc/tcl-8.6.16/ThreadCmd/ttrace.htm
  expected: {"gid": 19249, "mode": 420, "path": "/usr/share/doc/tcl-8.6.16/ThreadCmd/ttrace.htm", "sha256": "54560f42004efbd236d2eac92a501804b9e7af302ca1f1d6e89e762353f5a0f6", "size": 14428, "type": "file", "uid": 15399}
  actual:   MISSING
MISMATCH /usr/share/doc/tcl-8.6.16/TkCmd
  expected: {"gid": 19249, "mode": 493, "path": "/usr/share/doc/tcl-8.6.16/TkCmd", "type": "directory", "uid": 15399}
  actual:   MISSING
MISMATCH /usr/share/doc/tcl-8.6.16/TkCmd/bell.htm
  expected: {"gid": 19249, "mode": 420, "path": "/usr/share/doc/tcl-8.6.16/TkCmd/bell.htm", "sha256": "bfc4032457656b9dfd769c377c4676c19e3dbe10b1d062f129bf57845a1aa7bf", "size": 2437, "type": "file", "uid": 15399}
  actual:   MISSING
MISMATCH /usr/share/doc/tcl-8.6.16/TkCmd/bind.htm
  expected: {"gid": 19249, "mode": 420, "path": "/usr/share/doc/tcl-8.6.16/TkCmd/bind.htm", "sha256": "cfc8a3588d71b2b55d8211cd853c720a9771c05acc8afee865f11c0f3223a079", "size": 42614, "type": "file", "uid": 15399}
  actual:   MISSING
MISMATCH /usr/share/doc/tcl-8.6.16/TkCmd/bindtags.htm
  expected: {"gid": 19249, "mode": 420, "path": "/usr/share/doc/tcl-8.6.16/TkCmd/bindtags.htm", "sha256": "61ea3fe1c6f67455e6a8d3ae1305b571d81809771f5912e1ba4631017c0f8d86", "size": 5686, "type": "file", "uid": 15399}
  actual:   MISSING
MISMATCH /usr/share/doc/tcl-8.6.16/TkCmd/bitmap.htm
  expected: {"gid": 19249, "mode": 420, "path": "/usr/share/doc/tcl-8.6.16/TkCmd/bitmap.htm", "sha256": "662844c93d87c5fd7decdec4f21fa3371219b0db33768eb9c5fa623c9a30f3bb", "size": 7245, "type": "file", "uid": 15399}
  actual:   MISSING
MISMATCH /usr/share/doc/tcl-8.6.16/TkCmd/busy.htm
  expected: {"gid": 19249, "mode": 420, "path": "/usr/share/doc/tcl-8.6.16/TkCmd/busy.htm", "sha256": "f3e3e0ed9f29c1e4fc741a806984cc9db7678d0bc57cf4719fea43289c5d0e85", "size": 13364, "type": "file", "uid": 15399}
  actual:   MISSING
MISMATCH /usr/share/doc/tcl-8.6.16/TkCmd/button.htm
  expected: {"gid": 19249, "mode": 420, "path": "/usr/share/doc/tcl-8.6.16/TkCmd/button.htm", "sha256": "96e803796f1b21f8dc5e7cbc227dc8897e9b4fbb5fb1e41e0343afc92d3e1655", "size": 17039, "type": "file", "uid": 15399}
  actual:   MISSING
MISMATCH /usr/share/doc/tcl-8.6.16/TkCmd/canvas.htm
  expected: {"gid": 19249, "mode": 420, "path": "/usr/share/doc/tcl-8.6.16/TkCmd/canvas.htm", "sha256": "98927100fe03810083f1425ae65f8b2ddf5895581fbcd6296fd4a7b9ea1be946", "size": 113033, "type": "file", "uid": 15399}
  actual:   MISSING
MISMATCH /usr/share/doc/tcl-8.6.16/TkCmd/checkbutton.htm
  expected: {"gid": 19249, "mode": 420, "path": "/usr/share/doc/tcl-8.6.16/TkCmd/checkbutton.htm", "sha256": "2bc5df3c175ab190aafe48a63987fe9445354883e44de18c19c3451a3dd97322", "size": 22646, "type": "file", "uid": 15399}
  actual:   MISSING
MISMATCH /usr/share/doc/tcl-8.6.16/TkCmd/chooseColor.htm
  expected: {"gid": 19249, "mode": 420, "path": "/usr/share/doc/tcl-8.6.16/TkCmd/chooseColor.htm", "sha256": "071829b86a6283999d6bd9ff6dd71b58cb6c72486e1496f599d7daaa4454856b", "size": 3065, "type": "file", "uid": 15399}
  actual:   MISSING
MISMATCH /usr/share/doc/tcl-8.6.16/TkCmd/chooseDirectory.htm
  expected: {"gid": 19249, "mode": 420, "path": "/usr/share/doc/tcl-8.6.16/TkCmd/chooseDirectory.htm", "sha256": "901de263f19e9e7061a83b863dad7fc52acbbb8cb67b8d3ad6447287048bc512", "size": 5350, "type": "file", "uid": 15399}
  actual:   MISSING
MISMATCH /usr/share/doc/tcl-8.6.16/TkCmd/clipboard.htm
  expected: {"gid": 19249, "mode": 420, "path": "/usr/share/doc/tcl-8.6.16/TkCmd/clipboard.htm", "sha256": "8781948caede089b5e7c632758968b72fff669bdaf0d2dbdeab5806260e44410", "size": 7534, "type": "file", "uid": 15399}
  actual:   MISSING
MISMATCH /usr/share/doc/tcl-8.6.16/TkCmd/colors.htm
  expected: {"gid": 19249, "mode": 420, "path": "/usr/share/doc/tcl-8.6.16/TkCmd/colors.htm", "sha256": "ca1637add14be1f5614ffef921972d5ddd9363cf5d717a5365f58530af78cbc8", "size": 102828, "type": "file", "uid": 15399}
  actual:   MISSING
MISMATCH /usr/share/doc/tcl-8.6.16/TkCmd/console.htm
  expected: {"gid": 19249, "mode": 420, "path": "/usr/share/doc/tcl-8.6.16/TkCmd/console.htm", "sha256": "5fe722f3765370281850635a38dc17aa075f9d006e0033ad1e2080c940239a00", "size": 9564, "type": "file", "uid": 15399}
  actual:   MISSING
MISMATCH /usr/share/doc/tcl-8.6.16/TkCmd/contents.htm
  expected: {"gid": 19249, "mode": 420, "path": "/usr/share/doc/tcl-8.6.16/TkCmd/contents.htm", "sha256": "e76bb39ccb5e43b14028cbe1ad30daeb6222f40de3980253d575940e73942233", "size": 11764, "type": "file", "uid": 15399}
  actual:   MISSING
MISMATCH /usr/share/doc/tcl-8.6.16/TkCmd/cursors.htm
  expected: {"gid": 19249, "mode": 420, "path": "/usr/share/doc/tcl-8.6.16/TkCmd/cursors.htm", "sha256": "6f0881051bfc3ce93b2d39ea8ecefb1435423face112f798c814945250bbe84f", "size": 3864, "type": "file", "uid": 15399}
  actual:   MISSING
MISMATCH /usr/share/doc/tcl-8.6.16/TkCmd/destroy.htm
  expected: {"gid": 19249, "mode": 420, "path": "/usr/share/doc/tcl-8.6.16/TkCmd/destroy.htm", "sha256": "916360072c75c1cf28bb11f8ddb82649ad8773b796f6de3d8b4a94b2da1f19e6", "size": 2613, "type": "file", "uid": 15399}
  actual:   MISSING
MISMATCH /usr/share/doc/tcl-8.6.16/TkCmd/dialog.htm
  expected: {"gid": 19249, "mode": 420, "path": "/usr/share/doc/tcl-8.6.16/TkCmd/dialog.htm", "sha256": "b3ba6b383cc00d39d3dc522ad3d7feff932c678a3c9e790bb8a552b7f7194a7a", "size": 4882, "type": "file", "uid": 15399}
  actual:   MISSING
MISMATCH /usr/share/doc/tcl-8.6.16/TkCmd/entry.htm
  expected: {"gid": 19249, "mode": 420, "path": "/usr/share/doc/tcl-8.6.16/TkCmd/entry.htm", "sha256": "2d5ca1b0c19b9817398fa82bbab86a8fa1d0f3208767df2b93b6ce36c5ef051a", "size": 36981, "type": "file", "uid": 15399}
  actual:   MISSING
MISMATCH /usr/share/doc/tcl-8.6.16/TkCmd/event.htm
  expected: {"gid": 19249, "mode": 420, "path": "/usr/share/doc/tcl-8.6.16/TkCmd/event.htm", "sha256": "6a053f5bc1e38001b85eb892e69eae97aed41192da8ef63a049f49301504b162", "size": 35112, "type": "file", "uid": 15399}
  actual:   MISSING
MISMATCH /usr/share/doc/tcl-8.6.16/TkCmd/focus.htm
  expected: {"gid": 19249, "mode": 420, "path": "/usr/share/doc/tcl-8.6.16/TkCmd/focus.htm", "sha256": "3e794ec7f8e58407017b2fcd2ca5c891403a60688ddf1a0bdb95791e270e5ba9", "size": 7960, "type": "file", "uid": 15399}
  actual:   MISSING
MISMATCH /usr/share/doc/tcl-8.6.16/TkCmd/focusNext.htm
  expected: {"gid": 19249, "mode": 420, "path": "/usr/share/doc/tcl-8.6.16/TkCmd/focusNext.htm", "sha256": "20168d20cedac3fd469ee98866d173f9a7cdc33ed357b18556e2e153d9b27aed", "size": 3821, "type": "file", "uid": 15399}
  actual:   MISSING
MISMATCH /usr/share/doc/tcl-8.6.16/TkCmd/font.htm
  expected: {"gid": 19249, "mode": 420, "path": "/usr/share/doc/tcl-8.6.16/TkCmd/font.htm", "sha256": "27fddafc98dc5fd63f522c36dd2ee6719570bc30e90abf685297fc77615dd17a", "size": 23610, "type": "file", "uid": 15399}
  actual:   MISSING
MISMATCH /usr/share/doc/tcl-8.6.16/TkCmd/fontchooser.htm
  expected: {"gid": 19249, "mode": 420, "path": "/usr/share/doc/tcl-8.6.16/TkCmd/fontchooser.htm", "sha256": "ccddde1e850524fddeb1be5325946d85b504f3f8137771ad9f87de2c6ba9c2e6", "size": 12093, "type": "file", "uid": 15399}
  actual:   MISSING
MISMATCH /usr/share/doc/tcl-8.6.16/TkCmd/frame.htm
  expected: {"gid": 19249, "mode": 420, "path": "/usr/share/doc/tcl-8.6.16/TkCmd/frame.htm", "sha256": "3b1dbe5578b096d79eacdf99dffaf9a716e1e00fcc94dae12a82175c75056cd4", "size": 11614, "type": "file", "uid": 15399}
  actual:   MISSING
MISMATCH /usr/share/doc/tcl-8.6.16/TkCmd/getOpenFile.htm
  expected: {"gid": 19249, "mode": 420, "path": "/usr/share/doc/tcl-8.6.16/TkCmd/getOpenFile.htm", "sha256": "fcd716ae4d892cc3dbde26bc48ce1522d79458bb412541eb9e4f472d48ea873c", "size": 12105, "type": "file", "uid": 15399}
  actual:   MISSING
MISMATCH /usr/share/doc/tcl-8.6.16/TkCmd/grab.htm
  expected: {"gid": 19249, "mode": 420, "path": "/usr/share/doc/tcl-8.6.16/TkCmd/grab.htm", "sha256": "4aa817031cd8150cdd00b73d9a187da2582689a191ebcdf24a3737bc5ed29832", "size": 9030, "type": "file", "uid": 15399}
  actual:   MISSING
MISMATCH /usr/share/doc/tcl-8.6.16/TkCmd/grid.htm
  expected: {"gid": 19249, "mode": 420, "path": "/usr/share/doc/tcl-8.6.16/TkCmd/grid.htm", "sha256": "b92116eb40ba6dc130593ebd3600a4d44402e7e390db6cab01c4a429e395eb61", "size": 26022, "type": "file", "uid": 15399}
  actual:   MISSING
MISMATCH /usr/share/doc/tcl-8.6.16/TkCmd/image.htm
  expected: {"gid": 19249, "mode": 420, "path": "/usr/share/doc/tcl-8.6.16/TkCmd/image.htm", "sha256": "2e8f0bbe20c6e47025a247d631dc4101fb94ed24d20c90247d500ac738c4024b", "size": 7106, "type": "file", "uid": 15399}
  actual:   MISSING
MISMATCH /usr/share/doc/tcl-8.6.16/TkCmd/keysyms.htm
  expected: {"gid": 19249, "mode": 420, "path": "/usr/share/doc/tcl-8.6.16/TkCmd/keysyms.htm", "sha256": "a0775b2e61a295435fc038fb4bbfc9affdd20fc46f13f8ef9c2fbf5dcdb64130", "size": 83574, "type": "file", "uid": 15399}
  actual:   MISSING
MISMATCH /usr/share/doc/tcl-8.6.16/TkCmd/label.htm
  expected: {"gid": 19249, "mode": 420, "path": "/usr/share/doc/tcl-8.6.16/TkCmd/label.htm", "sha256": "3cfba438de807399ef762e77396c539ae63ed3250526fb991e36c72c638057ac", "size": 12108, "type": "file", "uid": 15399}
  actual:   MISSING
MISMATCH /usr/share/doc/tcl-8.6.16/TkCmd/labelframe.htm
  expected: {"gid": 19249, "mode": 420, "path": "/usr/share/doc/tcl-8.6.16/TkCmd/labelframe.htm", "sha256": "81b5720c5474e1370ea694a25cc6b041f7968c5096540015a8cf61c7351ff3c5", "size": 12920, "type": "file", "uid": 15399}
  actual:   MISSING
MISMATCH /usr/share/doc/tcl-8.6.16/TkCmd/listbox.htm
  expected: {"gid": 19249, "mode": 420, "path": "/usr/share/doc/tcl-8.6.16/TkCmd/listbox.htm", "sha256": "10fb2b52965c728a08f69e1e3506f0ee96cd16ea77e4bfa6c00c5f82b8da1048", "size": 36201, "type": "file", "uid": 15399}
  actual:   MISSING
MISMATCH /usr/share/doc/tcl-8.6.16/TkCmd/loadTk.htm
  expected: {"gid": 19249, "mode": 420, "path": "/usr/share/doc/tcl-8.6.16/TkCmd/loadTk.htm", "sha256": "487e26c9ccb59bdf024dcca3096f9fff8943b108c2d767ae6e19ea03afee9056", "size": 5195, "type": "file", "uid": 15399}
  actual:   MISSING
MISMATCH /usr/share/doc/tcl-8.6.16/TkCmd/lower.htm
  expected: {"gid": 19249, "mode": 420, "path": "/usr/share/doc/tcl-8.6.16/TkCmd/lower.htm", "sha256": "5a807ac40fcf0b13dbc8f73158bf7c0bff9de307f513889c9be1e2018df83f9f", "size": 2873, "type": "file", "uid": 15399}
  actual:   MISSING
MISMATCH /usr/share/doc/tcl-8.6.16/TkCmd/menu.htm
  expected: {"gid": 19249, "mode": 420, "path": "/usr/share/doc/tcl-8.6.16/TkCmd/menu.htm", "sha256": "cc434006675bc27a4147a6e97e4baa834fd961de3625e059c4910b297e5bd608", "size": 49080, "type": "file", "uid": 15399}
  actual:   MISSING
MISMATCH /usr/share/doc/tcl-8.6.16/TkCmd/menubutton.htm
  expected: {"gid": 19249, "mode": 420, "path": "/usr/share/doc/tcl-8.6.16/TkCmd/menubutton.htm", "sha256": "05271f4b6714905aa411f6aa8f1d59336a28b4e7aab45eb631a8262dde3cbb20", "size": 16902, "type": "file", "uid": 15399}
  actual:   MISSING
MISMATCH /usr/share/doc/tcl-8.6.16/TkCmd/message.htm
  expected: {"gid": 19249, "mode": 420, "path": "/usr/share/doc/tcl-8.6.16/TkCmd/message.htm", "sha256": "6b25afa43ccd47dde3b563df5107e95849ce53a201669fb652ac82e297ebb815", "size": 11850, "type": "file", "uid": 15399}
  actual:   MISSING
MISMATCH /usr/share/doc/tcl-8.6.16/TkCmd/messageBox.htm
  expected: {"gid": 19249, "mode": 420, "path": "/usr/share/doc/tcl-8.6.16/TkCmd/messageBox.htm", "sha256": "7acfe414d0957463cfb878098e626c7e312444ad5738685f5fbf4481e8d65b72", "size": 6828, "type": "file", "uid": 15399}
  actual:   MISSING
MISMATCH /usr/share/doc/tcl-8.6.16/TkCmd/option.htm
  expected: {"gid": 19249, "mode": 420, "path": "/usr/share/doc/tcl-8.6.16/TkCmd/option.htm", "sha256": "467d8be92662ae93b8dc7a725d78337ce830aed45ffeb2a8cb79cc2c6704c2d9", "size": 8461, "type": "file", "uid": 15399}
  actual:   MISSING
MISMATCH /usr/share/doc/tcl-8.6.16/TkCmd/optionMenu.htm
  expected: {"gid": 19249, "mode": 420, "path": "/usr/share/doc/tcl-8.6.16/TkCmd/optionMenu.htm", "sha256": "8cdbceeeea0c8b6b2123a22f741ca8a54424b4f268bb7ba143d079d887248bd3", "size": 2804, "type": "file", "uid": 15399}
  actual:   MISSING
MISMATCH /usr/share/doc/tcl-8.6.16/TkCmd/options.htm
  expected: {"gid": 19249, "mode": 420, "path": "/usr/share/doc/tcl-8.6.16/TkCmd/options.htm", "sha256": "9439d0a4659d142ec3694a83ca57c235dfcac08f685c5930e78bdcd423727612", "size": 29625, "type": "file", "uid": 15399}
  actual:   MISSING
MISMATCH /usr/share/doc/tcl-8.6.16/TkCmd/pack.htm
  expected: {"gid": 19249, "mode": 420, "path": "/usr/share/doc/tcl-8.6.16/TkCmd/pack.htm", "sha256": "e09ec2e1ec8430ef25ca6417be6ea49e62429801ab1d987734ef5772ea3aec22", "size": 16984, "type": "file", "uid": 15399}
  actual:   MISSING
MISMATCH /usr/share/doc/tcl-8.6.16/TkCmd/palette.htm
  expected: {"gid": 19249, "mode": 420, "path": "/usr/share/doc/tcl-8.6.16/TkCmd/palette.htm", "sha256": "e4794827c006f92d09181cc7f064871bcfaf5ca3ba6bea78ccf6032642c0c18f", "size": 4834, "type": "file", "uid": 15399}
  actual:   MISSING
MISMATCH /usr/share/doc/tcl-8.6.16/TkCmd/panedwindow.htm
  expected: {"gid": 19249, "mode": 420, "path": "/usr/share/doc/tcl-8.6.16/TkCmd/panedwindow.htm", "sha256": "d4eba56761d73f67ea863cabbc12734b9306c6b4ba2705efc127b1c239eefd41", "size": 24232, "type": "file", "uid": 15399}
  actual:   MISSING
MISMATCH /usr/share/doc/tcl-8.6.16/TkCmd/photo.htm
  expected: {"gid": 19249, "mode": 420, "path": "/usr/share/doc/tcl-8.6.16/TkCmd/photo.htm", "sha256": "9b3ac82f137b20f36189015bc458e3c76a994b87a6b0b833354805af6b0e13ff", "size": 30251, "type": "file", "uid": 15399}
  actual:   MISSING
MISMATCH /usr/share/doc/tcl-8.6.16/TkCmd/place.htm
  expected: {"gid": 19249, "mode": 420, "path": "/usr/share/doc/tcl-8.6.16/TkCmd/place.htm", "sha256": "ef7fe6d04d6887b7b550774189fb071266b99ece4ccd6d8b799bec1921b67912", "size": 15645, "type": "file", "uid": 15399}
  actual:   MISSING
MISMATCH /usr/share/doc/tcl-8.6.16/TkCmd/popup.htm
  expected: {"gid": 19249, "mode": 420, "path": "/usr/share/doc/tcl-8.6.16/TkCmd/popup.htm", "sha256": "f98b3001898841432df3f9a72d4d49086eeb4f4353884d40e2c02b2ffd4695be", "size": 2894, "type": "file", "uid": 15399}
  actual:   MISSING
MISMATCH /usr/share/doc/tcl-8.6.16/TkCmd/radiobutton.htm
  expected: {"gid": 19249, "mode": 420, "path": "/usr/share/doc/tcl-8.6.16/TkCmd/radiobutton.htm", "sha256": "0d8be85406fd8bf5ec4c1934a5f6d4cbd8591fa7ab44f7161c6ad585d81e3bf2", "size": 21547, "type": "file", "uid": 15399}
  actual:   MISSING
MISMATCH /usr/share/doc/tcl-8.6.16/TkCmd/raise.htm
  expected: {"gid": 19249, "mode": 420, "path": "/usr/share/doc/tcl-8.6.16/TkCmd/raise.htm", "sha256": "68ce5872e14eb7b8f5b6d4be4f3e3f7c99da61ef999769fd7d56bbbe9033a338", "size": 3460, "type": "file", "uid": 15399}
  actual:   MISSING
MISMATCH /usr/share/doc/tcl-8.6.16/TkCmd/scale.htm
  expected: {"gid": 19249, "mode": 420, "path": "/usr/share/doc/tcl-8.6.16/TkCmd/scale.htm", "sha256": "1540f9af8317fe3124998cea0458f98200e441eb00e33259c14c2713e691f5c4", "size": 19301, "type": "file", "uid": 15399}
  actual:   MISSING
MISMATCH /usr/share/doc/tcl-8.6.16/TkCmd/scrollbar.htm
  expected: {"gid": 19249, "mode": 420, "path": "/usr/share/doc/tcl-8.6.16/TkCmd/scrollbar.htm", "sha256": "12afba85b45589a031654770a7244e36de0124a39c7c296390eb1ebe4c0c9f56", "size": 23581, "type": "file", "uid": 15399}
  actual:   MISSING
MISMATCH /usr/share/doc/tcl-8.6.16/TkCmd/selection.htm
  expected: {"gid": 19249, "mode": 420, "path": "/usr/share/doc/tcl-8.6.16/TkCmd/selection.htm", "sha256": "809a0d705128c919be4c7bbb0646b91a0daefddd2b650e3a8bca83d089c97976", "size": 13777, "type": "file", "uid": 15399}
  actual:   MISSING
MISMATCH /usr/share/doc/tcl-8.6.16/TkCmd/send.htm
  expected: {"gid": 19249, "mode": 420, "path": "/usr/share/doc/tcl-8.6.16/TkCmd/send.htm", "sha256": "288037edcaaa6db571266606441fa4ed277357dfdfaeecb9e2e7987f4c3bfdf2", "size": 6780, "type": "file", "uid": 15399}
  actual:   MISSING
MISMATCH /usr/share/doc/tcl-8.6.16/TkCmd/spinbox.htm
  expected: {"gid": 19249, "mode": 420, "path": "/usr/share/doc/tcl-8.6.16/TkCmd/spinbox.htm", "sha256": "6e7b6d5c4429064b2aec9fa92e5924b226a80bfef288cfbab3d3084c5a30809c", "size": 43655, "type": "file", "uid": 15399}
  actual:   MISSING
MISMATCH /usr/share/doc/tcl-8.6.16/TkCmd/text.htm
  expected: {"gid": 19249, "mode": 420, "path": "/usr/share/doc/tcl-8.6.16/TkCmd/text.htm", "sha256": "eef0ddf499cdaa144603e37097999facf306f4f2439c69b3d6140dc3007c83c7", "size": 145491, "type": "file", "uid": 15399}
  actual:   MISSING
MISMATCH /usr/share/doc/tcl-8.6.16/TkCmd/tk.htm
  expected: {"gid": 19249, "mode": 420, "path": "/usr/share/doc/tcl-8.6.16/TkCmd/tk.htm", "sha256": "52b25628a0f2158052572c13bbbac7971244e7a67851338829623d5ae9a7a2e6", "size": 8771, "type": "file", "uid": 15399}
  actual:   MISSING
MISMATCH /usr/share/doc/tcl-8.6.16/TkCmd/tk_mac.htm
  expected: {"gid": 19249, "mode": 420, "path": "/usr/share/doc/tcl-8.6.16/TkCmd/tk_mac.htm", "sha256": "8c7635c980ed51e066340f3928cbfc06b042ddc3d240e4d60cf7a796b0cd33f7", "size": 15414, "type": "file", "uid": 15399}
  actual:   MISSING
MISMATCH /usr/share/doc/tcl-8.6.16/TkCmd/tkerror.htm
  expected: {"gid": 19249, "mode": 420, "path": "/usr/share/doc/tcl-8.6.16/TkCmd/tkerror.htm", "sha256": "6caf65e9060046cac6b638fcef464cf3893b83b226f55a4752a5c7e4b6830287", "size": 2930, "type": "file", "uid": 15399}
  actual:   MISSING
MISMATCH /usr/share/doc/tcl-8.6.16/TkCmd/tkvars.htm
  expected: {"gid": 19249, "mode": 420, "path": "/usr/share/doc/tcl-8.6.16/TkCmd/tkvars.htm", "sha256": "2940e831a9c4f53654e6b4d5c6a5754e83793e641c07a1da20941f8be2f031cf", "size": 6980, "type": "file", "uid": 15399}
  actual:   MISSING
MISMATCH /usr/share/doc/tcl-8.6.16/TkCmd/tkwait.htm
  expected: {"gid": 19249, "mode": 420, "path": "/usr/share/doc/tcl-8.6.16/TkCmd/tkwait.htm", "sha256": "a5d17515abe5631467579e9c0aa08621b47b72803dd682ccb34a6bcbdd88f255", "size": 3471, "type": "file", "uid": 15399}
  actual:   MISSING
MISMATCH /usr/share/doc/tcl-8.6.16/TkCmd/toplevel.htm
  expected: {"gid": 19249, "mode": 420, "path": "/usr/share/doc/tcl-8.6.16/TkCmd/toplevel.htm", "sha256": "43a1a5ce90d82c6916ccfc69de75a033da9ef7a9d9950a6a75adb3176fb73e73", "size": 13120, "type": "file", "uid": 15399}
  actual:   MISSING
MISMATCH /usr/share/doc/tcl-8.6.16/TkCmd/ttk_button.htm
  expected: {"gid": 19249, "mode": 420, "path": "/usr/share/doc/tcl-8.6.16/TkCmd/ttk_button.htm", "sha256": "601433714926116c098bcdcbdc2acb6302fd3b7781e20b5768bfd5830ff01584", "size": 7464, "type": "file", "uid": 15399}
  actual:   MISSING
MISMATCH /usr/share/doc/tcl-8.6.16/TkCmd/ttk_checkbutton.htm
  expected: {"gid": 19249, "mode": 420, "path": "/usr/share/doc/tcl-8.6.16/TkCmd/ttk_checkbutton.htm", "sha256": "38e4c8a0f2b7328793075cb018b833c77ec4c75d5c0dbaa94aaac75bcd9395ae", "size": 8379, "type": "file", "uid": 15399}
  actual:   MISSING
MISMATCH /usr/share/doc/tcl-8.6.16/TkCmd/ttk_combobox.htm
  expected: {"gid": 19249, "mode": 420, "path": "/usr/share/doc/tcl-8.6.16/TkCmd/ttk_combobox.htm", "sha256": "b89899cec1e3a078a27952563ef4b26357ac5fc4b65d637ec32f3d30a7235297", "size": 11205, "type": "file", "uid": 15399}
  actual:   MISSING
MISMATCH /usr/share/doc/tcl-8.6.16/TkCmd/ttk_entry.htm
  expected: {"gid": 19249, "mode": 420, "path": "/usr/share/doc/tcl-8.6.16/TkCmd/ttk_entry.htm", "sha256": "a34d4241c06bc758f0a6e26b2e9d9a05a2e61e86ea36a8ece3a565915d5193f9", "size": 26919, "type": "file", "uid": 15399}
  actual:   MISSING
MISMATCH /usr/share/doc/tcl-8.6.16/TkCmd/ttk_frame.htm
  expected: {"gid": 19249, "mode": 420, "path": "/usr/share/doc/tcl-8.6.16/TkCmd/ttk_frame.htm", "sha256": "c23bf3b92dcaaa9d6433474f9a4371195d9fbde6f8c14c12663d037ae3280cdd", "size": 6271, "type": "file", "uid": 15399}
  actual:   MISSING
MISMATCH /usr/share/doc/tcl-8.6.16/TkCmd/ttk_image.htm
  expected: {"gid": 19249, "mode": 420, "path": "/usr/share/doc/tcl-8.6.16/TkCmd/ttk_image.htm", "sha256": "57491c34d4a497c1292e7b6f2f530f06e56ac71bdc022c85f8cb90d117489afe", "size": 6656, "type": "file", "uid": 15399}
  actual:   MISSING
MISMATCH /usr/share/doc/tcl-8.6.16/TkCmd/ttk_intro.htm
  expected: {"gid": 19249, "mode": 420, "path": "/usr/share/doc/tcl-8.6.16/TkCmd/ttk_intro.htm", "sha256": "5c6a9a00c7737061c59c217699664b6b4df879ec8b3982afdf460dd5928b56d9", "size": 8207, "type": "file", "uid": 15399}
  actual:   MISSING
MISMATCH /usr/share/doc/tcl-8.6.16/TkCmd/ttk_label.htm
  expected: {"gid": 19249, "mode": 420, "path": "/usr/share/doc/tcl-8.6.16/TkCmd/ttk_label.htm", "sha256": "09fe47d665abf1397f142bc9d2cd5f4a587e2a5042a99c9a6420022fb32d4d63", "size": 7628, "type": "file", "uid": 15399}
  actual:   MISSING
MISMATCH /usr/share/doc/tcl-8.6.16/TkCmd/ttk_labelframe.htm
  expected: {"gid": 19249, "mode": 420, "path": "/usr/share/doc/tcl-8.6.16/TkCmd/ttk_labelframe.htm", "sha256": "ad6f05011bee4ae4899df537b52da19061ab7cb0705437eab32d794ca97e2860", "size": 7565, "type": "file", "uid": 15399}
  actual:   MISSING
MISMATCH /usr/share/doc/tcl-8.6.16/TkCmd/ttk_menubutton.htm
  expected: {"gid": 19249, "mode": 420, "path": "/usr/share/doc/tcl-8.6.16/TkCmd/ttk_menubutton.htm", "sha256": "b0d2e35e197ac5480aa04eea392f4664005e3a021e163926dd94bc4f221bbfd9", "size": 6659, "type": "file", "uid": 15399}
  actual:   MISSING
MISMATCH /usr/share/doc/tcl-8.6.16/TkCmd/ttk_notebook.htm
  expected: {"gid": 19249, "mode": 420, "path": "/usr/share/doc/tcl-8.6.16/TkCmd/ttk_notebook.htm", "sha256": "522d834241f5480882c40ae760add532fc63bd379ce1b28628881aab17b582d5", "size": 18352, "type": "file", "uid": 15399}
  actual:   MISSING
MISMATCH /usr/share/doc/tcl-8.6.16/TkCmd/ttk_panedwindow.htm
  expected: {"gid": 19249, "mode": 420, "path": "/usr/share/doc/tcl-8.6.16/TkCmd/ttk_panedwindow.htm", "sha256": "fc984837211b0c23b2c74e8760db848d41dd71a8fcbe9ed16347f49e0470930d", "size": 10581, "type": "file", "uid": 15399}
  actual:   MISSING
MISMATCH /usr/share/doc/tcl-8.6.16/TkCmd/ttk_progressbar.htm
  expected: {"gid": 19249, "mode": 420, "path": "/usr/share/doc/tcl-8.6.16/TkCmd/ttk_progressbar.htm", "sha256": "3ac3fcc00a8906dfafc6a619be488143c8bbb05ade1f5ce8e9c7f7cfd5898325", "size": 9127, "type": "file", "uid": 15399}
  actual:   MISSING
MISMATCH /usr/share/doc/tcl-8.6.16/TkCmd/ttk_radiobutton.htm
  expected: {"gid": 19249, "mode": 420, "path": "/usr/share/doc/tcl-8.6.16/TkCmd/ttk_radiobutton.htm", "sha256": "e212357374b22aac23ab0af22d02675824d56780ceb9c3ab9b44892c2223b0d6", "size": 7932, "type": "file", "uid": 15399}
  actual:   MISSING
MISMATCH /usr/share/doc/tcl-8.6.16/TkCmd/ttk_scale.htm
  expected: {"gid": 19249, "mode": 420, "path": "/usr/share/doc/tcl-8.6.16/TkCmd/ttk_scale.htm", "sha256": "711bf4d1fce286315eee38e9eb4e0ed745bd7a01d16ed4a8746e72b1203f5ad9", "size": 9849, "type": "file", "uid": 15399}
  actual:   MISSING
MISMATCH /usr/share/doc/tcl-8.6.16/TkCmd/ttk_scrollbar.htm
  expected: {"gid": 19249, "mode": 420, "path": "/usr/share/doc/tcl-8.6.16/TkCmd/ttk_scrollbar.htm", "sha256": "1e2386028fe20d7ad0954f74c24465ab4af6ce98124f6f839a256f385bad7de0", "size": 12882, "type": "file", "uid": 15399}
  actual:   MISSING
MISMATCH /usr/share/doc/tcl-8.6.16/TkCmd/ttk_separator.htm
  expected: {"gid": 19249, "mode": 420, "path": "/usr/share/doc/tcl-8.6.16/TkCmd/ttk_separator.htm", "sha256": "25bc2afb33612ab06c854a6822e4e4e39367dec9367ccbc8245e08cee65ef01e", "size": 4264, "type": "file", "uid": 15399}
  actual:   MISSING
MISMATCH /usr/share/doc/tcl-8.6.16/TkCmd/ttk_sizegrip.htm
  expected: {"gid": 19249, "mode": 420, "path": "/usr/share/doc/tcl-8.6.16/TkCmd/ttk_sizegrip.htm", "sha256": "3b5b10cbd1bac91ae406704b9753c93cc9a4e9ec6f77192de61cc4152846d81e", "size": 5280, "type": "file", "uid": 15399}
  actual:   MISSING
MISMATCH /usr/share/doc/tcl-8.6.16/TkCmd/ttk_spinbox.htm
  expected: {"gid": 19249, "mode": 420, "path": "/usr/share/doc/tcl-8.6.16/TkCmd/ttk_spinbox.htm", "sha256": "5f1af30554ebef521615a94be99eef6bd351daa31564b3227962a56fff9e3be0", "size": 9998, "type": "file", "uid": 15399}
  actual:   MISSING
MISMATCH /usr/share/doc/tcl-8.6.16/TkCmd/ttk_style.htm
  expected: {"gid": 19249, "mode": 420, "path": "/usr/share/doc/tcl-8.6.16/TkCmd/ttk_style.htm", "sha256": "6f526bd541a8c6ffe50a3628b1fbaf24ace269fec3385b2c063ff9b55075940b", "size": 10371, "type": "file", "uid": 15399}
  actual:   MISSING
MISMATCH /usr/share/doc/tcl-8.6.16/TkCmd/ttk_treeview.htm
  expected: {"gid": 19249, "mode": 420, "path": "/usr/share/doc/tcl-8.6.16/TkCmd/ttk_treeview.htm", "sha256": "4769b91359d44ff3af896459b914823a4a238833654efc9ac86d2165f239a9e4", "size": 34468, "type": "file", "uid": 15399}
  actual:   MISSING
MISMATCH /usr/share/doc/tcl-8.6.16/TkCmd/ttk_vsapi.htm
  expected: {"gid": 19249, "mode": 420, "path": "/usr/share/doc/tcl-8.6.16/TkCmd/ttk_vsapi.htm", "sha256": "6f3ec32a2b6247cfed1afa50a5077ceb013892abc6240a9852bc546a6872cfbc", "size": 7168, "type": "file", "uid": 15399}
  actual:   MISSING
MISMATCH /usr/share/doc/tcl-8.6.16/TkCmd/ttk_widget.htm
  expected: {"gid": 19249, "mode": 420, "path": "/usr/share/doc/tcl-8.6.16/TkCmd/ttk_widget.htm", "sha256": "9664b433d105c323fb747e2bbd918f5995119a66d41c339bc63ffcd372eff855", "size": 22939, "type": "file", "uid": 15399}
  actual:   MISSING
MISMATCH /usr/share/doc/tcl-8.6.16/TkCmd/winfo.htm
  expected: {"gid": 19249, "mode": 420, "path": "/usr/share/doc/tcl-8.6.16/TkCmd/winfo.htm", "sha256": "807cf8990a167bce92a7231871dcba79b178211950e1306b06799378ee77b334", "size": 22931, "type": "file", "uid": 15399}
  actual:   MISSING
MISMATCH /usr/share/doc/tcl-8.6.16/TkCmd/wm.htm
  expected: {"gid": 19249, "mode": 420, "path": "/usr/share/doc/tcl-8.6.16/TkCmd/wm.htm", "sha256": "4b1c5407c3d8af0411265b676757c106ab74d1ab92de87952b2b0fc28e55ca96", "size": 49674, "type": "file", "uid": 15399}
  actual:   MISSING
MISMATCH /usr/share/doc/tcl-8.6.16/TkLib
  expected: {"gid": 19249, "mode": 493, "path": "/usr/share/doc/tcl-8.6.16/TkLib", "type": "directory", "uid": 15399}
  actual:   MISSING
MISMATCH /usr/share/doc/tcl-8.6.16/TkLib/3DBorder.htm
  expected: {"gid": 19249, "mode": 420, "path": "/usr/share/doc/tcl-8.6.16/TkLib/3DBorder.htm", "sha256": "97f007f76ccfcc6b51418a081f4a502fd35544a0fb37d5cbe6b5ef3ac8343f6a", "size": 18054, "type": "file", "uid": 15399}
  actual:   MISSING
MISMATCH /usr/share/doc/tcl-8.6.16/TkLib/AddOption.htm
  expected: {"gid": 19249, "mode": 420, "path": "/usr/share/doc/tcl-8.6.16/TkLib/AddOption.htm", "sha256": "47afd6a38c8f205bcebbb8b3aa1d4e2966991a62a7fd824827404f00f74dc079", "size": 4474, "type": "file", "uid": 15399}
  actual:   MISSING
MISMATCH /usr/share/doc/tcl-8.6.16/TkLib/BindTable.htm
  expected: {"gid": 19249, "mode": 420, "path": "/usr/share/doc/tcl-8.6.16/TkLib/BindTable.htm", "sha256": "75d95caf363ea6588def72525d3ed49a0a2cdbbf6f8842ce32f10d007c3240fc", "size": 10072, "type": "file", "uid": 15399}
  actual:   MISSING
MISMATCH /usr/share/doc/tcl-8.6.16/TkLib/CanvPsY.htm
  expected: {"gid": 19249, "mode": 420, "path": "/usr/share/doc/tcl-8.6.16/TkLib/CanvPsY.htm", "sha256": "30e090a6678224c8275791b60c919dacde20dfffc24b404d404eed3b987a594f", "size": 8003, "type": "file", "uid": 15399}
  actual:   MISSING
MISMATCH /usr/share/doc/tcl-8.6.16/TkLib/CanvTkwin.htm
  expected: {"gid": 19249, "mode": 420, "path": "/usr/share/doc/tcl-8.6.16/TkLib/CanvTkwin.htm", "sha256": "4ae2c9e1dba4d0bae46a76d40919d84dd37c945dbd2a859f25c383a43c3feda7", "size": 9698, "type": "file", "uid": 15399}
  actual:   MISSING
MISMATCH /usr/share/doc/tcl-8.6.16/TkLib/CanvTxtInfo.htm
  expected: {"gid": 19249, "mode": 420, "path": "/usr/share/doc/tcl-8.6.16/TkLib/CanvTxtInfo.htm", "sha256": "71907aa2d72b259b8163a11aa6a956dfc3f2790cea81ec1cbbea3ad3d124cac3", "size": 6089, "type": "file", "uid": 15399}
  actual:   MISSING
MISMATCH /usr/share/doc/tcl-8.6.16/TkLib/Clipboard.htm
  expected: {"gid": 19249, "mode": 420, "path": "/usr/share/doc/tcl-8.6.16/TkLib/Clipboard.htm", "sha256": "40d350b4331cb49ab6af4757bf3ce1dcedbe49a88ddfb5cc565738a0806d6f36", "size": 5548, "type": "file", "uid": 15399}
  actual:   MISSING
MISMATCH /usr/share/doc/tcl-8.6.16/TkLib/ClrSelect.htm
  expected: {"gid": 19249, "mode": 420, "path": "/usr/share/doc/tcl-8.6.16/TkLib/ClrSelect.htm", "sha256": "727387bf2faeb8fa165a66c7cf6ce80c954b5277feee44b801c7397d88381840", "size": 2673, "type": "file", "uid": 15399}
  actual:   MISSING
MISMATCH /usr/share/doc/tcl-8.6.16/TkLib/ConfigWidg.htm
  expected: {"gid": 19249, "mode": 420, "path": "/usr/share/doc/tcl-8.6.16/TkLib/ConfigWidg.htm", "sha256": "0129b2d071ae6fe13c4d97f8c4525048666dea2d4b932cafbb36f137146bad2f", "size": 38477, "type": "file", "uid": 15399}
  actual:   MISSING
MISMATCH /usr/share/doc/tcl-8.6.16/TkLib/ConfigWind.htm
  expected: {"gid": 19249, "mode": 420, "path": "/usr/share/doc/tcl-8.6.16/TkLib/ConfigWind.htm", "sha256": "9184fb81503d786ab730afbf3ea10b303418714a07e6350468ba06e9282b8d28", "size": 10141, "type": "file", "uid": 15399}
  actual:   MISSING
MISMATCH /usr/share/doc/tcl-8.6.16/TkLib/CoordToWin.htm
  expected: {"gid": 19249, "mode": 420, "path": "/usr/share/doc/tcl-8.6.16/TkLib/CoordToWin.htm", "sha256": "f79135fed57db427508bedb9806c59c101ae04f090c5fecf4ab01fd1d05eadad", "size": 3221, "type": "file", "uid": 15399}
  actual:   MISSING
MISMATCH /usr/share/doc/tcl-8.6.16/TkLib/CrtCmHdlr.htm
  expected: {"gid": 19249, "mode": 420, "path": "/usr/share/doc/tcl-8.6.16/TkLib/CrtCmHdlr.htm", "sha256": "6d96452fd41b9de52d3cb6586f469fdbea9e53ef5fea3dee4003058b82aa6951", "size": 4373, "type": "file", "uid": 15399}
  actual:   MISSING
MISMATCH /usr/share/doc/tcl-8.6.16/TkLib/CrtConsoleChan.htm
  expected: {"gid": 19249, "mode": 420, "path": "/usr/share/doc/tcl-8.6.16/TkLib/CrtConsoleChan.htm", "sha256": "10de3f559671e9ea77c22114215deb7533bfcc292fbcf9d019d4891ee7982b50", "size": 3086, "type": "file", "uid": 15399}
  actual:   MISSING
MISMATCH /usr/share/doc/tcl-8.6.16/TkLib/CrtErrHdlr.htm
  expected: {"gid": 19249, "mode": 420, "path": "/usr/share/doc/tcl-8.6.16/TkLib/CrtErrHdlr.htm", "sha256": "101ae4cb03b83a9826b91027c02c2358fdc18afa8b582f04edac032c27048e50", "size": 8687, "type": "file", "uid": 15399}
  actual:   MISSING
MISMATCH /usr/share/doc/tcl-8.6.16/TkLib/CrtGenHdlr.htm
  expected: {"gid": 19249, "mode": 420, "path": "/usr/share/doc/tcl-8.6.16/TkLib/CrtGenHdlr.htm", "sha256": "24fd7136058838861e798a99546910b3f057ec36458749058b2946b9fe7b63de", "size": 5110, "type": "file", "uid": 15399}
  actual:   MISSING
MISMATCH /usr/share/doc/tcl-8.6.16/TkLib/CrtImgType.htm
  expected: {"gid": 19249, "mode": 420, "path": "/usr/share/doc/tcl-8.6.16/TkLib/CrtImgType.htm", "sha256": "5194c9ddb57bb4884418013d4d6a91406a6d98e2e6ea4bbf0a8676c5499be9af", "size": 16518, "type": "file", "uid": 15399}
  actual:   MISSING
MISMATCH /usr/share/doc/tcl-8.6.16/TkLib/CrtItemType.htm
  expected: {"gid": 19249, "mode": 420, "path": "/usr/share/doc/tcl-8.6.16/TkLib/CrtItemType.htm", "sha256": "6ba83887b8acda86262c5ca370aaf3c608191257dc4ba88853995cb1b283f291", "size": 33145, "type": "file", "uid": 15399}
  actual:   MISSING
MISMATCH /usr/share/doc/tcl-8.6.16/TkLib/CrtPhImgFmt.htm
  expected: {"gid": 19249, "mode": 420, "path": "/usr/share/doc/tcl-8.6.16/TkLib/CrtPhImgFmt.htm", "sha256": "149ce1edf72a54c959a781951bb50c07fa3b8aedff4a7101a1cb1a3cfe85d454", "size": 15759, "type": "file", "uid": 15399}
  actual:   MISSING
MISMATCH /usr/share/doc/tcl-8.6.16/TkLib/CrtSelHdlr.htm
  expected: {"gid": 19249, "mode": 420, "path": "/usr/share/doc/tcl-8.6.16/TkLib/CrtSelHdlr.htm", "sha256": "63853e003a6ad10d98c565a7245db0e325522a8f00e20296946085fb5bcff496", "size": 6967, "type": "file", "uid": 15399}
  actual:   MISSING
MISMATCH /usr/share/doc/tcl-8.6.16/TkLib/CrtWindow.htm
  expected: {"gid": 19249, "mode": 420, "path": "/usr/share/doc/tcl-8.6.16/TkLib/CrtWindow.htm", "sha256": "14befb8c7e06b88f8f3728aa9eef00a13653f2a07a7767b039c16967cef6144e", "size": 9555, "type": "file", "uid": 15399}
  actual:   MISSING
MISMATCH /usr/share/doc/tcl-8.6.16/TkLib/DeleteImg.htm
  expected: {"gid": 19249, "mode": 420, "path": "/usr/share/doc/tcl-8.6.16/TkLib/DeleteImg.htm", "sha256": "5d8f1eb9f2f55fbf9e9303e92e4dd440a4b59bed65246e557ef25c8cd5b800ab", "size": 2300, "type": "file", "uid": 15399}
  actual:   MISSING
MISMATCH /usr/share/doc/tcl-8.6.16/TkLib/DrawFocHlt.htm
  expected: {"gid": 19249, "mode": 420, "path": "/usr/share/doc/tcl-8.6.16/TkLib/DrawFocHlt.htm", "sha256": "a3367d6ddf4b2e100ded4ca7361b9f19743f2bb269be0305c183799a41d39536", "size": 2591, "type": "file", "uid": 15399}
  actual:   MISSING
MISMATCH /usr/share/doc/tcl-8.6.16/TkLib/EventHndlr.htm
  expected: {"gid": 19249, "mode": 420, "path": "/usr/share/doc/tcl-8.6.16/TkLib/EventHndlr.htm", "sha256": "30708dced060a3984f8b4e2f01ba7291a516d2cca0cb1d5f4ad032329c29de43", "size": 4811, "type": "file", "uid": 15399}
  actual:   MISSING
MISMATCH /usr/share/doc/tcl-8.6.16/TkLib/FindPhoto.htm
  expected: {"gid": 19249, "mode": 420, "path": "/usr/share/doc/tcl-8.6.16/TkLib/FindPhoto.htm", "sha256": "92277144bb6e7bbf277ef1c1c676d75471e1bdc3ffc17d783dd8894244a39832", "size": 16411, "type": "file", "uid": 15399}
  actual:   MISSING
MISMATCH /usr/share/doc/tcl-8.6.16/TkLib/FontId.htm
  expected: {"gid": 19249, "mode": 420, "path": "/usr/share/doc/tcl-8.6.16/TkLib/FontId.htm", "sha256": "00468038031e3cf620119fbd5f90e0850f5727af61f8af2685fecfa6bd8cb3db", "size": 6107, "type": "file", "uid": 15399}
  actual:   MISSING
MISMATCH /usr/share/doc/tcl-8.6.16/TkLib/FreeXId.htm
  expected: {"gid": 19249, "mode": 420, "path": "/usr/share/doc/tcl-8.6.16/TkLib/FreeXId.htm", "sha256": "f1692af3323d649ae1ffc53e238b37e78dcc4d433335dd7c5d0e3d596c62f3b8", "size": 3356, "type": "file", "uid": 15399}
  actual:   MISSING
MISMATCH /usr/share/doc/tcl-8.6.16/TkLib/GeomReq.htm
  expected: {"gid": 19249, "mode": 420, "path": "/usr/share/doc/tcl-8.6.16/TkLib/GeomReq.htm", "sha256": "1b515a048b0d94d3afa746b133c206c2e18f02addffcd4af72eeb664133bb67c", "size": 6914, "type": "file", "uid": 15399}
  actual:   MISSING
MISMATCH /usr/share/doc/tcl-8.6.16/TkLib/GetAnchor.htm
  expected: {"gid": 19249, "mode": 420, "path": "/usr/share/doc/tcl-8.6.16/TkLib/GetAnchor.htm", "sha256": "f9f5acf888b5a04f1449ac4f786e0a55986c13c32f401700482395dc6e6eeb6e", "size": 5624, "type": "file", "uid": 15399}
  actual:   MISSING
MISMATCH /usr/share/doc/tcl-8.6.16/TkLib/GetBitmap.htm
  expected: {"gid": 19249, "mode": 420, "path": "/usr/share/doc/tcl-8.6.16/TkLib/GetBitmap.htm", "sha256": "0a6f7a8cbf1167ab720400528759dba9977e6898a50579bf4a84c5281b8e15ce", "size": 16094, "type": "file", "uid": 15399}
  actual:   MISSING
MISMATCH /usr/share/doc/tcl-8.6.16/TkLib/GetCapStyl.htm
  expected: {"gid": 19249, "mode": 420, "path": "/usr/share/doc/tcl-8.6.16/TkLib/GetCapStyl.htm", "sha256": "e978d64844f47d584e79ac0b461fbcc38cfa7f6724234ed2c729c3235de022d7", "size": 4362, "type": "file", "uid": 15399}
  actual:   MISSING
MISMATCH /usr/share/doc/tcl-8.6.16/TkLib/GetClrmap.htm
  expected: {"gid": 19249, "mode": 420, "path": "/usr/share/doc/tcl-8.6.16/TkLib/GetClrmap.htm", "sha256": "db29daf0e66893a7624932c6123374e28f0dc07f8528f08ae779e7663aba0ec6", "size": 5532, "type": "file", "uid": 15399}
  actual:   MISSING
MISMATCH /usr/share/doc/tcl-8.6.16/TkLib/GetColor.htm
  expected: {"gid": 19249, "mode": 420, "path": "/usr/share/doc/tcl-8.6.16/TkLib/GetColor.htm", "sha256": "5b749885ab3a9c7820ff531c6fa0214d27da719c742e19b8ff75b9224cfd0a57", "size": 10845, "type": "file", "uid": 15399}
  actual:   MISSING
MISMATCH /usr/share/doc/tcl-8.6.16/TkLib/GetCursor.htm
  expected: {"gid": 19249, "mode": 420, "path": "/usr/share/doc/tcl-8.6.16/TkLib/GetCursor.htm", "sha256": "d7cd341a8f0d430d19f8f3ebbacb34aa67a2eb76fb50e45996a275600dc2edb3", "size": 13963, "type": "file", "uid": 15399}
  actual:   MISSING
MISMATCH /usr/share/doc/tcl-8.6.16/TkLib/GetDash.htm
  expected: {"gid": 19249, "mode": 420, "path": "/usr/share/doc/tcl-8.6.16/TkLib/GetDash.htm", "sha256": "401857aea364e2a99c03b95fafee458064ab3af704ecae33dd472c1944ddbfc8", "size": 4886, "type": "file", "uid": 15399}
  actual:   MISSING
MISMATCH /usr/share/doc/tcl-8.6.16/TkLib/GetFont.htm
  expected: {"gid": 19249, "mode": 420, "path": "/usr/share/doc/tcl-8.6.16/TkLib/GetFont.htm", "sha256": "de2c884ea6f390f05cc5138fecc276a38bdc4c744fde4ef3500dd7bbea336c4f", "size": 7274, "type": "file", "uid": 15399}
  actual:   MISSING
MISMATCH /usr/share/doc/tcl-8.6.16/TkLib/GetGC.htm
  expected: {"gid": 19249, "mode": 420, "path": "/usr/share/doc/tcl-8.6.16/TkLib/GetGC.htm", "sha256": "7143fd3a0d4ce04071a4e4c33afe017e258934347d2a660f422b656605844944", "size": 4244, "type": "file", "uid": 15399}
  actual:   MISSING
MISMATCH /usr/share/doc/tcl-8.6.16/TkLib/GetHINSTANCE.htm
  expected: {"gid": 19249, "mode": 420, "path": "/usr/share/doc/tcl-8.6.16/TkLib/GetHINSTANCE.htm", "sha256": "9d9de6d2b57489e2d7ec01d815f4b99cdff94940b5959547b79d8b82bdccda90", "size": 2001, "type": "file", "uid": 15399}
  actual:   MISSING
MISMATCH /usr/share/doc/tcl-8.6.16/TkLib/GetHWND.htm
  expected: {"gid": 19249, "mode": 420, "path": "/usr/share/doc/tcl-8.6.16/TkLib/GetHWND.htm", "sha256": "4176a309483d030b6d3f6b7d5e06a4631a862bbb83aa870ce713c0f1b13a7712", "size": 2499, "type": "file", "uid": 15399}
  actual:   MISSING
MISMATCH /usr/share/doc/tcl-8.6.16/TkLib/GetImage.htm
  expected: {"gid": 19249, "mode": 420, "path": "/usr/share/doc/tcl-8.6.16/TkLib/GetImage.htm", "sha256": "4159c43b210d7ea335714c6853f575bcba1c856ee57dcaa1605551fdf8ab3e87", "size": 7704, "type": "file", "uid": 15399}
  actual:   MISSING
MISMATCH /usr/share/doc/tcl-8.6.16/TkLib/GetJoinStl.htm
  expected: {"gid": 19249, "mode": 420, "path": "/usr/share/doc/tcl-8.6.16/TkLib/GetJoinStl.htm", "sha256": "b923f5a6ed97dec1e6204f3a73cb6495d4fc932f521fb3d7c6b1f30c8f5e8cfd", "size": 4413, "type": "file", "uid": 15399}
  actual:   MISSING
MISMATCH /usr/share/doc/tcl-8.6.16/TkLib/GetJustify.htm
  expected: {"gid": 19249, "mode": 420, "path": "/usr/share/doc/tcl-8.6.16/TkLib/GetJustify.htm", "sha256": "f1c5a8894ef3f0f32b653fe4a79b3d76dcd7ce9f3379f563abe2e853125696ce", "size": 6006, "type": "file", "uid": 15399}
  actual:   MISSING
MISMATCH /usr/share/doc/tcl-8.6.16/TkLib/GetOption.htm
  expected: {"gid": 19249, "mode": 420, "path": "/usr/share/doc/tcl-8.6.16/TkLib/GetOption.htm", "sha256": "23fbfe53c88156bf29421dab7e7294dcb9927c67d01121883420635ae84bccf9", "size": 3014, "type": "file", "uid": 15399}
  actual:   MISSING
MISMATCH /usr/share/doc/tcl-8.6.16/TkLib/GetPixels.htm
  expected: {"gid": 19249, "mode": 420, "path": "/usr/share/doc/tcl-8.6.16/TkLib/GetPixels.htm", "sha256": "c4d7ca14624b2165dd9e30d1bcf28c4bb7ea98a995ad425e9761de944e28d0dc", "size": 6648, "type": "file", "uid": 15399}
  actual:   MISSING
MISMATCH /usr/share/doc/tcl-8.6.16/TkLib/GetPixmap.htm
  expected: {"gid": 19249, "mode": 420, "path": "/usr/share/doc/tcl-8.6.16/TkLib/GetPixmap.htm", "sha256": "a49d61cd2f1027764939fd55a7f61eaedb1452aec9791dfe16281f790137b47b", "size": 3183, "type": "file", "uid": 15399}
  actual:   MISSING
MISMATCH /usr/share/doc/tcl-8.6.16/TkLib/GetRelief.htm
  expected: {"gid": 19249, "mode": 420, "path": "/usr/share/doc/tcl-8.6.16/TkLib/GetRelief.htm", "sha256": "f9670cbf4080806fbed201d84c8abae73519c4712035c5994d4db11cd04604a4", "size": 5355, "type": "file", "uid": 15399}
  actual:   MISSING
MISMATCH /usr/share/doc/tcl-8.6.16/TkLib/GetRootCrd.htm
  expected: {"gid": 19249, "mode": 420, "path": "/usr/share/doc/tcl-8.6.16/TkLib/GetRootCrd.htm", "sha256": "2d8df2cf6bfe2394984b5114f0e2d612b4c985d454b721c8d17f27036a3bc8c6", "size": 2810, "type": "file", "uid": 15399}
  actual:   MISSING
MISMATCH /usr/share/doc/tcl-8.6.16/TkLib/GetScroll.htm
  expected: {"gid": 19249, "mode": 420, "path": "/usr/share/doc/tcl-8.6.16/TkLib/GetScroll.htm", "sha256": "4567256fbfe4d825ebf01ef6733e20eff353cf9863710bfed8271eb543c4db07", "size": 5335, "type": "file", "uid": 15399}
  actual:   MISSING
MISMATCH /usr/share/doc/tcl-8.6.16/TkLib/GetSelect.htm
  expected: {"gid": 19249, "mode": 420, "path": "/usr/share/doc/tcl-8.6.16/TkLib/GetSelect.htm", "sha256": "a1078fd1207a7afc9526167e8048c543552f916ead7ad3c46428c69c32816b24", "size": 4977, "type": "file", "uid": 15399}
  actual:   MISSING
MISMATCH /usr/share/doc/tcl-8.6.16/TkLib/GetUid.htm
  expected: {"gid": 19249, "mode": 420, "path": "/usr/share/doc/tcl-8.6.16/TkLib/GetUid.htm", "sha256": "971c6274d9241b04289172af3929c88280092f7e21b9bf56ea87ef719144ebcf", "size": 3016, "type": "file", "uid": 15399}
  actual:   MISSING
MISMATCH /usr/share/doc/tcl-8.6.16/TkLib/GetVRoot.htm
  expected: {"gid": 19249, "mode": 420, "path": "/usr/share/doc/tcl-8.6.16/TkLib/GetVRoot.htm", "sha256": "2b5f28c1354e8a97c2c34a932ece13b46e1def02a31dde7174954889427045d9", "size": 3466, "type": "file", "uid": 15399}
  actual:   MISSING
MISMATCH /usr/share/doc/tcl-8.6.16/TkLib/GetVisual.htm
  expected: {"gid": 19249, "mode": 420, "path": "/usr/share/doc/tcl-8.6.16/TkLib/GetVisual.htm", "sha256": "3ea5928958385863d3e06582756da5a5fa375e1a65846774bbfd3a9906158555", "size": 6374, "type": "file", "uid": 15399}
  actual:   MISSING
MISMATCH /usr/share/doc/tcl-8.6.16/TkLib/Grab.htm
  expected: {"gid": 19249, "mode": 420, "path": "/usr/share/doc/tcl-8.6.16/TkLib/Grab.htm", "sha256": "df61bc9f46322ccaa24097391b300a007672f3ae39a5d18314c622307a753747", "size": 4574, "type": "file", "uid": 15399}
  actual:   MISSING
MISMATCH /usr/share/doc/tcl-8.6.16/TkLib/HWNDToWindow.htm
  expected: {"gid": 19249, "mode": 420, "path": "/usr/share/doc/tcl-8.6.16/TkLib/HWNDToWindow.htm", "sha256": "ba87a59a54d50781dea6269b4e2ef8e1a045cd7ca1b22052ad68588df7339d53", "size": 2241, "type": "file", "uid": 15399}
  actual:   MISSING
MISMATCH /usr/share/doc/tcl-8.6.16/TkLib/HandleEvent.htm
  expected: {"gid": 19249, "mode": 420, "path": "/usr/share/doc/tcl-8.6.16/TkLib/HandleEvent.htm", "sha256": "546ad9b759f34f665f5e15393fb756baf465bb8094299aef042df81a3a1f5986", "size": 3340, "type": "file", "uid": 15399}
  actual:   MISSING
MISMATCH /usr/share/doc/tcl-8.6.16/TkLib/IdToWindow.htm
  expected: {"gid": 19249, "mode": 420, "path": "/usr/share/doc/tcl-8.6.16/TkLib/IdToWindow.htm", "sha256": "e12353b48759a3f8a29b8f942d9736c7e071e499b5e8183ffa783886bcc20d6c", "size": 2309, "type": "file", "uid": 15399}
  actual:   MISSING
MISMATCH /usr/share/doc/tcl-8.6.16/TkLib/ImgChanged.htm
  expected: {"gid": 19249, "mode": 420, "path": "/usr/share/doc/tcl-8.6.16/TkLib/ImgChanged.htm", "sha256": "c7b2b40a19f82616f9bc80d247b99939cbe10e7ecad0dc02656bd363fc337d0a", "size": 4156, "type": "file", "uid": 15399}
  actual:   MISSING
MISMATCH /usr/share/doc/tcl-8.6.16/TkLib/Inactive.htm
  expected: {"gid": 19249, "mode": 420, "path": "/usr/share/doc/tcl-8.6.16/TkLib/Inactive.htm", "sha256": "5483089ee9d135b0acabace2d0a658adc293ac3740452ce5c4b6528339a30064", "size": 2590, "type": "file", "uid": 15399}
  actual:   MISSING
MISMATCH /usr/share/doc/tcl-8.6.16/TkLib/InternAtom.htm
  expected: {"gid": 19249, "mode": 420, "path": "/usr/share/doc/tcl-8.6.16/TkLib/InternAtom.htm", "sha256": "d302d430876feea2b0bf6dbf5eace48da3be3dc23f7a8fd37f26a3877f1caf3a", "size": 4017, "type": "file", "uid": 15399}
  actual:   MISSING
MISMATCH /usr/share/doc/tcl-8.6.16/TkLib/MainLoop.htm
  expected: {"gid": 19249, "mode": 420, "path": "/usr/share/doc/tcl-8.6.16/TkLib/MainLoop.htm", "sha256": "618e7a442c6b4557486770091394346d2bb39053f9adbd9256b7e51c651543f8", "size": 2393, "type": "file", "uid": 15399}
  actual:   MISSING
MISMATCH /usr/share/doc/tcl-8.6.16/TkLib/MainWin.htm
  expected: {"gid": 19249, "mode": 420, "path": "/usr/share/doc/tcl-8.6.16/TkLib/MainWin.htm", "sha256": "358c3497d1725b127968f80788e308370e51ff8725dd55c4566e15eb808c6a99", "size": 2717, "type": "file", "uid": 15399}
  actual:   MISSING
MISMATCH /usr/share/doc/tcl-8.6.16/TkLib/MaintGeom.htm
  expected: {"gid": 19249, "mode": 420, "path": "/usr/share/doc/tcl-8.6.16/TkLib/MaintGeom.htm", "sha256": "9a3570b9853d70863c7e07626b205223abea3c9d3fbd6e4605faa7570a6696df", "size": 6710, "type": "file", "uid": 15399}
  actual:   MISSING
MISMATCH /usr/share/doc/tcl-8.6.16/TkLib/ManageGeom.htm
  expected: {"gid": 19249, "mode": 420, "path": "/usr/share/doc/tcl-8.6.16/TkLib/ManageGeom.htm", "sha256": "68113877e33bcc812d3ec7af6d6ca92fed36283aad13e9c29ffa57c1cd7abdc8", "size": 5320, "type": "file", "uid": 15399}
  actual:   MISSING
MISMATCH /usr/share/doc/tcl-8.6.16/TkLib/MapWindow.htm
  expected: {"gid": 19249, "mode": 420, "path": "/usr/share/doc/tcl-8.6.16/TkLib/MapWindow.htm", "sha256": "4f67123a7c831e44204573d0b44a86a7dc6bec717e641bfa627de044bd8221dc", "size": 3208, "type": "file", "uid": 15399}
  actual:   MISSING
MISMATCH /usr/share/doc/tcl-8.6.16/TkLib/MeasureChar.htm
  expected: {"gid": 19249, "mode": 420, "path": "/usr/share/doc/tcl-8.6.16/TkLib/MeasureChar.htm", "sha256": "cc16e18f3109c6dafb0a1fa0ea56ac9ed358df1fde4017f04350637993239a69", "size": 8764, "type": "file", "uid": 15399}
  actual:   MISSING
MISMATCH /usr/share/doc/tcl-8.6.16/TkLib/MoveToplev.htm
  expected: {"gid": 19249, "mode": 420, "path": "/usr/share/doc/tcl-8.6.16/TkLib/MoveToplev.htm", "sha256": "d1848903ad259a9a0bff7a538e9ad8789004264ebd5586cdcb0ebd7ed5223cab", "size": 3771, "type": "file", "uid": 15399}
  actual:   MISSING
MISMATCH /usr/share/doc/tcl-8.6.16/TkLib/Name.htm
  expected: {"gid": 19249, "mode": 420, "path": "/usr/share/doc/tcl-8.6.16/TkLib/Name.htm", "sha256": "8aa9e48ee766e5d9cccbf11f3c987b387173c56e958005f840b4b535ecc0793e", "size": 5620, "type": "file", "uid": 15399}
  actual:   MISSING
MISMATCH /usr/share/doc/tcl-8.6.16/TkLib/NameOfImg.htm
  expected: {"gid": 19249, "mode": 420, "path": "/usr/share/doc/tcl-8.6.16/TkLib/NameOfImg.htm", "sha256": "321bf657951871011f28fdf3f2061f55471172a6a05b55d9af355ed4a365ed03", "size": 2378, "type": "file", "uid": 15399}
  actual:   MISSING
MISMATCH /usr/share/doc/tcl-8.6.16/TkLib/OwnSelect.htm
  expected: {"gid": 19249, "mode": 420, "path": "/usr/share/doc/tcl-8.6.16/TkLib/OwnSelect.htm", "sha256": "dcbbdbcf1b27235fcc5394ad2217c7e0f9f40ecdca1d5b102ad45c6a29aa4bce", "size": 3367, "type": "file", "uid": 15399}
  actual:   MISSING
MISMATCH /usr/share/doc/tcl-8.6.16/TkLib/ParseArgv.htm
  expected: {"gid": 19249, "mode": 420, "path": "/usr/share/doc/tcl-8.6.16/TkLib/ParseArgv.htm", "sha256": "0e7bea1602367a34312b955252d454aa7025f2af89a9759be8c3cf3c7bbe0968", "size": 19432, "type": "file", "uid": 15399}
  actual:   MISSING
MISMATCH /usr/share/doc/tcl-8.6.16/TkLib/QWinEvent.htm
  expected: {"gid": 19249, "mode": 420, "path": "/usr/share/doc/tcl-8.6.16/TkLib/QWinEvent.htm", "sha256": "02198fbbe805f068dd9201cc55ca7c9bf5c5673497a9f9e19a68ccdac76fa0cf", "size": 3629, "type": "file", "uid": 15399}
  actual:   MISSING
MISMATCH /usr/share/doc/tcl-8.6.16/TkLib/Restack.htm
  expected: {"gid": 19249, "mode": 420, "path": "/usr/share/doc/tcl-8.6.16/TkLib/Restack.htm", "sha256": "ce538aecb5a99beaa8da611df46aed31ddb94e5583100d4d820d4df4cb758759", "size": 3178, "type": "file", "uid": 15399}
  actual:   MISSING
MISMATCH /usr/share/doc/tcl-8.6.16/TkLib/RestrictEv.htm
  expected: {"gid": 19249, "mode": 420, "path": "/usr/share/doc/tcl-8.6.16/TkLib/RestrictEv.htm", "sha256": "1e7374dcbcb0439dd44cb3ba1131f8cba545ee85b73d67f783e435ff4cfb394d", "size": 5270, "type": "file", "uid": 15399}
  actual:   MISSING
MISMATCH /usr/share/doc/tcl-8.6.16/TkLib/SetAppName.htm
  expected: {"gid": 19249, "mode": 420, "path": "/usr/share/doc/tcl-8.6.16/TkLib/SetAppName.htm", "sha256": "1e688fd9cf14ef15f8e433e6554e4dc78bd65c3be0a3783afa98f645461512de", "size": 4077, "type": "file", "uid": 15399}
  actual:   MISSING
MISMATCH /usr/share/doc/tcl-8.6.16/TkLib/SetCaret.htm
  expected: {"gid": 19249, "mode": 420, "path": "/usr/share/doc/tcl-8.6.16/TkLib/SetCaret.htm", "sha256": "5374ca5e7f0b42e862ce3152114c7a6d093ff772e73ac394f1d5f26f066e0e91", "size": 2529, "type": "file", "uid": 15399}
  actual:   MISSING
MISMATCH /usr/share/doc/tcl-8.6.16/TkLib/SetClass.htm
  expected: {"gid": 19249, "mode": 420, "path": "/usr/share/doc/tcl-8.6.16/TkLib/SetClass.htm", "sha256": "ecdfaf215ec23b96de89c62c3f0fc973dfc631f01e0916c28a654518586dc71e", "size": 3695, "type": "file", "uid": 15399}
  actual:   MISSING
MISMATCH /usr/share/doc/tcl-8.6.16/TkLib/SetClassProcs.htm
  expected: {"gid": 19249, "mode": 420, "path": "/usr/share/doc/tcl-8.6.16/TkLib/SetClassProcs.htm", "sha256": "389179c7bbfd97c0a104ddc1ddd1de1a32f5bc70646f9864d925f993874aea26", "size": 4935, "type": "file", "uid": 15399}
  actual:   MISSING
MISMATCH /usr/share/doc/tcl-8.6.16/TkLib/SetGrid.htm
  expected: {"gid": 19249, "mode": 420, "path": "/usr/share/doc/tcl-8.6.16/TkLib/SetGrid.htm", "sha256": "b3e7b102ba79922d36313b0108ee695a403a2ed49add0e3e3d9a2d3c7a3c30e2", "size": 3981, "type": "file", "uid": 15399}
  actual:   MISSING
MISMATCH /usr/share/doc/tcl-8.6.16/TkLib/SetOptions.htm
  expected: {"gid": 19249, "mode": 420, "path": "/usr/share/doc/tcl-8.6.16/TkLib/SetOptions.htm", "sha256": "be1a073bbfea5aaea75a44410e18a20662c9dbc590404c01ce2ab015eaa062e9", "size": 42334, "type": "file", "uid": 15399}
  actual:   MISSING
MISMATCH /usr/share/doc/tcl-8.6.16/TkLib/SetVisual.htm
  expected: {"gid": 19249, "mode": 420, "path": "/usr/share/doc/tcl-8.6.16/TkLib/SetVisual.htm", "sha256": "34119aff3d1336288644a1b5f5d188c75a364cef1b9c8e546b04dcd7fea2c228", "size": 3450, "type": "file", "uid": 15399}
  actual:   MISSING
MISMATCH /usr/share/doc/tcl-8.6.16/TkLib/StrictMotif.htm
  expected: {"gid": 19249, "mode": 420, "path": "/usr/share/doc/tcl-8.6.16/TkLib/StrictMotif.htm", "sha256": "4be8c2b2109cc05fc2a47f2cb26a628328f271dabb9fb035443c6c0a5e2f47be", "size": 2644, "type": "file", "uid": 15399}
  actual:   MISSING
MISMATCH /usr/share/doc/tcl-8.6.16/TkLib/TextLayout.htm
  expected: {"gid": 19249, "mode": 420, "path": "/usr/share/doc/tcl-8.6.16/TkLib/TextLayout.htm", "sha256": "0ecc0529c8048570bdca39e1b0b529f862294a201b5e54c032ea021809913086", "size": 18079, "type": "file", "uid": 15399}
  actual:   MISSING
MISMATCH /usr/share/doc/tcl-8.6.16/TkLib/TkInitStubs.htm
  expected: {"gid": 19249, "mode": 420, "path": "/usr/share/doc/tcl-8.6.16/TkLib/TkInitStubs.htm", "sha256": "df1dbce3e75323285d7607f72fc94b3fe3a51f7a68c27a72e7b6389d3f6fef24", "size": 5386, "type": "file", "uid": 15399}
  actual:   MISSING
MISMATCH /usr/share/doc/tcl-8.6.16/TkLib/Tk_Init.htm
  expected: {"gid": 19249, "mode": 420, "path": "/usr/share/doc/tcl-8.6.16/TkLib/Tk_Init.htm", "sha256": "170cd4d781de4cd10c48375b7c3f2b1efb0a88511009e338ef35612e4cc2fd50", "size": 5874, "type": "file", "uid": 15399}
  actual:   MISSING
MISMATCH /usr/share/doc/tcl-8.6.16/TkLib/Tk_Main.htm
  expected: {"gid": 19249, "mode": 420, "path": "/usr/share/doc/tcl-8.6.16/TkLib/Tk_Main.htm", "sha256": "d443ab6e76f811d479405ecc777a32aca693171a09b69efe8a159ad16a899739", "size": 4735, "type": "file", "uid": 15399}
  actual:   MISSING
MISMATCH /usr/share/doc/tcl-8.6.16/TkLib/WindowId.htm
  expected: {"gid": 19249, "mode": 420, "path": "/usr/share/doc/tcl-8.6.16/TkLib/WindowId.htm", "sha256": "567f7017b28a60b184324fe0ef5ddc5e0fdda1e7dba23c5124ac4aa0ec7a8f5a", "size": 10749, "type": "file", "uid": 15399}
  actual:   MISSING
MISMATCH /usr/share/doc/tcl-8.6.16/TkLib/contents.htm
  expected: {"gid": 19249, "mode": 420, "path": "/usr/share/doc/tcl-8.6.16/TkLib/contents.htm", "sha256": "ad0d9535598251a710d3be5657c379a1a42ea386a22b9c8d815bdd220fe4a826", "size": 31627, "type": "file", "uid": 15399}
  actual:   MISSING
MISMATCH /usr/share/doc/tcl-8.6.16/TkLib/ttk_Geometry.htm
  expected: {"gid": 19249, "mode": 420, "path": "/usr/share/doc/tcl-8.6.16/TkLib/ttk_Geometry.htm", "sha256": "023b1f80b6efba88f3bad787e7d7c7e9a796577672b9b0ae7e8d5839a476e357", "size": 13814, "type": "file", "uid": 15399}
  actual:   MISSING
MISMATCH /usr/share/doc/tcl-8.6.16/TkLib/ttk_Theme.htm
  expected: {"gid": 19249, "mode": 420, "path": "/usr/share/doc/tcl-8.6.16/TkLib/ttk_Theme.htm", "sha256": "771d9c73b060076026fcd258b286d12995854db1c77a6fbd028192fa5d1dc87a", "size": 2394, "type": "file", "uid": 15399}
  actual:   MISSING
MISMATCH /usr/share/doc/tcl-8.6.16/UserCmd
  expected: {"gid": 19249, "mode": 493, "path": "/usr/share/doc/tcl-8.6.16/UserCmd", "type": "directory", "uid": 15399}
  actual:   MISSING
MISMATCH /usr/share/doc/tcl-8.6.16/UserCmd/contents.htm
  expected: {"gid": 19249, "mode": 420, "path": "/usr/share/doc/tcl-8.6.16/UserCmd/contents.htm", "sha256": "dcbb3b4ac9fbdd8edf7871fd544b680702af45f20472be6a4adf934591dfe252", "size": 1574, "type": "file", "uid": 15399}
  actual:   MISSING
MISMATCH /usr/share/doc/tcl-8.6.16/UserCmd/tclsh.htm
  expected: {"gid": 19249, "mode": 420, "path": "/usr/share/doc/tcl-8.6.16/UserCmd/tclsh.htm", "sha256": "5d39305c41e7443315519628e6e5472217dee6cc2aac6c0eb91a61536cb83a0f", "size": 9136, "type": "file", "uid": 15399}
  actual:   MISSING
MISMATCH /usr/share/doc/tcl-8.6.16/UserCmd/wish.htm
  expected: {"gid": 19249, "mode": 420, "path": "/usr/share/doc/tcl-8.6.16/UserCmd/wish.htm", "sha256": "d26314929f77b78b6b80f6d33aa58960697addecd7aee03af4194ef1905d54b0", "size": 14052, "type": "file", "uid": 15399}
  actual:   MISSING
MISMATCH /usr/share/doc/tcl-8.6.16/contents.htm
  expected: {"gid": 19249, "mode": 420, "path": "/usr/share/doc/tcl-8.6.16/contents.htm", "sha256": "7114746867ca5af432d3beff19898b5802a6e613131a2ca69f662f28506b5f09", "size": 4435, "type": "file", "uid": 15399}
  actual:   MISSING
MISMATCH /usr/share/doc/tcl-8.6.16/docs.css
  expected: {"gid": 19249, "mode": 420, "path": "/usr/share/doc/tcl-8.6.16/docs.css", "sha256": "64220c1cc88fcdbe30d8ea36d2802c1a076f969fea47616520ba3296de8f17db", "size": 1587, "type": "file", "uid": 15399}
  actual:   MISSING
package=tcl version=8.6.16 entries=1688 matched=1179 mismatched=509
